-- MySQL dump 10.13  Distrib 8.0.31, for Win64 (x86_64)
--
-- Host: localhost    Database: swole
-- ------------------------------------------------------
-- Server version	8.0.31

/*!40101 SET @OLD_CHARACTER_SET_CLIENT=@@CHARACTER_SET_CLIENT */;
/*!40101 SET @OLD_CHARACTER_SET_RESULTS=@@CHARACTER_SET_RESULTS */;
/*!40101 SET @OLD_COLLATION_CONNECTION=@@COLLATION_CONNECTION */;
/*!50503 SET NAMES utf8 */;
/*!40103 SET @OLD_TIME_ZONE=@@TIME_ZONE */;
/*!40103 SET TIME_ZONE='+00:00' */;
/*!40014 SET @OLD_UNIQUE_CHECKS=@@UNIQUE_CHECKS, UNIQUE_CHECKS=0 */;
/*!40014 SET @OLD_FOREIGN_KEY_CHECKS=@@FOREIGN_KEY_CHECKS, FOREIGN_KEY_CHECKS=0 */;
/*!40101 SET @OLD_SQL_MODE=@@SQL_MODE, SQL_MODE='NO_AUTO_VALUE_ON_ZERO' */;
/*!40111 SET @OLD_SQL_NOTES=@@SQL_NOTES, SQL_NOTES=0 */;

--
-- Table structure for table `allows`
--

DROP TABLE IF EXISTS `allows`;
/*!40101 SET @saved_cs_client     = @@character_set_client */;
/*!50503 SET character_set_client = utf8mb4 */;
CREATE TABLE `allows` (
  `exercise_name` varchar(255) NOT NULL,
  `machine_name` varchar(255) NOT NULL,
  PRIMARY KEY (`exercise_name`,`machine_name`),
  KEY `machine_name` (`machine_name`),
  CONSTRAINT `allows_ibfk_1` FOREIGN KEY (`exercise_name`) REFERENCES `exercise` (`exercise_name`),
  CONSTRAINT `allows_ibfk_2` FOREIGN KEY (`machine_name`) REFERENCES `machine` (`machine_name`)
) ENGINE=InnoDB DEFAULT CHARSET=utf8mb4 COLLATE=utf8mb4_0900_ai_ci;
/*!40101 SET character_set_client = @saved_cs_client */;

--
-- Dumping data for table `allows`
--

LOCK TABLES `allows` WRITE;
/*!40000 ALTER TABLE `allows` DISABLE KEYS */;
INSERT INTO `allows` VALUES ('4fanpuwpd6','03o2gk9vh4'),('800v28tc3l','03o2gk9vh4'),('eub4ss8kq8','03o2gk9vh4'),('g1z86ejowo','03o2gk9vh4'),('ylwfk43vbo','03o2gk9vh4'),('0eahv0x986','0j133x0w9x'),('0q0u4dyhsl','0j133x0w9x'),('61dgs6bfyq','0j133x0w9x'),('bwr7n4lpuw','0j133x0w9x'),('l6ge68bqpd','0j133x0w9x'),('lxsltvr538','0j133x0w9x'),('qauxtprm3z','0j133x0w9x'),('r7rmmqb9zu','0j133x0w9x'),('t6x27ol59e','0j133x0w9x'),('ulpvgbbz3j','0j133x0w9x'),('vtxtll72f3','0j133x0w9x'),('4a7hh2uoh0','0n30m99w8e'),('7apx766jf4','0n30m99w8e'),('8m79xm2gq1','0n30m99w8e'),('9by5ywtha2','0n30m99w8e'),('n8d3ybwzqs','0n30m99w8e'),('n8jqpqnnql','0n30m99w8e'),('nnq4aqemuo','0n30m99w8e'),('ttyw5lp67w','0n30m99w8e'),('x86fo4r8h4','0n30m99w8e'),('yrg5bhxmcb','0n30m99w8e'),('z6kztui54l','0n30m99w8e'),('072b2qwthg','1fsfry42ds'),('4b5td2008l','1fsfry42ds'),('60x9onijql','1fsfry42ds'),('b9pe9vg6r9','1fsfry42ds'),('d5mu1l7czx','1fsfry42ds'),('e7p3te35tv','1fsfry42ds'),('veggtjqzil','1fsfry42ds'),('06k8k8mkgv','1fxmlp6se3'),('1z5zp5seno','1fxmlp6se3'),('2ywrnk6uvo','1fxmlp6se3'),('5isisrq14z','1fxmlp6se3'),('dhhk9r7t20','1fxmlp6se3'),('j26p550gm5','1fxmlp6se3'),('x7dfmikbtk','1fxmlp6se3'),('yssq7ie069','1fxmlp6se3'),('z6kztui54l','1fxmlp6se3'),('06gdpikxx5','1lr1jv7vts'),('1x2bri0jjx','1lr1jv7vts'),('2bz40mripo','1lr1jv7vts'),('e8121sxop0','1lr1jv7vts'),('jppznzz5yg','1lr1jv7vts'),('lvxrt9j46q','1lr1jv7vts'),('mk5kv3ihex','1lr1jv7vts'),('pqih2mhkkt','1lr1jv7vts'),('qmynqyddod','1lr1jv7vts'),('v3jtc0gagt','1lr1jv7vts'),('z79rrud6lp','1lr1jv7vts'),('3ahqps0ctn','1p7084n4i1'),('48txpuo8zq','1p7084n4i1'),('auxp05ebew','1p7084n4i1'),('galapalkfn','1p7084n4i1'),('makpv530gs','1p7084n4i1'),('maobty2cjk','1p7084n4i1'),('mivgimslb8','1p7084n4i1'),('qt4y4q1rzq','1p7084n4i1'),('8cpfp3hxva','22bkdo0tvd'),('isuofcisf9','22bkdo0tvd'),('uxrr1wlcnt','22bkdo0tvd'),('wopo5jl06q','22bkdo0tvd'),('xde8v9wzcl','22bkdo0tvd'),('zug2rz3rta','22bkdo0tvd'),('35rar5ds1t','29pmdg7cww'),('4hsozbgn6w','29pmdg7cww'),('5ki4an34d2','29pmdg7cww'),('c67czctlk3','29pmdg7cww'),('fqpndo3w72','29pmdg7cww'),('h54tdhf8aa','29pmdg7cww'),('ivhp3ecdte','29pmdg7cww'),('jcz14r2swx','29pmdg7cww'),('ksd6weeqz2','29pmdg7cww'),('pgt5jkzk8c','29pmdg7cww'),('sv74mst7lr','29pmdg7cww'),('wt6giafs97','29pmdg7cww'),('08orc5w4xu','2kzpblu076'),('f83fdic6mb','2kzpblu076'),('nofncqnnwq','2kzpblu076'),('rizhphgh95','2kzpblu076'),('uukuztudxt','2kzpblu076'),('ahc6dhgf0c','2nmgmi13bp'),('asrp5hx0u9','2nmgmi13bp'),('ddc6r5kczt','2nmgmi13bp'),('ea7cka5tgp','2nmgmi13bp'),('es5mmv3kff','2nmgmi13bp'),('evmzbehxdp','2nmgmi13bp'),('evvcjgnvs7','2nmgmi13bp'),('k3pbr3ldt4','2nmgmi13bp'),('mp44p2d4ux','2nmgmi13bp'),('ped54f2jc9','2nmgmi13bp'),('vtxtll72f3','2nmgmi13bp'),('047hwu5d7j','2obcfet7rh'),('0u7nzc0bh2','2obcfet7rh'),('3xvite4cfe','2obcfet7rh'),('6pvhqsbbbv','2obcfet7rh'),('9295z5pk5j','2obcfet7rh'),('at48z9d37h','2obcfet7rh'),('bzlttpo3d6','2obcfet7rh'),('l17kown2pb','2obcfet7rh'),('savv3uqtrd','2obcfet7rh'),('x7dfmikbtk','2obcfet7rh'),('zfzn2hmu18','2obcfet7rh'),('3xgl8yzy28','2wtk7yekhp'),('6i9av4qx1s','2wtk7yekhp'),('92w2e5sv5y','2wtk7yekhp'),('esglxa4hev','2wtk7yekhp'),('gmhcwjj42z','2wtk7yekhp'),('ms076mp3ct','2wtk7yekhp'),('mxp1178suw','2wtk7yekhp'),('rltefvb28y','2wtk7yekhp'),('uukuztudxt','2wtk7yekhp'),('v4xr8lz9xu','2wtk7yekhp'),('yssq7ie069','2wtk7yekhp'),('3nqklwyrg8','38nkz3w6mi'),('3zmi9hsfu6','38nkz3w6mi'),('9n2rmsmz15','38nkz3w6mi'),('afvqi34q68','38nkz3w6mi'),('jcz14r2swx','38nkz3w6mi'),('kf87d2c1mm','38nkz3w6mi'),('o0cnxrih37','38nkz3w6mi'),('w3f7qzyutt','38nkz3w6mi'),('zafey0aw3n','38nkz3w6mi'),('zfpk1gb3zz','38nkz3w6mi'),('4v7nmfpmi6','3bwdhthldw'),('5pp8rner5f','3bwdhthldw'),('5uzxpiwoyj','3bwdhthldw'),('e2kca8pcd8','3bwdhthldw'),('r7p825ipa1','3bwdhthldw'),('to2z6vfoym','3bwdhthldw'),('vecn9i77c5','3bwdhthldw'),('x7nw1traeo','3bwdhthldw'),('y49qimhnx4','3bwdhthldw'),('0l1jel5p3g','3sfqggdodo'),('20p72uav6b','3sfqggdodo'),('510xn4rarr','3sfqggdodo'),('6hurdsb9v5','3sfqggdodo'),('774uw4bp3h','3sfqggdodo'),('a2i7ggdu2f','3sfqggdodo'),('cnwd37wkwv','3sfqggdodo'),('int5a36w2m','3sfqggdodo'),('kczi6znh8j','3sfqggdodo'),('mivgimslb8','3sfqggdodo'),('tyb9gkztub','3sfqggdodo'),('06gdpikxx5','4jg0e46v2y'),('6mqm09x18v','4jg0e46v2y'),('7syul8fxe4','4jg0e46v2y'),('entuze4v9s','4jg0e46v2y'),('gj85altu23','4jg0e46v2y'),('h2oobswirh','4jg0e46v2y'),('h3lxjid0f6','4jg0e46v2y'),('imoyje1cf','4jg0e46v2y'),('jt2qk703n3','4jg0e46v2y'),('339tcfyh7a','4x886tp3jy'),('5ki4an34d2','4x886tp3jy'),('7zyvafjcm3','4x886tp3jy'),('8k0vkitmsp','4x886tp3jy'),('8mqri51a3z','4x886tp3jy'),('ay2a6pz2vq','4x886tp3jy'),('evvcjgnvs7','4x886tp3jy'),('is3o535cf9','4x886tp3jy'),('m1cgc2tceb','4x886tp3jy'),('oot4s0lrl3','4x886tp3jy'),('pf2i0nf1yz','4x886tp3jy'),('rk4bk29jeb','4x886tp3jy'),('wx6zwivdir','4x886tp3jy'),('4ttuchvjvg','52flmavmeg'),('88ks97tejt','52flmavmeg'),('cgl0wlgsbq','52flmavmeg'),('diqg02ji7w','52flmavmeg'),('keayl9pbpf','52flmavmeg'),('kxdfoaj621','52flmavmeg'),('pix114h9sc','52flmavmeg'),('pjecofqnx2','52flmavmeg'),('rizhphgh95','52flmavmeg'),('072b2qwthg','5v2vk1hh9v'),('is3o535cf9','5v2vk1hh9v'),('l6ge68bqpd','5v2vk1hh9v'),('llwdzggvlo','5v2vk1hh9v'),('lvv9eaypem','5v2vk1hh9v'),('naot9qy7t8','5v2vk1hh9v'),('oj3nf0snyu','5v2vk1hh9v'),('r927tm334n','5v2vk1hh9v'),('xda5lizi9v','5v2vk1hh9v'),('6wc1rs1i6w','678o0krjj0'),('9y83y15tjw','678o0krjj0'),('a2i7ggdu2f','678o0krjj0'),('w3f7qzyutt','678o0krjj0'),('1x2bri0jjx','6dlnmx4mdo'),('3wqo5nv9yr','6dlnmx4mdo'),('4fanpuwpd6','6dlnmx4mdo'),('56i2rck253','6dlnmx4mdo'),('5ngvnqxfvy','6dlnmx4mdo'),('ohlbi061ax','6dlnmx4mdo'),('sezuv5v8la','6dlnmx4mdo'),('ujeq3hxe3p','6dlnmx4mdo'),('v7m0kjmpeh','6dlnmx4mdo'),('vlq0c8p4jz','6dlnmx4mdo'),('61ce9mud9n','6shq85ekuh'),('ay57cfqaph','6shq85ekuh'),('gk4cxpc928','6shq85ekuh'),('hdhm9rlwgv','6shq85ekuh'),('rvyanrufap','6shq85ekuh'),('uukuztudxt','6shq85ekuh'),('w3f7qzyutt','6shq85ekuh'),('wy9u4w7uzh','6shq85ekuh'),('08orc5w4xu','7s5gy9jyvr'),('0mr4827drf','7s5gy9jyvr'),('8mqri51a3z','7s5gy9jyvr'),('a2i7ggdu2f','7s5gy9jyvr'),('dhhk9r7t20','7s5gy9jyvr'),('g1z86ejowo','7s5gy9jyvr'),('g7y6ik1nms','7s5gy9jyvr'),('gt8s0h672t','7s5gy9jyvr'),('i26r8jq7ga','7s5gy9jyvr'),('mv1d7nibb8','7s5gy9jyvr'),('s6g6zt0qr2','7s5gy9jyvr'),('sdfxh2vvd6','7s5gy9jyvr'),('t4eficzk6t','7s5gy9jyvr'),('u4ahrd0qb7','7s5gy9jyvr'),('wpbqyu46mq','7s5gy9jyvr'),('08flytc0yi','7vvtt5kzqf'),('1zvx94igve','7vvtt5kzqf'),('7dzkii5dco','7vvtt5kzqf'),('8k0vkitmsp','7vvtt5kzqf'),('g4uqqxytie','7vvtt5kzqf'),('lv98rurt6n','7vvtt5kzqf'),('mn8tpv9a2b','7vvtt5kzqf'),('rvyanrufap','7vvtt5kzqf'),('u4ybsjj5u9','7vvtt5kzqf'),('yrvafpeuok','7vvtt5kzqf'),('zkb7gb9078','7vvtt5kzqf'),('5h8wnmaui5','8650fgrapm'),('7v0btujlfo','8650fgrapm'),('87fxu4o3vu','8650fgrapm'),('8f17wnmui8','8650fgrapm'),('agkcoy5su9','8650fgrapm'),('ef51uak55a','8650fgrapm'),('glyva3ubpw','8650fgrapm'),('gmuf9vf0lg','8650fgrapm'),('ij1q26f43e','8650fgrapm'),('j8pp36fm7n','8650fgrapm'),('jjeyw4gruy','8650fgrapm'),('k90b4djejk','8650fgrapm'),('v5mvy3opal','8650fgrapm'),('5ek0p3p0hv','8q5yhwqu1l'),('7lqbvukalm','8q5yhwqu1l'),('a2i7ggdu2f','8q5yhwqu1l'),('chxkpygicm','8q5yhwqu1l'),('dpit60zqzw','8q5yhwqu1l'),('i65mjaiwtw','8q5yhwqu1l'),('jcz14r2swx','8q5yhwqu1l'),('k3pbr3ldt4','8q5yhwqu1l'),('prryllzsok','8q5yhwqu1l'),('xhcx6u4lir','8q5yhwqu1l'),('15kcp6z7qa','8rc9pxekme'),('61dgs6bfyq','8rc9pxekme'),('az89tbftyv','8rc9pxekme'),('c1fclxeh28','8rc9pxekme'),('d3j6dwz58i','8rc9pxekme'),('hdhm9rlwgv','8rc9pxekme'),('kya9cp1m8g','8rc9pxekme'),('w91jsy2xc3','8rc9pxekme'),('yrg5bhxmcb','8rc9pxekme'),('ysccl96gle','8rc9pxekme'),('51vq2ykcki','8ta6rr5e4y'),('56i2rck253','8ta6rr5e4y'),('7lqbvukalm','8ta6rr5e4y'),('axn0ugh8b3','8ta6rr5e4y'),('egtcbtim0t','8ta6rr5e4y'),('entuze4v9s','8ta6rr5e4y'),('ivhp3ecdte','8ta6rr5e4y'),('v3jtc0gagt','8ta6rr5e4y'),('wfi17qcprp','8ta6rr5e4y'),('y7kwwjp8qd','8ta6rr5e4y'),('3auiosmsly','8yqtugmpk3'),('6m7x9ewtdv','8yqtugmpk3'),('7zyvafjcm3','8yqtugmpk3'),('dc4dqzlqrm','8yqtugmpk3'),('eej9kcfrb5','8yqtugmpk3'),('jet83jcgco','8yqtugmpk3'),('mg690ilkis','8yqtugmpk3'),('mv1d7nibb8','8yqtugmpk3'),('s649s1r7mi','8yqtugmpk3'),('sv74mst7lr','8yqtugmpk3'),('wpdp3atefl','8yqtugmpk3'),('x7u1onf2tn','8yqtugmpk3'),('yn3lifb73g','8yqtugmpk3'),('2znzg9e82m','93xwv4v8m5'),('48smw4pnm7','93xwv4v8m5'),('6m7x9ewtdv','93xwv4v8m5'),('7dzkii5dco','93xwv4v8m5'),('bhvdqfbhvp','93xwv4v8m5'),('cgl0wlgsbq','93xwv4v8m5'),('ch4szzn97r','93xwv4v8m5'),('gj85altu23','93xwv4v8m5'),('to2z6vfoym','93xwv4v8m5'),('9n7xil6593','9b9r5r9grk'),('ai6ico8dyp','9b9r5r9grk'),('ch4szzn97r','9b9r5r9grk'),('fwmgcl1n8o','9b9r5r9grk'),('hfghpzb6ch','9b9r5r9grk'),('hni6zgcc3v','9b9r5r9grk'),('ohlbi061ax','9b9r5r9grk'),('pjf8hrttj8','9b9r5r9grk'),('qmjtchcg3a','9b9r5r9grk'),('ttyw5lp67w','9b9r5r9grk'),('wi9ey9rtcx','9b9r5r9grk'),('wxmqkow1h5','9b9r5r9grk'),('0500waeotc','af4cs0m0pf'),('e7p3te35tv','af4cs0m0pf'),('ehfthb34pt','af4cs0m0pf'),('g3sw2u9v7y','af4cs0m0pf'),('i68xn9o7wy','af4cs0m0pf'),('nnq4aqemuo','af4cs0m0pf'),('sda2ru1zeg','af4cs0m0pf'),('d510n6zneg','age3ogzlbe'),('d5mu1l7czx','age3ogzlbe'),('dq36qdvqc7','age3ogzlbe'),('iaes0v2xds','age3ogzlbe'),('isuofcisf9','age3ogzlbe'),('j4v0hrfpiy','age3ogzlbe'),('km5xq9osgc','age3ogzlbe'),('ll3dkxwyik','age3ogzlbe'),('mp44p2d4ux','age3ogzlbe'),('ms076mp3ct','age3ogzlbe'),('q5xehw3pv3','age3ogzlbe'),('xil8843pnc','age3ogzlbe'),('6x2vrc023k','ax0g2r2epm'),('ad8h15o24s','ax0g2r2epm'),('byfiv7ccfm','ax0g2r2epm'),('d437pwj8uy','ax0g2r2epm'),('dhhk9r7t20','ax0g2r2epm'),('i68xn9o7wy','ax0g2r2epm'),('n8d3ybwzqs','ax0g2r2epm'),('nawpf9ypf6','ax0g2r2epm'),('orku96x74w','ax0g2r2epm'),('pf2i0nf1yz','ax0g2r2epm'),('wxsys9qyzv','ax0g2r2epm'),('deadlift','barbell'),('squat','barbell'),('benchpress','bench'),('0cfbtkmhw5','boexoh5oaf'),('2k49e9jz9d','boexoh5oaf'),('8g18dbir8i','boexoh5oaf'),('eo3ivhy1pp','boexoh5oaf'),('f6ffeyqxmd','boexoh5oaf'),('fy5tf7gzgf','boexoh5oaf'),('ivhp3ecdte','boexoh5oaf'),('lb5nbauoxr','boexoh5oaf'),('siyfn0i13c','boexoh5oaf'),('uf3j0t1j8m','boexoh5oaf'),('weskocalsg','boexoh5oaf'),('wy9u4w7uzh','boexoh5oaf'),('xpmlvmx8pe','boexoh5oaf'),('510xn4rarr','bpr6x0iegq'),('5isisrq14z','bpr6x0iegq'),('esglxa4hev','bpr6x0iegq'),('g4uqqxytie','bpr6x0iegq'),('hvsis99h9c','bpr6x0iegq'),('loj4pilyi5','bpr6x0iegq'),('lv98rurt6n','bpr6x0iegq'),('mhecve2vw2','bpr6x0iegq'),('1x2bri0jjx','c1pdoindlf'),('4ig2a38h92','c1pdoindlf'),('975d7cs5u0','c1pdoindlf'),('ck2faowwry','c1pdoindlf'),('g7y6ik1nms','c1pdoindlf'),('gj85altu23','c1pdoindlf'),('mk5kv3ihex','c1pdoindlf'),('n8owmpwuko','c1pdoindlf'),('s6csykzue5','c1pdoindlf'),('xbe0s9iyft','c1pdoindlf'),('z8es9chno7','c1pdoindlf'),('4qftkm5e87','c42dh0we4f'),('5h8wnmaui5','c42dh0we4f'),('7dzkii5dco','c42dh0we4f'),('asgbj9izku','c42dh0we4f'),('cgl0wlgsbq','c42dh0we4f'),('ge78d6ic4q','c42dh0we4f'),('jtm1pr8diz','c42dh0we4f'),('oevehh14ja','c42dh0we4f'),('p4sgwdaw43','c42dh0we4f'),('pix114h9sc','c42dh0we4f'),('tpmg3ddxf9','c42dh0we4f'),('vtxtll72f3','c42dh0we4f'),('xbhx140j85','c42dh0we4f'),('0q0u4dyhsl','c52pwwjsme'),('1z5zp5seno','c52pwwjsme'),('eub4ss8kq8','c52pwwjsme'),('fv61k3hwej','c52pwwjsme'),('lzd84sl0vz','c52pwwjsme'),('u51l9ht0cx','c52pwwjsme'),('ulpvgbbz3j','c52pwwjsme'),('uomi4udrip','c52pwwjsme'),('v6fa8zp7ni','c52pwwjsme'),('ychqch8ug1','c52pwwjsme'),('yptlreqd1t','c52pwwjsme'),('31i0zqzyvq','c5m0wvzc7z'),('3giat1l87m','c5m0wvzc7z'),('69du6czp4z','c5m0wvzc7z'),('7i52h9xdg9','c5m0wvzc7z'),('83jzjmqpmu','c5m0wvzc7z'),('djpxdgpfhs','c5m0wvzc7z'),('e5t4lg2bxd','c5m0wvzc7z'),('entuze4v9s','c5m0wvzc7z'),('fimt9pa779','c5m0wvzc7z'),('ftx2535hfs','c5m0wvzc7z'),('ped54f2jc9','c5m0wvzc7z'),('qo8qav4f3o','c5m0wvzc7z'),('xjclbi8xsi','c5m0wvzc7z'),('z3rrixat34','c5m0wvzc7z'),('z65sdg2he6','c5m0wvzc7z'),('zdt8skij1a','c5m0wvzc7z'),('tricep push down','cable stack'),('08flytc0yi','ccd2ps8kp5'),('6ar2pa52n6','ccd2ps8kp5'),('8m79xm2gq1','ccd2ps8kp5'),('agkcoy5su9','ccd2ps8kp5'),('fwmgcl1n8o','ccd2ps8kp5'),('gr3bes12ga','ccd2ps8kp5'),('j3omnjh4l8','ccd2ps8kp5'),('jiikhsgzdr','ccd2ps8kp5'),('l1pk7sb8ye','ccd2ps8kp5'),('mvszlz673k','ccd2ps8kp5'),('nawpf9ypf6','ccd2ps8kp5'),('qoevv4p6cy','ccd2ps8kp5'),('qpwybak3i0','ccd2ps8kp5'),('r6ns1z6v7x','ccd2ps8kp5'),('swa4mruz7y','ccd2ps8kp5'),('yznpd03rka','ccd2ps8kp5'),('0l1jel5p3g','cjzxey0xwm'),('2rfw3b7l5h','cjzxey0xwm'),('3zmi9hsfu6','cjzxey0xwm'),('5vr5g1uinu','cjzxey0xwm'),('92w2e5sv5y','cjzxey0xwm'),('df8bvu4b9r','cjzxey0xwm'),('gx49mr8toy','cjzxey0xwm'),('swa4mruz7y','cjzxey0xwm'),('vjq25bjq87','cjzxey0xwm'),('0q3ulvysws','d3xg1exmq3'),('14jdid628b','d3xg1exmq3'),('3xvite4cfe','d3xg1exmq3'),('51c13s3noa','d3xg1exmq3'),('7apx766jf4','d3xg1exmq3'),('dq36qdvqc7','d3xg1exmq3'),('keayl9pbpf','d3xg1exmq3'),('mvszlz673k','d3xg1exmq3'),('rvyanrufap','d3xg1exmq3'),('szpprspd57','d3xg1exmq3'),('tf2qufgxu5','d3xg1exmq3'),('zdt8skij1a','d3xg1exmq3'),('774uw4bp3h','d9ns7z7lqy'),('dlf4ruia6s','d9ns7z7lqy'),('e7p3te35tv','d9ns7z7lqy'),('ef51uak55a','d9ns7z7lqy'),('egtcbtim0t','d9ns7z7lqy'),('elks39xgnc','d9ns7z7lqy'),('g7y6ik1nms','d9ns7z7lqy'),('icgzlf4t05','d9ns7z7lqy'),('lvxrt9j46q','d9ns7z7lqy'),('o2a593affr','d9ns7z7lqy'),('ubbi57cln2','d9ns7z7lqy'),('uuhvzx3ek4','d9ns7z7lqy'),('v22jv7rdfn','d9ns7z7lqy'),('wpdp3atefl','d9ns7z7lqy'),('xnbk907zoj','d9ns7z7lqy'),('dumbell curl','dumbell'),('dumbell press','dumbell'),('wrist extention','dumbell'),('1z5zp5seno','dvbffzpgsh'),('7zyvafjcm3','dvbffzpgsh'),('a27c1zc5vl','dvbffzpgsh'),('c1fclxeh28','dvbffzpgsh'),('cgl0wlgsbq','dvbffzpgsh'),('j36vzyaa10','dvbffzpgsh'),('rp4x1kzjpp','dvbffzpgsh'),('c1fclxeh28','e2w3m88fg9'),('c7lyk2flb1','e2w3m88fg9'),('cjc4r404zl','e2w3m88fg9'),('hvsis99h9c','e2w3m88fg9'),('tbwpib6go7','e2w3m88fg9'),('twgdy1d6hx','e2w3m88fg9'),('48smw4pnm7','e7ud37w0zs'),('6m7x9ewtdv','e7ud37w0zs'),('8k0vkitmsp','e7ud37w0zs'),('9n2rmsmz15','e7ud37w0zs'),('ebuwsnuhn3','e7ud37w0zs'),('keg8btbeht','e7ud37w0zs'),('m1cgc2tceb','e7ud37w0zs'),('of7ie7ylig','e7ud37w0zs'),('or4mji7mp1','e7ud37w0zs'),('r6f4nty8x3','e7ud37w0zs'),('tcwj8jmt0g','e7ud37w0zs'),('xq5pvz9llg','e7ud37w0zs'),('yrg5bhxmcb','e7ud37w0zs'),('zn0az0f5uk','e7ud37w0zs'),('04efd4ezq7','e9959lbt32'),('2znzg9e82m','e9959lbt32'),('ak6shli7nj','e9959lbt32'),('chmw0ee2kj','e9959lbt32'),('djpxdgpfhs','e9959lbt32'),('i26r8jq7ga','e9959lbt32'),('mg690ilkis','e9959lbt32'),('rltefvb28y','e9959lbt32'),('tpmg3ddxf9','e9959lbt32'),('xhcx6u4lir','e9959lbt32'),('yptorbe2sk','e9959lbt32'),('zkya5i2cjo','e9959lbt32'),('1z5zp5seno','feu6ak9wg2'),('2rvfl01ofk','feu6ak9wg2'),('4a7hh2uoh0','feu6ak9wg2'),('agkcoy5su9','feu6ak9wg2'),('ftara9kym1','feu6ak9wg2'),('3ve64b7y9y','fnf0l0k20d'),('6dphj9yiy4','fnf0l0k20d'),('ftara9kym1','fnf0l0k20d'),('naot9qy7t8','fnf0l0k20d'),('x86fo4r8h4','fnf0l0k20d'),('4v7nmfpmi6','g1fmjve428'),('68iqukmw1b','g1fmjve428'),('6i9av4qx1s','g1fmjve428'),('dwga3kpj2f','g1fmjve428'),('frseflonxc','g1fmjve428'),('gj85altu23','g1fmjve428'),('k3o2v3qkek','g1fmjve428'),('mg690ilkis','g1fmjve428'),('oe011uxeeo','g1fmjve428'),('s8nmwcqek3','g1fmjve428'),('xq5pvz9llg','g1fmjve428'),('zelf54679o','g1fmjve428'),('4qftkm5e87','g65fw2a8yk'),('bwr7n4lpuw','g65fw2a8yk'),('fentzxg8rf','g65fw2a8yk'),('lv98rurt6n','g65fw2a8yk'),('n0f9h5wx34','g65fw2a8yk'),('r6rmovu20y','g65fw2a8yk'),('uew0g0htwn','g65fw2a8yk'),('1i8qtcw5mv','gvl1c672ki'),('4fanpuwpd6','gvl1c672ki'),('61dgs6bfyq','gvl1c672ki'),('ayqujm51zt','gvl1c672ki'),('c68axmbc0w','gvl1c672ki'),('edjr4voa6x','gvl1c672ki'),('eihc8hpymo','gvl1c672ki'),('i2ga69mkyv','gvl1c672ki'),('rktvnhkoqz','gvl1c672ki'),('w91jsy2xc3','gvl1c672ki'),('5ynu7ssalv','h1manescm0'),('pvbabxtcsz','h1manescm0'),('q5xehw3pv3','h1manescm0'),('z5p88cz9pi','h1manescm0'),('hack squat','hack squat'),('0eahv0x986','hcntgesiy2'),('51vq2ykcki','hcntgesiy2'),('6blp50i98n','hcntgesiy2'),('871b9pzzaf','hcntgesiy2'),('c1yr3q63yv','hcntgesiy2'),('cnnb4fdxfk','hcntgesiy2'),('e0emdajdu','hcntgesiy2'),('jg7t7phql8','hcntgesiy2'),('jgxm5nuyzn','hcntgesiy2'),('jhqawkerjh','hcntgesiy2'),('ptzkgmj1zo','hcntgesiy2'),('ss9azkrrl9','hcntgesiy2'),('ui4rb1sytv','hcntgesiy2'),('vze02mrazq','hcntgesiy2'),('2rvfl01ofk','hxc02qfkb6'),('d510n6zneg','hxc02qfkb6'),('ftara9kym1','hxc02qfkb6'),('hdhm9rlwgv','hxc02qfkb6'),('n0f9h5wx34','hxc02qfkb6'),('nytmpbadjq','hxc02qfkb6'),('pguua2njww','hxc02qfkb6'),('062gfqtl2x','jiede8cu8l'),('0hjaelmvbg','jiede8cu8l'),('4swxt7ha5e','jiede8cu8l'),('blp0iefx38','jiede8cu8l'),('ipu7di7b6t','jiede8cu8l'),('m685tkmu3x','jiede8cu8l'),('nofncqnnwq','jiede8cu8l'),('omay03ke9t','jiede8cu8l'),('pcn78vslam','jiede8cu8l'),('s9zp8sdlnn','jiede8cu8l'),('swa4mruz7y','jiede8cu8l'),('v3jtc0gagt','jiede8cu8l'),('vn37dutprf','jiede8cu8l'),('y49deko4d6','jiede8cu8l'),('ylwfk43vbo','jiede8cu8l'),('zug2rz3rta','jiede8cu8l'),('66chh965gd','jr54u8c0s'),('71p67ay41n','jr54u8c0s'),('ckzqii5dyf','jr54u8c0s'),('lb5nbauoxr','jr54u8c0s'),('loj4pilyi5','jr54u8c0s'),('nfpf0ycwuq','jr54u8c0s'),('pvbabxtcsz','jr54u8c0s'),('s649s1r7mi','jr54u8c0s'),('ymza1rww3g','jr54u8c0s'),('4ttuchvjvg','jyfw0ru5ny'),('aagwvlz5rw','jyfw0ru5ny'),('ak18kdkp4n','jyfw0ru5ny'),('chxkpygicm','jyfw0ru5ny'),('d2g57eznod','jyfw0ru5ny'),('kczi6znh8j','jyfw0ru5ny'),('o8shs24ikc','jyfw0ru5ny'),('r8qzf9js9d','jyfw0ru5ny'),('s6csykzue5','jyfw0ru5ny'),('sdfxh2vvd6','jyfw0ru5ny'),('ufc73e3df8','jyfw0ru5ny'),('y7kwwjp8qd','jyfw0ru5ny'),('zelf54679o','jyfw0ru5ny'),('zfzn2hmu18','jyfw0ru5ny'),('0mr4827drf','jyrjacqdnw'),('6wc1rs1i6w','jyrjacqdnw'),('at9jztv0b1','jyrjacqdnw'),('h25nkb56a6','jyrjacqdnw'),('hni6zgcc3v','jyrjacqdnw'),('m2gasqysqs','jyrjacqdnw'),('ncqiis5mjs','jyrjacqdnw'),('pvbabxtcsz','jyrjacqdnw'),('uyp8tzlna0','jyrjacqdnw'),('z7nxjt2mc3','jyrjacqdnw'),('3nkrx12yt4','kkqz3ryooz'),('9152d1ba0f','kkqz3ryooz'),('ddc6r5kczt','kkqz3ryooz'),('gmhcwjj42z','kkqz3ryooz'),('jn2nx6g39x','kkqz3ryooz'),('kf87d2c1mm','kkqz3ryooz'),('la8il1ypgc','kkqz3ryooz'),('ld6fm5liw1','kkqz3ryooz'),('ohlbi061ax','kkqz3ryooz'),('qmynqyddod','kkqz3ryooz'),('t5r93i43sr','kkqz3ryooz'),('we38ww7rj4','kkqz3ryooz'),('064am8f7xf','kwniyu07hs'),('5xprmfevln','kwniyu07hs'),('lzd84sl0vz','kwniyu07hs'),('oevehh14ja','kwniyu07hs'),('rh4bsbih9n','kwniyu07hs'),('txkz7ba0bo','kwniyu07hs'),('20p72uav6b','kx2miastvz'),('8m79xm2gq1','kx2miastvz'),('9bdi2oty3j','kx2miastvz'),('9rdzvl62yq','kx2miastvz'),('9xhk55w6wm','kx2miastvz'),('a2i7ggdu2f','kx2miastvz'),('icgzlf4t05','kx2miastvz'),('l9utd3qg2o','kx2miastvz'),('rvd4rkew8w','kx2miastvz'),('tadpsxzqqp','kx2miastvz'),('vlq0c8p4jz','kx2miastvz'),('xldxmn5thq','kx2miastvz'),('774uw4bp3h','kyxzh4bwaf'),('ay2a6pz2vq','kyxzh4bwaf'),('jgxm5nuyzn','kyxzh4bwaf'),('keayl9pbpf','kyxzh4bwaf'),('makpv530gs','kyxzh4bwaf'),('o8shs24ikc','kyxzh4bwaf'),('oje6no1xjy','kyxzh4bwaf'),('p4sgwdaw43','kyxzh4bwaf'),('r6rmovu20y','kyxzh4bwaf'),('rfoc9obsrd','kyxzh4bwaf'),('rj0v475xzs','kyxzh4bwaf'),('tadpsxzqqp','kyxzh4bwaf'),('6dphj9yiy4','l4b1loj0fk'),('a2i7ggdu2f','l4b1loj0fk'),('ayqujm51zt','l4b1loj0fk'),('mxp1178suw','l4b1loj0fk'),('or4mji7mp1','l4b1loj0fk'),('xrp7ncyrd3','l4b1loj0fk'),('zn0az0f5uk','l4b1loj0fk'),('3ff4iw7h5c','lkcr80ipuh'),('cf2u9lpbot','lkcr80ipuh'),('hoiqgkgody','lkcr80ipuh'),('ss9azkrrl9','lkcr80ipuh'),('t9ke2v0hns','lkcr80ipuh'),('ubbi57cln2','lkcr80ipuh'),('uew0g0htwn','lkcr80ipuh'),('04efd4ezq7','mkzuo34cwh'),('0e3qfhfz8x','mkzuo34cwh'),('5qi0skdjvw','mkzuo34cwh'),('8d6z4u0duq','mkzuo34cwh'),('ea7cka5tgp','mkzuo34cwh'),('evvcjgnvs7','mkzuo34cwh'),('hni6zgcc3v','mkzuo34cwh'),('ouhrttlkne','mkzuo34cwh'),('qo8qav4f3o','mkzuo34cwh'),('txuh2pw0lp','mkzuo34cwh'),('xa2imz4ab0','mkzuo34cwh'),('xde8v9wzcl','mkzuo34cwh'),('0u7nzc0bh2','moepv05jf1'),('92w2e5sv5y','moepv05jf1'),('cnhkeqgvqt','moepv05jf1'),('gmuf9vf0lg','moepv05jf1'),('naot9qy7t8','moepv05jf1'),('r7rmmqb9zu','moepv05jf1'),('yrai3d1cg8','moepv05jf1'),('0df3aup8ba','mwhw3dfl8o'),('aagwvlz5rw','mwhw3dfl8o'),('bvvnbfnmf4','mwhw3dfl8o'),('uk0btxmfbk','mwhw3dfl8o'),('uukuztudxt','mwhw3dfl8o'),('9c0w2i73x7','mynn88kgwd'),('eoxe8vufuw','mynn88kgwd'),('h1wr7o92yz','mynn88kgwd'),('hq3zt66z4a','mynn88kgwd'),('pjf8hrttj8','mynn88kgwd'),('smr2dtuhca','mynn88kgwd'),('wr6dqdu43u','mynn88kgwd'),('xvqfza4u6c','mynn88kgwd'),('14pumcxiax','n9efipkdkn'),('2rvfl01ofk','n9efipkdkn'),('6bw7u24c5r','n9efipkdkn'),('glyva3ubpw','n9efipkdkn'),('hzn9nbkvs0','n9efipkdkn'),('jz9f20pwik','n9efipkdkn'),('kya9cp1m8g','n9efipkdkn'),('otuy95r2vl','n9efipkdkn'),('xi97gt9fii','n9efipkdkn'),('25as5zxbem','ni4skjwm68'),('2gi91vnnu4','ni4skjwm68'),('49km4jao95','ni4skjwm68'),('5xsfjlh4e2','ni4skjwm68'),('as7h9kca53','ni4skjwm68'),('keayl9pbpf','ni4skjwm68'),('ob5wpowmhl','ni4skjwm68'),('pu5geash90','ni4skjwm68'),('r6rmovu20y','ni4skjwm68'),('xda5lizi9v','ni4skjwm68'),('062gfqtl2x','nldhdukza2'),('9bdi2oty3j','nldhdukza2'),('c9ay5z7smm','nldhdukza2'),('jgxm5nuyzn','nldhdukza2'),('l82kdugayg','nldhdukza2'),('lp41uyh3l9','nldhdukza2'),('ml86m3gwwr','nldhdukza2'),('nnq4aqemuo','nldhdukza2'),('uk0btxmfbk','nldhdukza2'),('va636udfnk','nldhdukza2'),('we38ww7rj4','nldhdukza2'),('48txpuo8zq','pqog060c4x'),('9nuy7uye0w','pqog060c4x'),('ea7cka5tgp','pqog060c4x'),('fv61k3hwej','pqog060c4x'),('gzmj7tc7y7','pqog060c4x'),('i2ga69mkyv','pqog060c4x'),('s6csykzue5','pqog060c4x'),('1jvb7mj435','pqxgp0o0aj'),('6hurdsb9v5','pqxgp0o0aj'),('6rjna2g3vi','pqxgp0o0aj'),('9295z5pk5j','pqxgp0o0aj'),('auxp05ebew','pqxgp0o0aj'),('c7lyk2flb1','pqxgp0o0aj'),('chmw0ee2kj','pqxgp0o0aj'),('gb0am3c29g','pqxgp0o0aj'),('lb5nbauoxr','pqxgp0o0aj'),('qhfoaxamse','pqxgp0o0aj'),('rltefvb28y','pqxgp0o0aj'),('t4eficzk6t','pqxgp0o0aj'),('t5p8ghkezz','pqxgp0o0aj'),('v5mvy3opal','pqxgp0o0aj'),('vze02mrazq','pqxgp0o0aj'),('yssq7ie069','pqxgp0o0aj'),('1x2bri0jjx','pyf3hqsfoi'),('6g7i99q9lr','pyf3hqsfoi'),('6pvhqsbbbv','pyf3hqsfoi'),('9qj8b6q2ir','pyf3hqsfoi'),('gyac4qv1pc','pyf3hqsfoi'),('mx349neyfe','pyf3hqsfoi'),('sjma4bw6kh','pyf3hqsfoi'),('v22jv7rdfn','pyf3hqsfoi'),('va636udfnk','pyf3hqsfoi'),('6hurdsb9v5','qro2gp2h49'),('a5erelxp25','qro2gp2h49'),('ak6shli7nj','qro2gp2h49'),('dc4dqzlqrm','qro2gp2h49'),('dq9gufqa5m','qro2gp2h49'),('fvl96ee5hi','qro2gp2h49'),('g4uqqxytie','qro2gp2h49'),('hn960y9sux','qro2gp2h49'),('jet83jcgco','qro2gp2h49'),('loj4pilyi5','qro2gp2h49'),('t4eficzk6t','qro2gp2h49'),('3dgxa3qxbp','qt6oipr7h9'),('9i7yamofxu','qt6oipr7h9'),('ddc6r5kczt','qt6oipr7h9'),('dq9gufqa5m','qt6oipr7h9'),('ft0whjo2yt','qt6oipr7h9'),('kczi6znh8j','qt6oipr7h9'),('t1yohwyd4k','qt6oipr7h9'),('vfcdnrj6vy','qt6oipr7h9'),('1ric7sy8bp','qwfcsu593w'),('51vq2ykcki','qwfcsu593w'),('dfg8wx9klz','qwfcsu593w'),('e8121sxop0','qwfcsu593w'),('efid2u0ipx','qwfcsu593w'),('hvziwxyfj4','qwfcsu593w'),('ke4s7smr1j','qwfcsu593w'),('mg690ilkis','qwfcsu593w'),('n8d3ybwzqs','qwfcsu593w'),('ptzkgmj1zo','qwfcsu593w'),('rj0v475xzs','qwfcsu593w'),('vecn9i77c5','qwfcsu593w'),('vlq0c8p4jz','qwfcsu593w'),('yldlz3jq3z','qwfcsu593w'),('zldchtzjv2','qwfcsu593w'),('8kqvnb3tqc','rofwihnwxp'),('a1pk37lj1h','rofwihnwxp'),('eub4ss8kq8','rofwihnwxp'),('gx49mr8toy','rofwihnwxp'),('jjn304hdx7','rofwihnwxp'),('l1arc7ubea','rofwihnwxp'),('ocl43egp6w','rofwihnwxp'),('rvyanrufap','rofwihnwxp'),('u51l9ht0cx','rofwihnwxp'),('ux79dbalzj','rofwihnwxp'),('0zl4bqe639','s4wllk18h9'),('2cd963upep','s4wllk18h9'),('glfud3bk4w','s4wllk18h9'),('int5a36w2m','s4wllk18h9'),('q9uq2aa46y','s4wllk18h9'),('wfi17qcprp','s4wllk18h9'),('xrp7ncyrd3','s4wllk18h9'),('y6iy6jsdqe','s4wllk18h9'),('zn0az0f5uk','s4wllk18h9'),('1i8qtcw5mv','s93n25x803'),('1lfwtoaww0','s93n25x803'),('71662qfb3t','s93n25x803'),('71p67ay41n','s93n25x803'),('88egzor91u','s93n25x803'),('dwga3kpj2f','s93n25x803'),('e6etna66x9','s93n25x803'),('gv6qp6mxvn','s93n25x803'),('iab8gmc9j2','s93n25x803'),('j4v0hrfpiy','s93n25x803'),('jcc3dsg510','s93n25x803'),('jcz14r2swx','s93n25x803'),('k9bkgdi0o5','s93n25x803'),('l82kdugayg','s93n25x803'),('maobty2cjk','s93n25x803'),('v22jv7rdfn','s93n25x803'),('zh0svqe275','s93n25x803'),('0500waeotc','sdcu7ttct9'),('3qtyx46eet','sdcu7ttct9'),('871b9pzzaf','sdcu7ttct9'),('ak6shli7nj','sdcu7ttct9'),('fy5tf7gzgf','sdcu7ttct9'),('h5hhjv52yd','sdcu7ttct9'),('nhycdx80wi','sdcu7ttct9'),('wxmqkow1h5','sdcu7ttct9'),('xtraadqrpu','sdcu7ttct9'),('08flytc0yi','siyn2ospjb'),('9152d1ba0f','siyn2ospjb'),('f6ffeyqxmd','siyn2ospjb'),('gne3nrudy5','siyn2ospjb'),('lxsltvr538','siyn2ospjb'),('o8shs24ikc','siyn2ospjb'),('oot4s0lrl3','siyn2ospjb'),('swa4mruz7y','siyn2ospjb'),('y5jaect4my','siyn2ospjb'),('z3rrixat34','siyn2ospjb'),('1o9zcvjhcg','tnhhog5crz'),('3re6dtvwx8','tnhhog5crz'),('5pp8rner5f','tnhhog5crz'),('6x2vrc023k','tnhhog5crz'),('ai6ico8dyp','tnhhog5crz'),('ay57cfqaph','tnhhog5crz'),('bwvestxuul','tnhhog5crz'),('dg2x2rtuee','tnhhog5crz'),('we38ww7rj4','tnhhog5crz'),('xie2s44dw3','tnhhog5crz'),('zkya5i2cjo','tnhhog5crz'),('8pbuflepvu','tp6o12feey'),('ftx2535hfs','tp6o12feey'),('jjeyw4gruy','tp6o12feey'),('ohlbi061ax','tp6o12feey'),('zfpk1gb3zz','tp6o12feey'),('zh0svqe275','tp6o12feey'),('4kexfaccij','tzbv2sur5g'),('8kqvnb3tqc','tzbv2sur5g'),('f6ffeyqxmd','tzbv2sur5g'),('g7y6ik1nms','tzbv2sur5g'),('lzd84sl0vz','tzbv2sur5g'),('oj3nf0snyu','tzbv2sur5g'),('weskocalsg','tzbv2sur5g'),('1vmch12lo9','u39ahuwg42'),('7syul8fxe4','u39ahuwg42'),('ayqfxybn78','u39ahuwg42'),('fy5tf7gzgf','u39ahuwg42'),('glfud3bk4w','u39ahuwg42'),('isg99tp86t','u39ahuwg42'),('jt2qk703n3','u39ahuwg42'),('jw0oe238r9','u39ahuwg42'),('ysccl96gle','u39ahuwg42'),('7gtz38y65a','w63986zhlq'),('8g18dbir8i','w63986zhlq'),('bwvestxuul','w63986zhlq'),('d3j6dwz58i','w63986zhlq'),('nofncqnnwq','w63986zhlq'),('ysccl96gle','w63986zhlq'),('zh0svqe275','w63986zhlq'),('01bfhpqsh8','wb69xcfo7x'),('14jdid628b','wb69xcfo7x'),('3qtyx46eet','wb69xcfo7x'),('51vq2ykcki','wb69xcfo7x'),('6wc1rs1i6w','wb69xcfo7x'),('7v0btujlfo','wb69xcfo7x'),('b4zdoivrgh','wb69xcfo7x'),('bio8aekd7x','wb69xcfo7x'),('c0id89e8jv','wb69xcfo7x'),('ggvxp3i0cv','wb69xcfo7x'),('ie52103jdj','wb69xcfo7x'),('keayl9pbpf','wb69xcfo7x'),('maobty2cjk','wb69xcfo7x'),('n0f9h5wx34','wb69xcfo7x'),('n8d3ybwzqs','wb69xcfo7x'),('ncqiis5mjs','wb69xcfo7x'),('qt4y4q1rzq','wb69xcfo7x'),('r6f4nty8x3','wb69xcfo7x'),('zkb7gb9078','wb69xcfo7x'),('zkya5i2cjo','wb69xcfo7x'),('31i0zqzyvq','wbtbesh3o2'),('8rqfg0q7tl','wbtbesh3o2'),('f2bb7i48h4','wbtbesh3o2'),('j36vzyaa10','wbtbesh3o2'),('k3o2v3qkek','wbtbesh3o2'),('njown4ia53','wbtbesh3o2'),('nnztcsxw66','wbtbesh3o2'),('ocl43egp6w','wbtbesh3o2'),('zldchtzjv2','wbtbesh3o2'),('zsl8qsw2n6','wbtbesh3o2'),('4qftkm5e87','x5mdlmv74f'),('82t5gzdsjk','x5mdlmv74f'),('bm55yqr83l','x5mdlmv74f'),('jjn304hdx7','x5mdlmv74f'),('kgckrzr3u1','x5mdlmv74f'),('l61mixeja8','x5mdlmv74f'),('mn8tpv9a2b','x5mdlmv74f'),('n3m3ncuobq','x5mdlmv74f'),('r0o2p8f3kn','x5mdlmv74f'),('savv3uqtrd','x5mdlmv74f'),('sv74mst7lr','x5mdlmv74f'),('xbe0s9iyft','x5mdlmv74f'),('xda5lizi9v','x5mdlmv74f'),('1lfwtoaww0','xyazst1qz8'),('4a7hh2uoh0','xyazst1qz8'),('6dphj9yiy4','xyazst1qz8'),('chmw0ee2kj','xyazst1qz8'),('dwga3kpj2f','xyazst1qz8'),('gctk3prx3d','xyazst1qz8'),('gr3bes12ga','xyazst1qz8'),('hyoa0ngyr6','xyazst1qz8'),('jjeyw4gruy','xyazst1qz8'),('q5xehw3pv3','xyazst1qz8'),('qfft4214qb','xyazst1qz8'),('qiszbg3fmk','xyazst1qz8'),('qo8qav4f3o','xyazst1qz8'),('s8nmwcqek3','xyazst1qz8'),('svglbx1yw9','xyazst1qz8'),('xil8843pnc','xyazst1qz8'),('0eahv0x986','y0qlvaecuv'),('cnhkeqgvqt','y0qlvaecuv'),('frseflonxc','y0qlvaecuv'),('iy4yd84tcm','y0qlvaecuv'),('keayl9pbpf','y0qlvaecuv'),('ocl43egp6w','y0qlvaecuv'),('otuy95r2vl','y0qlvaecuv'),('uhkizpih5s','y0qlvaecuv'),('y5jaect4my','y0qlvaecuv'),('z3rrixat34','y0qlvaecuv'),('6wc1rs1i6w','y2uye1azhj'),('71662qfb3t','y2uye1azhj'),('8k0vkitmsp','y2uye1azhj'),('e8121sxop0','y2uye1azhj'),('eihc8hpymo','y2uye1azhj'),('evmzbehxdp','y2uye1azhj'),('hq3zt66z4a','y2uye1azhj'),('icgzlf4t05','y2uye1azhj'),('n1ej9fvda','y2uye1azhj'),('omay03ke9t','y2uye1azhj'),('ptzkgmj1zo','y2uye1azhj'),('uk7tx195k5','y2uye1azhj'),('zn0az0f5uk','y2uye1azhj'),('01bfhpqsh8','yzuuim45u2'),('40lla7ln6s','yzuuim45u2'),('4omso5u57n','yzuuim45u2'),('6i9av4qx1s','yzuuim45u2'),('e0emdajdu','yzuuim45u2'),('n6zt0ij7nf','yzuuim45u2'),('pguua2njww','yzuuim45u2'),('06k8k8mkgv','z6w4y7h4tt'),('ddc6r5kczt','z6w4y7h4tt'),('jn2nx6g39x','z6w4y7h4tt'),('mvszlz673k','z6w4y7h4tt'),('oj3nf0snyu','z6w4y7h4tt'),('xbhx140j85','z6w4y7h4tt'),('zkb7gb9078','z6w4y7h4tt'),('0eahv0x986','zcv2sfy6d9'),('ih15posgtx','zcv2sfy6d9'),('jz9f20pwik','zcv2sfy6d9'),('q5drphaoqh','zcv2sfy6d9'),('t5r93i43sr','zcv2sfy6d9'),('y4k247oapy','zcv2sfy6d9');
/*!40000 ALTER TABLE `allows` ENABLE KEYS */;
UNLOCK TABLES;

--
-- Table structure for table `containing`
--

DROP TABLE IF EXISTS `containing`;
/*!40101 SET @saved_cs_client     = @@character_set_client */;
/*!50503 SET character_set_client = utf8mb4 */;
CREATE TABLE `containing` (
  `workout_id` int NOT NULL,
  `exercise_name` varchar(255) NOT NULL,
  PRIMARY KEY (`workout_id`,`exercise_name`),
  KEY `exercise_name` (`exercise_name`),
  CONSTRAINT `containing_ibfk_1` FOREIGN KEY (`workout_id`) REFERENCES `workout` (`workout_id`),
  CONSTRAINT `containing_ibfk_2` FOREIGN KEY (`exercise_name`) REFERENCES `exercise` (`exercise_name`)
) ENGINE=InnoDB DEFAULT CHARSET=utf8mb4 COLLATE=utf8mb4_0900_ai_ci;
/*!40101 SET character_set_client = @saved_cs_client */;

--
-- Dumping data for table `containing`
--

LOCK TABLES `containing` WRITE;
/*!40000 ALTER TABLE `containing` DISABLE KEYS */;
INSERT INTO `containing` VALUES (129,'01bfhpqsh8'),(211,'04efd4ezq7'),(840,'0532wq4cme'),(86,'062gfqtl2x'),(589,'062gfqtl2x'),(804,'062gfqtl2x'),(860,'062gfqtl2x'),(8,'06gdpikxx5'),(268,'06k8k8mkgv'),(515,'06k8k8mkgv'),(86,'072b2qwthg'),(268,'072b2qwthg'),(621,'072b2qwthg'),(356,'07i9kzvfwi'),(833,'0cfbtkmhw5'),(634,'0df3aup8ba'),(892,'0eahv0x986'),(17,'0eqwf9mhwb'),(55,'0eqwf9mhwb'),(244,'0eu0ta077b'),(600,'0eu0ta077b'),(921,'0eu0ta077b'),(303,'0hjaelmvbg'),(946,'0l1jel5p3g'),(408,'0mr4827drf'),(103,'0otnp9vdto'),(17,'0q3ulvysws'),(426,'0q3ulvysws'),(412,'0t666pk097'),(468,'0zl4bqe639'),(523,'10sxcichy3'),(930,'10sxcichy3'),(357,'13fzy4i132'),(457,'14rwmddm3z'),(862,'14rwmddm3z'),(509,'15kcp6z7qa'),(216,'15q03m6dn4'),(295,'179ocyip9l'),(338,'179ocyip9l'),(158,'19xivdnn41'),(300,'1hluub6rq2'),(703,'1hluub6rq2'),(763,'1jvb7mj435'),(816,'1lfwtoaww0'),(643,'1o9zcvjhcg'),(988,'1o9zcvjhcg'),(116,'1ric7sy8bp'),(159,'1ric7sy8bp'),(410,'1ric7sy8bp'),(188,'1vmch12lo9'),(879,'1x2bri0jjx'),(764,'1xeteq3z25'),(751,'1z5zp5seno'),(123,'1zrcgv4rb8'),(228,'1zrcgv4rb8'),(398,'20p72uav6b'),(357,'25as5zxbem'),(450,'2bt1einktl'),(127,'2cd963upep'),(734,'2cd963upep'),(540,'2gi91vnnu4'),(2,'2k49e9jz9d'),(148,'2k49e9jz9d'),(583,'2k49e9jz9d'),(804,'2k49e9jz9d'),(24,'2rfw3b7l5h'),(413,'2rfw3b7l5h'),(520,'2rfw3b7l5h'),(439,'2rvfl01ofk'),(572,'2we006j51q'),(981,'2znzg9e82m'),(237,'339tcfyh7a'),(800,'35rar5ds1t'),(548,'38fmm9qpvo'),(783,'3ahqps0ctn'),(736,'3dgxa3qxbp'),(871,'3dgxa3qxbp'),(722,'3hr27zfryh'),(887,'3hr27zfryh'),(667,'3nkrx12yt4'),(858,'3re6dtvwx8'),(10,'3u29k62z97'),(418,'3u29k62z97'),(542,'3u29k62z97'),(992,'3u29k62z97'),(457,'3wqo5nv9yr'),(326,'3xgl8yzy28'),(607,'3xgl8yzy28'),(666,'3xgl8yzy28'),(888,'3xgl8yzy28'),(272,'3yjidfxd1y'),(861,'3yjidfxd1y'),(721,'3yzuctj9fa'),(35,'3zhrm65767'),(101,'3zhrm65767'),(944,'3zhrm65767'),(472,'3zmi9hsfu6'),(304,'434ic92szz'),(375,'44ikuv2tkw'),(481,'46fluem04r'),(557,'46fluem04r'),(609,'46fluem04r'),(730,'46oauo2sdb'),(656,'48txpuo8zq'),(355,'49km4jao95'),(574,'49km4jao95'),(701,'49km4jao95'),(254,'4a7hh2uoh0'),(774,'4a7hh2uoh0'),(831,'4ay0961xx1'),(758,'4b5td2008l'),(149,'4c7l1pptq6'),(178,'4c7l1pptq6'),(808,'4fanpuwpd6'),(548,'4iosmzksij'),(707,'4kexfaccij'),(189,'4ovgp6p1cp'),(365,'4ovgp6p1cp'),(979,'4pv6ko190u'),(262,'4qftkm5e87'),(703,'4qftkm5e87'),(222,'4ttuchvjvg'),(47,'4wequc4i3z'),(423,'510xn4rarr'),(912,'510xn4rarr'),(2,'51c13s3noa'),(976,'51c13s3noa'),(348,'54q4jjyyvt'),(827,'54q4jjyyvt'),(713,'56cjwzv4p8'),(307,'56i2rck253'),(964,'5d1sg5c8za'),(760,'5fnf28fpe7'),(506,'5h8wnmaui5'),(790,'5h8wnmaui5'),(443,'5k939h4900'),(186,'5kwpzuwehh'),(464,'5kwpzuwehh'),(445,'5pp8rner5f'),(50,'5rqgnzrlhz'),(78,'5rqgnzrlhz'),(675,'5rqgnzrlhz'),(977,'5rqgnzrlhz'),(565,'5uzxpiwoyj'),(652,'5uzxpiwoyj'),(821,'5vr5g1uinu'),(192,'5x6ie7eo96'),(601,'5x6ie7eo96'),(911,'5x6ie7eo96'),(30,'5xprmfevln'),(652,'5xprmfevln'),(747,'5xprmfevln'),(31,'5ynu7ssalv'),(84,'5zn5nnetc8'),(673,'5zn5nnetc8'),(490,'60x9onijql'),(23,'61ce9mud9n'),(489,'61ce9mud9n'),(519,'61pibyipfk'),(668,'61pibyipfk'),(701,'66chh965gd'),(841,'66chh965gd'),(992,'66chh965gd'),(755,'68iqukmw1b'),(66,'6ar2pa52n6'),(584,'6ar2pa52n6'),(592,'6ar2pa52n6'),(862,'6bw7u24c5r'),(541,'6dphj9yiy4'),(570,'6h8a5pu4zz'),(894,'6h8a5pu4zz'),(160,'6hurdsb9v5'),(147,'6i0d4uofsn'),(502,'6i0d4uofsn'),(586,'6i0d4uofsn'),(60,'6i9av4qx1s'),(562,'6l9oy5v0hr'),(176,'6m7x9ewtdv'),(732,'6m7x9ewtdv'),(754,'6m7x9ewtdv'),(152,'6mqm09x18v'),(746,'6pvhqsbbbv'),(662,'6rjna2g3vi'),(813,'6rjna2g3vi'),(283,'6vwja5jpv6'),(738,'6x1wke407k'),(272,'6x2vrc023k'),(704,'6x2vrc023k'),(701,'71662qfb3t'),(146,'73moi9clyo'),(908,'73moi9clyo'),(955,'73moi9clyo'),(82,'774uw4bp3h'),(181,'7fwdq4n8m1'),(52,'7i52h9xdg9'),(217,'7i52h9xdg9'),(496,'7i52h9xdg9'),(575,'7i52h9xdg9'),(220,'7jogbrhyd6'),(223,'7syul8fxe4'),(303,'7syul8fxe4'),(225,'7v1vssc6wc'),(563,'7v1vssc6wc'),(558,'7wob5na49f'),(961,'7wob5na49f'),(150,'7y9zk2kik9'),(940,'7zyvafjcm3'),(525,'800v28tc3l'),(526,'81k1vj3a4z'),(187,'82t5gzdsjk'),(86,'83jzjmqpmu'),(423,'84ll5805nx'),(815,'871b9pzzaf'),(850,'871b9pzzaf'),(969,'871b9pzzaf'),(112,'88egzor91u'),(37,'8d6z4u0duq'),(483,'8d6z4u0duq'),(687,'8d6z4u0duq'),(732,'8d6z4u0duq'),(733,'8f17wnmui8'),(855,'8f17wnmui8'),(953,'8f17wnmui8'),(221,'8g18dbir8i'),(782,'8g18dbir8i'),(231,'8ghqt42p9c'),(137,'8kqvnb3tqc'),(389,'8kqvnb3tqc'),(897,'8kqvnb3tqc'),(929,'8kqvnb3tqc'),(283,'8mqri51a3z'),(796,'8mqri51a3z'),(642,'8pbuflepvu'),(819,'8qr7h7k5jg'),(518,'8rqfg0q7tl'),(875,'8rqfg0q7tl'),(41,'8ybzx3qm1f'),(772,'8ybzx3qm1f'),(515,'92w2e5sv5y'),(731,'92w2e5sv5y'),(589,'96ec94vrx7'),(912,'975d7cs5u0'),(322,'9b0hwy601x'),(647,'9b0hwy601x'),(905,'9b0hwy601x'),(4,'9by5ywtha2'),(636,'9by5ywtha2'),(91,'9c0w2i73x7'),(811,'9i1ltygpvp'),(145,'9i7yamofxu'),(388,'9i7yamofxu'),(625,'9lma7r78ze'),(550,'9n2rmsmz15'),(858,'9n2rmsmz15'),(38,'9n393ap6pe'),(948,'9n393ap6pe'),(42,'9n7xil6593'),(755,'9n7xil6593'),(78,'9nuy7uye0w'),(962,'9qj8b6q2ir'),(320,'9xhk55w6wm'),(444,'a2i7ggdu2f'),(504,'a2i7ggdu2f'),(324,'a4jcmqjnj2'),(502,'a92d13bvnp'),(823,'ad8h15o24s'),(231,'ae3caydx55'),(300,'ae3caydx55'),(793,'ae3caydx55'),(472,'agkcoy5su9'),(719,'agkcoy5su9'),(462,'ahbhbam433'),(542,'ahc6dhgf0c'),(528,'ai6ico8dyp'),(841,'ai6ico8dyp'),(915,'ai6ico8dyp'),(794,'ak18kdkp4n'),(824,'ak18kdkp4n'),(715,'amfij8u3c7'),(100,'ardagpy7es'),(306,'ardagpy7es'),(385,'as6vrq8k04'),(142,'as7h9kca53'),(701,'as7h9kca53'),(615,'asgbj9izku'),(600,'at9jztv0b1'),(826,'at9jztv0b1'),(691,'av37yqpj3i'),(395,'axn0ugh8b3'),(392,'ay57cfqaph'),(473,'ayqfxybn78'),(574,'ayqfxybn78'),(21,'az89tbftyv'),(461,'az89tbftyv'),(880,'az89tbftyv'),(947,'az89tbftyv'),(732,'b4zdoivrgh'),(612,'b9pe9vg6r9'),(962,'b9pe9vg6r9'),(405,'benchpress'),(993,'bio8aekd7x'),(113,'bm55yqr83l'),(502,'bm55yqr83l'),(474,'bm961lzo3f'),(534,'btiwtfux6t'),(161,'bupzyslzmx'),(849,'bupzyslzmx'),(976,'bupzyslzmx'),(72,'bwr7n4lpuw'),(327,'bwr7n4lpuw'),(675,'bwr7n4lpuw'),(919,'bwr7n4lpuw'),(281,'byfiv7ccfm'),(726,'byfiv7ccfm'),(530,'c0id89e8jv'),(203,'c0or1ra23i'),(267,'c1bg1xruk7'),(710,'c1bg1xruk7'),(429,'c1fclxeh28'),(528,'c1fclxeh28'),(11,'c1yr3q63yv'),(206,'c68axmbc0w'),(643,'c9ay5z7smm'),(27,'cf2u9lpbot'),(768,'cf2u9lpbot'),(264,'chmw0ee2kj'),(661,'cjc4r404zl'),(718,'cjjk94bq46'),(378,'ckzqii5dyf'),(852,'cmftdd6qsy'),(935,'cmftdd6qsy'),(329,'cnhkeqgvqt'),(426,'cnwd37wkwv'),(467,'covjs11s97'),(604,'covjs11s97'),(188,'crgkix05rc'),(750,'crgkix05rc'),(63,'cy22poqa2f'),(126,'cy22poqa2f'),(153,'cy22poqa2f'),(515,'cy22poqa2f'),(689,'cy22poqa2f'),(464,'d2g57eznod'),(558,'d2qglm58x1'),(598,'d437pwj8uy'),(745,'d437pwj8uy'),(683,'d510n6zneg'),(392,'d5mu1l7czx'),(761,'d83u76itko'),(94,'dc4dqzlqrm'),(708,'dc4dqzlqrm'),(36,'ddc6r5kczt'),(716,'ddc6r5kczt'),(203,'deadlift'),(1000,'deadlift'),(809,'dfg8wx9klz'),(623,'dg2x2rtuee'),(685,'dg2x2rtuee'),(713,'dgh7stoqcx'),(966,'dgh7stoqcx'),(202,'dhhk9r7t20'),(550,'dhhk9r7t20'),(178,'diqoadlp0u'),(185,'diqoadlp0u'),(698,'djpxdgpfhs'),(966,'dmcfhkkgx5'),(524,'dpit60zqzw'),(225,'dq36qdvqc7'),(495,'dq9gufqa5m'),(956,'dufebv0mql'),(845,'dumbell press'),(406,'dwga3kpj2f'),(997,'e2kca8pcd8'),(850,'e38id82slx'),(271,'e4mp3ugi7e'),(753,'e4ncslwlmq'),(613,'e6etna66x9'),(847,'e6etna66x9'),(911,'e6etna66x9'),(151,'e8121sxop0'),(329,'e8121sxop0'),(362,'e8c2ik1nkg'),(307,'edjr4voa6x'),(611,'edjr4voa6x'),(818,'eej9kcfrb5'),(821,'ef51uak55a'),(685,'efid2u0ipx'),(236,'efkfv88gb6'),(330,'eihc8hpymo'),(251,'ek83r23nqc'),(502,'ek83r23nqc'),(579,'ek83r23nqc'),(738,'elks39xgnc'),(836,'elks39xgnc'),(676,'emh6cy9r5s'),(742,'eoxe8vufuw'),(266,'er8fa05x9a'),(676,'er8fa05x9a'),(841,'er8fa05x9a'),(665,'erqvg3lgqj'),(167,'ewmg3u4x2h'),(284,'ewmg3u4x2h'),(700,'exsrl0593s'),(337,'eycnat6eix'),(808,'f2bb7i48h4'),(577,'f6ffeyqxmd'),(118,'f83fdic6mb'),(684,'f83fdic6mb'),(868,'fentzxg8rf'),(350,'fimt9pa779'),(0,'fqis71ya4b'),(179,'fqpndo3w72'),(211,'fqpndo3w72'),(225,'fqpndo3w72'),(864,'fqpndo3w72'),(973,'fqpndo3w72'),(490,'frseflonxc'),(204,'fs8jgwtv8r'),(345,'ft0whjo2yt'),(347,'ftara9kym1'),(756,'ftara9kym1'),(856,'ftara9kym1'),(87,'ftx2535hfs'),(524,'fv61k3hwej'),(666,'fv61k3hwej'),(263,'g0511ybh52'),(40,'g1z86ejowo'),(179,'g1z86ejowo'),(972,'g2hl7dxoaj'),(731,'g2vf5w5j1u'),(180,'g3sw2u9v7y'),(80,'g7y6ik1nms'),(290,'g7y6ik1nms'),(555,'g7y6ik1nms'),(562,'g7y6ik1nms'),(938,'galapalkfn'),(995,'galapalkfn'),(298,'gb0am3c29g'),(42,'gctk3prx3d'),(812,'ge78d6ic4q'),(585,'ggs2kx10pf'),(659,'ggs2kx10pf'),(764,'ggs2kx10pf'),(853,'gh8a6nze98'),(32,'gi1pheh7ad'),(800,'gj85altu23'),(997,'gj85altu23'),(503,'gk4cxpc928'),(882,'gk4cxpc928'),(997,'glyva3ubpw'),(383,'gmhcwjj42z'),(784,'gmuf9vf0lg'),(274,'gne3nrudy5'),(681,'gr3bes12ga'),(664,'gt8s0h672t'),(155,'gv6qp6mxvn'),(296,'gv6qp6mxvn'),(720,'gxgiw3p6mt'),(329,'gyac4qv1pc'),(736,'gyac4qv1pc'),(871,'gz2bvgckpa'),(958,'gz2bvgckpa'),(788,'gzmj7tc7y7'),(144,'h1wr7o92yz'),(150,'h1wr7o92yz'),(928,'h1wr7o92yz'),(338,'h25nkb56a6'),(678,'h25nkb56a6'),(463,'h2oobswirh'),(116,'h5hhjv52yd'),(271,'h5hhjv52yd'),(874,'h5hhjv52yd'),(960,'h5hhjv52yd'),(365,'h8wjur2oz4'),(631,'h8wjur2oz4'),(886,'h8wjur2oz4'),(978,'h8wjur2oz4'),(96,'ha27ckzw20'),(734,'hfghpzb6ch'),(258,'hkpu92p341'),(817,'hn960y9sux'),(180,'hni6zgcc3v'),(711,'hni6zgcc3v'),(163,'hnwm83jwyz'),(921,'hnwm83jwyz'),(735,'hq3zt66z4a'),(929,'hq3zt66z4a'),(993,'hq3zt66z4a'),(127,'ht5wq7zt2j'),(502,'ht5wq7zt2j'),(418,'hvkopseaqh'),(198,'hvsis99h9c'),(657,'hvsis99h9c'),(916,'hvsis99h9c'),(572,'hvziwxyfj4'),(253,'hyoa0ngyr6'),(435,'hyoa0ngyr6'),(555,'hyoa0ngyr6'),(587,'i0y4dryztg'),(375,'i26r8jq7ga'),(432,'i2ga69mkyv'),(855,'i2ga69mkyv'),(439,'i68xn9o7wy'),(360,'iab8gmc9j2'),(993,'iab8gmc9j2'),(53,'iaes0v2xds'),(990,'ibejryjc8t'),(189,'ibli99g3pw'),(356,'ibli99g3pw'),(983,'icgzlf4t05'),(52,'ie52103jdj'),(192,'ih15posgtx'),(671,'ih15posgtx'),(207,'imoyje1cf'),(950,'imoyje1cf'),(765,'int5a36w2m'),(395,'ipu7di7b6t'),(176,'iqrfwbxg4h'),(432,'iqrfwbxg4h'),(150,'is3o535cf9'),(71,'isuofcisf9'),(383,'isuofcisf9'),(759,'isuofcisf9'),(837,'iy4yd84tcm'),(584,'iz027dq2r8'),(735,'iz027dq2r8'),(278,'j0divq0ncs'),(424,'j0divq0ncs'),(686,'j26p550gm5'),(794,'j26p550gm5'),(63,'j36vzyaa10'),(943,'j36vzyaa10'),(822,'j3omnjh4l8'),(255,'j7jlx5vp6f'),(939,'j7jlx5vp6f'),(56,'jcc3dsg510'),(104,'jcc3dsg510'),(395,'jcc3dsg510'),(404,'jcc3dsg510'),(435,'jg0fd7sskf'),(893,'jg0fd7sskf'),(337,'jg7t7phql8'),(427,'jg7t7phql8'),(533,'jgxm5nuyzn'),(547,'jgxm5nuyzn'),(881,'jjeyw4gruy'),(752,'jn2nx6g39x'),(779,'jn2nx6g39x'),(839,'jn2nx6g39x'),(551,'jozeql32bc'),(138,'jppznzz5yg'),(339,'jppznzz5yg'),(910,'jqnptfqkj7'),(43,'jqwwwbzauk'),(169,'jqxlqker3m'),(500,'jqxlqker3m'),(389,'jr759xom66'),(702,'jr759xom66'),(462,'js4xwyr62m'),(583,'js4xwyr62m'),(710,'js4xwyr62m'),(885,'jt2qk703n3'),(662,'jtm1pr8diz'),(61,'jw0oe238r9'),(150,'jw0oe238r9'),(835,'jwpnk5x2ws'),(398,'jyo9m11ph8'),(551,'jz9f20pwik'),(855,'jztm1tj3sb'),(19,'k3o2v3qkek'),(184,'k3pbr3ldt4'),(646,'k3pbr3ldt4'),(742,'k3pbr3ldt4'),(824,'k90b4djejk'),(811,'kcr08smw76'),(229,'keg8btbeht'),(895,'keg8btbeht'),(698,'kf87d2c1mm'),(791,'kg6q127lvl'),(921,'kg6q127lvl'),(642,'kgckrzr3u1'),(668,'kgckrzr3u1'),(872,'kgckrzr3u1'),(977,'kgckrzr3u1'),(379,'kjgiax7foa'),(952,'kl06pt8xe1'),(91,'km5xq9osgc'),(37,'ksd6weeqz2'),(326,'kxdfoaj621'),(948,'kxdfoaj621'),(88,'kziv806tx1'),(819,'l17kown2pb'),(693,'l1arc7ubea'),(638,'l1pk7sb8ye'),(693,'l1pk7sb8ye'),(856,'l1pk7sb8ye'),(755,'l3mykweusa'),(318,'l61mixeja8'),(728,'l61mixeja8'),(291,'l7toip4zt4'),(447,'l7toip4zt4'),(603,'l8olilswkm'),(25,'l9hela6hi1'),(330,'lajgqlt1ku'),(623,'lajgqlt1ku'),(532,'lb5nbauoxr'),(833,'lb5nbauoxr'),(261,'ld6fm5liw1'),(663,'ld6fm5liw1'),(451,'lfwjayz33u'),(363,'ll3dkxwyik'),(383,'loj4pilyi5'),(497,'loj4pilyi5'),(192,'lrick6jgme'),(77,'lsh4cbd6dh'),(241,'lsh4cbd6dh'),(656,'lvv9eaypem'),(985,'lvv9eaypem'),(83,'lx7ypyjndy'),(824,'lx7ypyjndy'),(916,'lx7ypyjndy'),(912,'lxsltvr538'),(340,'lzd84sl0vz'),(848,'m1139ovi2v'),(964,'m1cgc2tceb'),(640,'m2gasqysqs'),(457,'m3a8vnx71x'),(464,'m3a8vnx71x'),(157,'m5mhqwlwiw'),(209,'m5mhqwlwiw'),(252,'m5mhqwlwiw'),(546,'m685tkmu3x'),(834,'m685tkmu3x'),(987,'m685tkmu3x'),(308,'m98kromnvd'),(885,'maobty2cjk'),(122,'maqdtv16i9'),(918,'maqdtv16i9'),(190,'mck3lzjvdd'),(520,'mck3lzjvdd'),(625,'mck3lzjvdd'),(180,'mfx3e4e8d5'),(463,'mhecve2vw2'),(630,'mhecve2vw2'),(162,'mivgimslb8'),(4,'mk5kv3ihex'),(368,'mk5kv3ihex'),(742,'mk5kv3ihex'),(697,'mktcdi6om5'),(217,'ml1jum5esi'),(405,'ml1jum5esi'),(433,'ml1jum5esi'),(89,'ml86m3gwwr'),(426,'mn8tpv9a2b'),(425,'mp44p2d4ux'),(987,'mp44p2d4ux'),(567,'ms076mp3ct'),(120,'mx349neyfe'),(817,'mx349neyfe'),(851,'mxp1178suw'),(414,'n6zt0ij7nf'),(646,'n6zt0ij7nf'),(673,'n8d3ybwzqs'),(812,'n8owmpwuko'),(315,'ncqiis5mjs'),(438,'ncqiis5mjs'),(436,'nftw9c92ce'),(511,'nftw9c92ce'),(663,'nh9ytvjgjr'),(450,'nhycdx80wi'),(230,'nnq4aqemuo'),(294,'npdnqkjun0'),(117,'nqorkujvs7'),(729,'nytmpbadjq'),(2,'o2a593affr'),(25,'o2a593affr'),(357,'o2a593affr'),(104,'o2ncw03tau'),(205,'o3lbyl5leq'),(519,'o3lbyl5leq'),(950,'o4tb3459gp'),(453,'o8shs24ikc'),(56,'oa8vp6bn8g'),(377,'oa8vp6bn8g'),(387,'ob5wpowmhl'),(69,'oburtjhvmg'),(680,'ocl43egp6w'),(73,'oevehh14ja'),(575,'of7ie7ylig'),(65,'ohlbi061ax'),(74,'omay03ke9t'),(551,'omay03ke9t'),(250,'oot4s0lrl3'),(652,'ophdkfz7bg'),(827,'ophdkfz7bg'),(493,'or4mji7mp1'),(856,'or4mji7mp1'),(979,'or4mji7mp1'),(746,'orku96x74w'),(334,'ouhrttlkne'),(791,'ouhrttlkne'),(846,'ox6yjwh3qt'),(918,'ox6yjwh3qt'),(556,'oypl2h3n2k'),(893,'oypl2h3n2k'),(990,'oypl2h3n2k'),(932,'pazxa9145o'),(30,'pe5vaqs8md'),(233,'pe5vaqs8md'),(766,'pe5vaqs8md'),(986,'ped54f2jc9'),(609,'peo2sivfsp'),(343,'pf2i0nf1yz'),(981,'pf2i0nf1yz'),(16,'pfsqolep38'),(147,'pfsqolep38'),(362,'pfsqolep38'),(42,'pgt5jkzk8c'),(715,'pgt5jkzk8c'),(702,'pguua2njww'),(466,'pjecofqnx2'),(926,'pjecofqnx2'),(994,'pjecofqnx2'),(371,'pqih2mhkkt'),(528,'pqih2mhkkt'),(531,'pqih2mhkkt'),(652,'pqih2mhkkt'),(645,'ptzkgmj1zo'),(630,'pvbabxtcsz'),(631,'pvbabxtcsz'),(763,'pvbabxtcsz'),(169,'pxx4yvjo49'),(563,'pxx4yvjo49'),(839,'pxx4yvjo49'),(910,'pxx4yvjo49'),(346,'pyioddpscx'),(638,'pyioddpscx'),(430,'q5drphaoqh'),(470,'q5drphaoqh'),(241,'q5xehw3pv3'),(199,'q7cjgjv7l5'),(255,'q9uq2aa46y'),(457,'q9uq2aa46y'),(634,'q9uq2aa46y'),(720,'q9uq2aa46y'),(335,'qauxtprm3z'),(836,'qauxtprm3z'),(394,'qb5xqgxm41'),(918,'qb5xqgxm41'),(12,'qeg02y56ba'),(281,'qeg02y56ba'),(460,'qemzgqphms'),(692,'qfft4214qb'),(20,'qgo8dl8yti'),(8,'qhfoaxamse'),(347,'qhfoaxamse'),(381,'qjemsahqjw'),(736,'qjemsahqjw'),(756,'qjon11gdyy'),(741,'qmjtchcg3a'),(850,'qmjtchcg3a'),(243,'qmynqyddod'),(229,'qo8qav4f3o'),(397,'qo8qav4f3o'),(588,'qo8qav4f3o'),(851,'qo8qav4f3o'),(905,'qo8qav4f3o'),(18,'qoevv4p6cy'),(361,'qp2lfmwqcu'),(499,'qp2lfmwqcu'),(535,'qp2lfmwqcu'),(458,'qptz094aee'),(670,'qptz094aee'),(913,'qpwybak3i0'),(297,'qt4y4q1rzq'),(687,'r00wl84v1o'),(754,'r00wl84v1o'),(636,'r3tbw84gvf'),(673,'r3tbw84gvf'),(860,'r7p825ipa1'),(647,'r7rmmqb9zu'),(522,'r927tm334n'),(672,'rfoc9obsrd'),(439,'rizhphgh95'),(583,'rizhphgh95'),(755,'rizhphgh95'),(76,'rj0v475xzs'),(808,'rk4bk29jeb'),(203,'rktvnhkoqz'),(292,'rktvnhkoqz'),(532,'rp4x1kzjpp'),(716,'rp4x1kzjpp'),(314,'rvd4rkew8w'),(586,'rvd4rkew8w'),(639,'rvd4rkew8w'),(993,'rvd4rkew8w'),(971,'s1plcqnp5r'),(282,'s1tnba1oka'),(374,'s6g6zt0qr2'),(625,'s8nmwcqek3'),(845,'s9zp8sdlnn'),(704,'sb5h3wnljo'),(29,'sda2ru1zeg'),(870,'sda2ru1zeg'),(802,'sdfxh2vvd6'),(45,'sezuv5v8la'),(833,'sezuv5v8la'),(184,'siisqrkixm'),(213,'siyfn0i13c'),(256,'siyfn0i13c'),(904,'sjma4bw6kh'),(128,'sjveab0yzd'),(960,'sjveab0yzd'),(298,'sm1pjqssf3'),(316,'sm1pjqssf3'),(322,'sm1pjqssf3'),(980,'sm1pjqssf3'),(501,'smr2dtuhca'),(304,'squat'),(1001,'squat'),(795,'sv74mst7lr'),(94,'svglbx1yw9'),(960,'svglbx1yw9'),(582,'swa4mruz7y'),(842,'swj1ravrix'),(715,'syi6fk7ibk'),(612,'t1yohwyd4k'),(884,'t1yohwyd4k'),(953,'t1yohwyd4k'),(363,'t4eficzk6t'),(349,'t5p8ghkezz'),(533,'t5p8ghkezz'),(682,'t5p8ghkezz'),(981,'t5r93i43sr'),(429,'t69e9ddgl1'),(791,'t8exogi8kh'),(938,'t9ke2v0hns'),(89,'tadpsxzqqp'),(516,'tadpsxzqqp'),(240,'tbwpib6go7'),(30,'tijn4zov8'),(336,'tlt1ikyvsg'),(742,'tlt1ikyvsg'),(346,'ttyw5lp67w'),(398,'ttyw5lp67w'),(362,'txuh2pw0lp'),(752,'txuh2pw0lp'),(14,'tyb9gkztub'),(397,'u09fzop3b4'),(487,'u09fzop3b4'),(607,'u4x1v62ee8'),(503,'u8byxfylbe'),(439,'ubbi57cln2'),(465,'udsglwhxay'),(781,'uk7tx195k5'),(978,'uk7tx195k5'),(279,'ukgdsafm95'),(870,'ukgdsafm95'),(206,'unmi6kby05'),(409,'unmi6kby05'),(164,'urczliagr2'),(212,'uuhvzx3ek4'),(716,'uukuztudxt'),(87,'ux79dbalzj'),(968,'ux79dbalzj'),(97,'uxrr1wlcnt'),(915,'uxrr1wlcnt'),(472,'uyp8tzlna0'),(702,'uyp8tzlna0'),(787,'uyp8tzlna0'),(209,'uzfdq9dbfb'),(225,'v2i8ggft4q'),(22,'v3jtc0gagt'),(498,'v3jtc0gagt'),(799,'v3jtc0gagt'),(155,'v4xr8lz9xu'),(799,'v8xxiehsta'),(864,'va636udfnk'),(150,'vecn9i77c5'),(926,'vecn9i77c5'),(338,'veggtjqzil'),(776,'vfcdnrj6vy'),(994,'vfcdnrj6vy'),(161,'vfpx50p59c'),(505,'vhf28b9sy9'),(591,'vhf28b9sy9'),(863,'vhf28b9sy9'),(460,'vim0i6iksl'),(410,'vjh6p79pe2'),(526,'vjh6p79pe2'),(892,'vjq25bjq87'),(165,'vlq0c8p4jz'),(942,'vnevc2t1iz'),(530,'vqd4991asb'),(292,'vtlf4m4b93'),(513,'vw797zsxwj'),(899,'vwwqdbqapb'),(776,'w3f7qzyutt'),(19,'w4yn60b9bu'),(197,'w5gj2r6jbf'),(551,'w5gj2r6jbf'),(765,'w5gj2r6jbf'),(0,'w91jsy2xc3'),(149,'w91jsy2xc3'),(355,'wfi17qcprp'),(907,'wfi17qcprp'),(286,'wicn3csjem'),(672,'wicn3csjem'),(171,'wopo5jl06q'),(392,'wr6dqdu43u'),(465,'wr6dqdu43u'),(626,'wr6dqdu43u'),(942,'wtn7nwjkrz'),(586,'wx6zwivdir'),(209,'wxfwissza5'),(828,'wxmqkow1h5'),(506,'wxsys9qyzv'),(813,'wxsys9qyzv'),(960,'wxsys9qyzv'),(786,'wy9u4w7uzh'),(789,'wy9u4w7uzh'),(470,'x3rxutim2y'),(992,'x3rxutim2y'),(486,'x7u1onf2tn'),(273,'x86fo4r8h4'),(651,'x86fo4r8h4'),(747,'xa2imz4ab0'),(669,'xawd3bgljn'),(411,'xb6tncb2l3'),(676,'xbe0s9iyft'),(50,'xda5lizi9v'),(156,'xde8v9wzcl'),(689,'xhcx6u4lir'),(162,'xi97gt9fii'),(315,'xie2s44dw3'),(132,'xldxmn5thq'),(726,'xldxmn5thq'),(67,'xnbk907zoj'),(423,'xnbk907zoj'),(895,'xnbk907zoj'),(389,'xobjf424e3'),(492,'xobjf424e3'),(98,'xpmlvmx8pe'),(107,'xpmlvmx8pe'),(358,'xq5pvz9llg'),(640,'xq5pvz9llg'),(390,'xrp7ncyrd3'),(441,'xrp7ncyrd3'),(455,'xvqfza4u6c'),(820,'xvqfza4u6c'),(313,'xvujhr2euv'),(889,'xvujhr2euv'),(410,'y0s6gn6g56'),(45,'y49deko4d6'),(139,'y49deko4d6'),(457,'y49qimhnx4'),(135,'y5jaect4my'),(212,'y5jaect4my'),(603,'y5jaect4my'),(34,'y5tsj1iddl'),(329,'ychqch8ug1'),(708,'yfiv4j9lhs'),(306,'yjtzjxcci8'),(887,'ylwfk43vbo'),(332,'ym30x0fk0m'),(750,'ymxj2viyq5'),(49,'yn3lifb73g'),(999,'yptlreqd1t'),(47,'yptorbe2sk'),(794,'yptorbe2sk'),(835,'yrai3d1cg8'),(519,'yrvafpeuok'),(612,'yrvafpeuok'),(761,'yrvafpeuok'),(218,'ysccl96gle'),(451,'ysccl96gle'),(485,'ysccl96gle'),(785,'ytk9pvx56t'),(107,'yv0ww21i3f'),(345,'yvfd81csw7'),(920,'yvfd81csw7'),(831,'yznpd03rka'),(707,'z3rrixat34'),(773,'z3rrixat34'),(816,'z5p88cz9pi'),(117,'z65sdg2he6'),(523,'z65sdg2he6'),(118,'z6kztui54l'),(375,'z79rrud6lp'),(839,'z79rrud6lp'),(832,'z7nxjt2mc3'),(426,'z8es9chno7'),(526,'z8es9chno7'),(618,'zdhp56t338'),(599,'ze4m8uryjy'),(791,'ze4m8uryjy'),(925,'zelf54679o'),(321,'zfpk1gb3zz'),(784,'zldchtzjv2'),(968,'zldchtzjv2'),(349,'zmddrqar3o'),(406,'zmddrqar3o'),(431,'zug2rz3rta'),(480,'zug2rz3rta'),(202,'zxn379jb9j'),(304,'zxn379jb9j');
/*!40000 ALTER TABLE `containing` ENABLE KEYS */;
UNLOCK TABLES;

--
-- Table structure for table `exercise`
--

DROP TABLE IF EXISTS `exercise`;
/*!40101 SET @saved_cs_client     = @@character_set_client */;
/*!50503 SET character_set_client = utf8mb4 */;
CREATE TABLE `exercise` (
  `exercise_name` varchar(255) NOT NULL,
  `duration` int DEFAULT NULL,
  `description` varchar(255) DEFAULT NULL,
  `rep_count` int DEFAULT NULL,
  `met_value` double DEFAULT NULL,
  `muscle_name` varchar(255) DEFAULT NULL,
  PRIMARY KEY (`exercise_name`)
) ENGINE=InnoDB DEFAULT CHARSET=utf8mb4 COLLATE=utf8mb4_0900_ai_ci;
/*!40101 SET character_set_client = @saved_cs_client */;

--
-- Dumping data for table `exercise`
--

LOCK TABLES `exercise` WRITE;
/*!40000 ALTER TABLE `exercise` DISABLE KEYS */;
INSERT INTO `exercise` VALUES ('00tu8xuti3',7,'8rwis1y20p8',9,11.9,'undefined'),('01bfhpqsh8',14,'ts3zzpbif2g',9,9.94,'wrfsbsskya'),('047hwu5d7j',16,'d5m47itxia8',10,7.61,'5xbwr73uwv'),('04efd4ezq7',18,'xrlrpbsa78b',8,19.8,'3l0pmhz9s7'),('0500waeotc',15,'ys2e91h2ub',10,15.2,'a9hr8tnash'),('0532wq4cme',9,'ucu7qk6atp9',11,2.06,'oaonu3fwmn'),('062gfqtl2x',19,'3r3jge8m5f',9,3.57,'quh9u6qsn4'),('064am8f7xf',5,'gateuxkybyn',9,10.4,'jwkp2zw6n1'),('06gdpikxx5',7,'6t861zwjl1a',11,18.5,'xofxkzn4de'),('06k8k8mkgv',13,'u4wnb8mwx2',9,9.03,'1pvsw65nm8'),('072b2qwthg',13,'nyn4spu8yjg',10,19.8,'eeqskjwn2l'),('07i9kzvfwi',10,'7cm399g8r86',8,1.12,'x79qs8pu59'),('08flytc0yi',7,'mj0c6nswuei',11,8.16,'s3psdp41sc'),('08orc5w4xu',19,'ly79qrn5b7',10,12.5,'zw0yy84a5x'),('0bk8wop8rx',18,'p7r635ecjy',10,17.8,'sbsmbsyl70'),('0cfbtkmhw5',18,'nwswbdoebjq',11,10.3,'sbsmbsyl70'),('0df3aup8ba',11,'10k4bmkupwrr',8,15,'8r2b4md8sf'),('0e3qfhfz8x',11,'i4yj8ejf5bk',10,8.77,'sx2fcnci7f'),('0eahv0x986',12,'4mhnho62phg',8,11.6,'d8nqiia85n'),('0eqwf9mhwb',13,'ljso7u1wxs',10,19.1,'1pvsw65nm8'),('0eu0ta077b',15,'tyvspy4sxwq',8,1.31,'65f12imxp3'),('0g5wbhqp5r',8,'e3o55517seb',9,10.5,'ixdjuq36jg'),('0hjaelmvbg',14,'ity0lvjbb1k',8,3.67,'eeqskjwn2l'),('0l1jel5p3g',15,'upe59gao29',8,19.5,'3l0pmhz9s7'),('0mr4827drf',15,'694okykoe5o',8,18.5,'96rkp7tu50'),('0otnp9vdto',6,'xl6ygy77nx',9,14.5,'quh9u6qsn4'),('0q0u4dyhsl',7,'wimtwq28cr9',8,3.39,'wvdyyx3at0'),('0q3ulvysws',11,'ih4uu43s4z',11,19,'93wtu3ry1o'),('0t666pk097',6,'s16wj9sxg6q',8,3.38,'xofxkzn4de'),('0u7nzc0bh2',7,'vssz5j0xly',11,5.36,'4pardvh0jx'),('0vzwrj4z1r',19,'26ye7bvfyax',11,17,'sx2fcnci7f'),('0zl4bqe639',19,'62ox8cujk7i',8,8.32,'oaonu3fwmn'),('10sxcichy3',10,'gj99c96yc35',9,11.5,'hms7omtj8o'),('13fzy4i132',13,'mjneup3tapm',10,2.96,'eeqskjwn2l'),('14jdid628b',14,'m4rv3yohnom',10,2.23,'96rkp7tu50'),('14pumcxiax',6,'akbesipava9',10,2.13,'cusdv52h0w'),('14rwmddm3z',5,'l7q29xqyz6',11,6.88,'jd4fipft6f'),('15kcp6z7qa',19,'3mck49li79b',11,7.03,'ns34tpsgu3'),('15q03m6dn4',14,'2audu19xxv',9,5.32,'fp67bgzet2'),('179ocyip9l',10,'p7vznn8sixn',8,11.8,'0tf6nmfoxa'),('1952j8clkg',12,'j0plh0syr3e',9,8.91,'yw1rvfi9h2'),('19xivdnn41',8,'udm3h9ptlar',11,6.38,'3xx5h79eqn'),('1e511cggje',5,'m7t8f8i3qa',8,9.07,'quh9u6qsn4'),('1eane48w69',13,'zi3rx6dit8e',11,9.27,'bb1dsay84h'),('1hluub6rq2',5,'eise20484p',11,12,'96rkp7tu50'),('1i8qtcw5mv',10,'m7nd8a89qt',11,9.53,'9j2mfw9465'),('1jvb7mj435',10,'c0t6hxvhbnf',9,10.7,'1pvsw65nm8'),('1lfwtoaww0',7,'tzyclj0ol4',10,6.62,'qs61rgvc1z'),('1o9zcvjhcg',7,'3664ixozq0g',10,6.46,'wrfsbsskya'),('1pfty7eiro',14,'trixkrw5dm',8,3.43,'a9hr8tnash'),('1ric7sy8bp',13,'9jx3abvfmdu',11,7.09,'9d5t3r56h0'),('1vmch12lo9',5,'2a999dd80sy',10,8.41,'impnnjbgng'),('1wvqjsn8qi',9,'jbtc1uudy1',9,8.01,'5xbwr73uwv'),('1x2bri0jjx',7,'3suwov88rkj',11,17.5,'wehtbgfla6'),('1xeteq3z25',8,'vhwpdpzyv3o',11,4.49,'jd4fipft6f'),('1yhqd8ummu',14,'xadtd2xdqag',11,16,'9j2mfw9465'),('1z5zp5seno',13,'bwxabxp1d9k',11,5.67,'96rkp7tu50'),('1zrcgv4rb8',17,'uu5hyc6lg28',10,14.1,'93wtu3ry1o'),('1zvx94igve',8,'hpx63tidqwu',9,8.73,'yw1rvfi9h2'),('20p72uav6b',16,'l3uhinjqwi',9,12,'jd4fipft6f'),('25as5zxbem',17,'ewx4rjw77vk',11,14.3,'1aalj4pqdf'),('2bt1einktl',8,'abjl6e159m',8,5.78,'bb1dsay84h'),('2bz40mripo',16,'lmdcmiw7i5t',9,2.2,'sx2fcnci7f'),('2cd963upep',5,'lxtot4w7ci',9,16,'d8nqiia85n'),('2fa6god4ae',18,'7gaaisvj3fl',10,6.18,'ixdjuq36jg'),('2gi91vnnu4',9,'q6jh4uh4cmk',8,2.82,'ns34tpsgu3'),('2k49e9jz9d',13,'bnv4aag5mt',9,5.15,'wrfsbsskya'),('2rfw3b7l5h',7,'kaiwd0b5i5i',9,2.87,'1hnhau3owb'),('2rubtf8zi5',17,'wkevl1os8k',11,1.37,'r1kww8e2p1'),('2rvfl01ofk',13,'ov438wh1c0l',10,11.3,'3xx5h79eqn'),('2urocfulsi',12,'3sciew7w7uq',11,11.1,'jd4fipft6f'),('2we006j51q',6,'jskjanvyjrc',11,13.5,'1pvsw65nm8'),('2ywrnk6uvo',5,'yyns05kpkqa',10,9.11,'d8nqiia85n'),('2znzg9e82m',17,'sgg8nfxk1l',10,2.89,'kfovmnegu7'),('31i0zqzyvq',9,'5ikqjitwcfp',11,2.5,'qs61rgvc1z'),('32p5oxifma',12,'a22b099msa4',11,5.5,'kfovmnegu7'),('339tcfyh7a',14,'6ao0uu2ut4d',10,6.39,'yw1rvfi9h2'),('35rar5ds1t',7,'0dzkoc72rsjv',9,17.9,'1pvsw65nm8'),('38fmm9qpvo',15,'nq8iv9i0bhb',10,1.99,'jwkp2zw6n1'),('38w8e3iqpj',13,'22a3an464vr',8,1.43,'96rkp7tu50'),('39btfedsgo',9,'4zmxo3sjpe3',9,7.82,'9d5t3r56h0'),('3ahqps0ctn',15,'9c5grau1dxs',8,5.18,'1aalj4pqdf'),('3auiosmsly',19,'4u03hy1a9t8',9,12.3,'quh9u6qsn4'),('3b4hjswnjg',10,'mvj7yu33xvm',9,13.2,'oaonu3fwmn'),('3dgxa3qxbp',18,'6twe75xxz1v',8,8.59,'bb1dsay84h'),('3do8g3l81u',9,'dxg00nxo6m6',9,19.6,'6svq63eznj'),('3ff4iw7h5c',12,'4rphg19tzzi',10,2.9,'hms7omtj8o'),('3giat1l87m',15,'2rm3qwq6a1o',9,18.4,'1hnhau3owb'),('3hr27zfryh',19,'rpo7yiz0l5p',8,6.96,'827lhluym5'),('3nkrx12yt4',16,'54qmu7ve5fe',9,2.1,'wehtbgfla6'),('3nqklwyrg8',5,'e8sjni8g5t9',8,8.07,'9j2mfw9465'),('3p20bncmjd',16,'8viv18a93ip',10,14.4,'9j2mfw9465'),('3pnny1af4d',13,'85bsi39yoa7',9,1.55,'4pardvh0jx'),('3qtyx46eet',12,'ohx9dh4cc89',11,10.6,'g1xzvz75rp'),('3re6dtvwx8',8,'2b6am7k9qca',11,19.5,'5xbwr73uwv'),('3u29k62z97',8,'c31oqaikcpr',9,9.81,'g1xzvz75rp'),('3ve64b7y9y',12,'svpz4jlszpq',8,14.6,'6svq63eznj'),('3wqo5nv9yr',12,'yncw6iy7rk',9,16.1,'1hnhau3owb'),('3xgl8yzy28',8,'677n341cy8a',8,10.8,'3l0pmhz9s7'),('3xvite4cfe',15,'1c3089b8hgi',9,3.73,'bb1dsay84h'),('3yjidfxd1y',10,'l8b7drbgoil',9,9.38,'yw1rvfi9h2'),('3yzuctj9fa',16,'8qexd6dq7ea',11,7.74,'ixdjuq36jg'),('3zhrm65767',13,'xdyl8hxp8lo',9,6.67,'8r2b4md8sf'),('3zmi9hsfu6',13,'nqovycufxrr',11,1.58,'d8nqiia85n'),('40c2wdifg9',14,'f4jjxvyowg6',10,13.7,'827lhluym5'),('40lla7ln6s',11,'abon95iwsa',8,13.4,'0tf6nmfoxa'),('434ic92szz',6,'060m0251rzn6',8,8.5,'wehtbgfla6'),('44ikuv2tkw',15,'co2fu3tgn2p',11,8.98,'6svq63eznj'),('46fluem04r',11,'3oxbzn2xdmn',8,12.6,'a9hr8tnash'),('46oauo2sdb',6,'c65mqcm2gnp',10,17.6,'3xx5h79eqn'),('48smw4pnm7',19,'0yg2qi7pkr5',9,2.71,'impnnjbgng'),('48txpuo8zq',12,'vlxsngjyos',8,9.42,'hms7omtj8o'),('49km4jao95',9,'mfqa8vwtlsf',8,12.6,'1hnhau3owb'),('4a7hh2uoh0',13,'ufn5e067g2g',9,2.92,'9d5t3r56h0'),('4ay0961xx1',16,'8gnppi9e0ob',10,9.21,'zw0yy84a5x'),('4b5td2008l',5,'b2jrn7vr91',9,4.32,'xofxkzn4de'),('4c7l1pptq6',13,'sstyu6l54x',10,8.26,'1pvsw65nm8'),('4fanpuwpd6',9,'gtip5318l9f',8,3.9,'6svq63eznj'),('4hsozbgn6w',12,'4aj7zherqa8',10,14.3,'xofxkzn4de'),('4ig2a38h92',7,'fsq5tcfpi0k',10,17.6,'qs61rgvc1z'),('4iosmzksij',18,'oa93lncd18',8,6.06,'4pardvh0jx'),('4kexfaccij',12,'jjkaur2z76',9,9.39,'vdb7ef1esa'),('4omso5u57n',19,'57lf0103szn',10,17.6,'a9hr8tnash'),('4ovgp6p1cp',18,'n2w6m9canvp',11,8.92,'6svq63eznj'),('4pv6ko190u',19,'zgbhghyigsa',11,6.49,'nxefghjuo9'),('4qftkm5e87',7,'2mciigrs9iq',9,8.49,'tr5rkj2qfj'),('4swxt7ha5e',12,'8b9jd4ntce',11,18.5,'5xbwr73uwv'),('4ttuchvjvg',13,'k4ojiikxb6',8,9.86,'g1xzvz75rp'),('4v7nmfpmi6',13,'doni39vl41f',8,11.3,'yw1rvfi9h2'),('4wequc4i3z',16,'i3i705a0bzd',8,6.28,'hms7omtj8o'),('510xn4rarr',17,'e0yq8ligdfu',10,3.66,'zw0yy84a5x'),('51c13s3noa',14,'l2344s36q3',8,9.47,'wrfsbsskya'),('51vq2ykcki',19,'yp5acxh4fr',9,18.7,'1hnhau3owb'),('52e7p94jdf',7,'12g8tczs0hg',11,18.4,'1pvsw65nm8'),('54q4jjyyvt',7,'olhnw59xfwi',10,6.09,'6svq63eznj'),('56cjwzv4p8',9,'c2flvby3hl',10,6.51,'yw1rvfi9h2'),('56i2rck253',9,'yusvh5vr87a',9,6.59,'r1kww8e2p1'),('5bc3hqxwyp',11,'05ygrogxy0rg',10,1.36,'kfovmnegu7'),('5d1sg5c8za',11,'ed0zsbutd1p',8,15.5,'wehtbgfla6'),('5ek0p3p0hv',19,'wveya02ndb',9,3.36,'ixdjuq36jg'),('5fnf28fpe7',18,'gj7kkr9vwlu',10,5.09,'s3psdp41sc'),('5h8wnmaui5',10,'lj4x7r6h2v',8,19.7,'zzm69xc4cm'),('5isisrq14z',18,'j5b3fm96zsq',9,3.06,'quh9u6qsn4'),('5itegvpvwc',15,'vio1o1x2nj',10,15.9,'fp67bgzet2'),('5k939h4900',15,'neoufg55ml',9,13.7,'wvdyyx3at0'),('5ki4an34d2',9,'x1zrjxqxph',8,4.79,'jwkp2zw6n1'),('5kwpzuwehh',9,'109c30ne3zwe',11,8.91,'1pvsw65nm8'),('5lq0qbyiwo',8,'v8369gl5vgo',8,13.6,'d8nqiia85n'),('5ngvnqxfvy',9,'mhembk0hyu',10,9.97,'jd4fipft6f'),('5pp8rner5f',14,'omhtfwdiby8',8,10.9,'wvdyyx3at0'),('5qi0skdjvw',10,'ujypzfxknw',11,15.6,'zzm69xc4cm'),('5rqgnzrlhz',11,'pt4t4pd9pvr',9,1.76,'bb1dsay84h'),('5uch4zrh44',14,'cl9ib8iqxf',11,6.27,'3l0pmhz9s7'),('5uzxpiwoyj',16,'avm2yobuv0p',9,2.79,'qs61rgvc1z'),('5vr5g1uinu',7,'9j1evws9stq',8,9.71,'vdb7ef1esa'),('5x6ie7eo96',15,'xeen9yyxea9',11,18.6,'1aalj4pqdf'),('5xprmfevln',12,'f393n0og22',8,4.48,'a9hr8tnash'),('5xsfjlh4e2',9,'1nhbf8mujbr',11,2.26,'wvdyyx3at0'),('5ynu7ssalv',7,'x5ajnbwwn8',9,12.5,'g1xzvz75rp'),('5zn5nnetc8',10,'idvonag59ve',8,17.7,'sbsmbsyl70'),('60x9onijql',18,'fjkww2igi2q',10,16.1,'kfovmnegu7'),('61ce9mud9n',9,'003t8bgyb82lu',10,19.1,'8r2b4md8sf'),('61dgs6bfyq',11,'7eugcjo47w8',11,5.62,'nxefghjuo9'),('61pibyipfk',6,'vougdc4mbbg',9,19.3,'0tf6nmfoxa'),('66chh965gd',8,'fssyioqy4ps',10,10.2,'4pardvh0jx'),('68iqukmw1b',8,'uzo6y3wdnt',9,19.9,'xofxkzn4de'),('69du6czp4z',8,'rloxgzq0t1',10,3.78,'bb1dsay84h'),('6ar2pa52n6',5,'ln713xwg3m',8,17.4,'zw0yy84a5x'),('6blp50i98n',8,'m0x5565c0j',8,17.2,'tr5rkj2qfj'),('6bw7u24c5r',6,'9fe36xhawaj',8,13.4,'1hnhau3owb'),('6dphj9yiy4',7,'t03exs6phq',9,19.3,'3xx5h79eqn'),('6fak2cotda',6,'tjcxx6zq9e',9,10.2,'undefined'),('6g7i99q9lr',9,'ocjru99kxjc',9,5.88,'4pardvh0jx'),('6h8a5pu4zz',13,'3p9sc06bzsj',9,2.13,'82d295mmyi'),('6hurdsb9v5',5,'bknszf6brqo',10,18.4,'qs61rgvc1z'),('6i0d4uofsn',11,'0bolqbrhp5h',11,10.1,'6svq63eznj'),('6i9av4qx1s',7,'eljp363ikrb',10,11.7,'3xx5h79eqn'),('6l9oy5v0hr',12,'fv3tdj2cirs',9,2.2,'a9hr8tnash'),('6m7x9ewtdv',19,'82kmx6wgnpo',10,3.6,'bb1dsay84h'),('6mqm09x18v',9,'ib70ce8678i',9,15.5,'8r2b4md8sf'),('6pllrznkdf',8,'co7vpxmc8s',11,16.2,'1hnhau3owb'),('6pvhqsbbbv',5,'gcxwqpi7txp',10,1.07,'r1kww8e2p1'),('6q40na5shh',11,'odo2pf69znj',8,6.7,'65f12imxp3'),('6rjna2g3vi',13,'n3x7o1hi50l',11,10.4,'1pvsw65nm8'),('6vp2yjczvi',8,'qf74qf05mwd',10,15.1,'8r2b4md8sf'),('6vwja5jpv6',11,'ygb3qf89ltb',9,14,'5xbwr73uwv'),('6wc1rs1i6w',13,'ahk29sc4b9',9,7.01,'xofxkzn4de'),('6x1wke407k',9,'1r43xz5az2z',10,18.3,'93wtu3ry1o'),('6x2vrc023k',6,'mxyi8me5j8',9,7.87,'yw1rvfi9h2'),('71662qfb3t',7,'q4hfh6fe7z',9,7.21,'tr5rkj2qfj'),('71jc4ssrdp',10,'as35id6syaw',11,12.8,'3l0pmhz9s7'),('71p67ay41n',10,'8ptklwuo4n6',10,14.1,'r1kww8e2p1'),('73moi9clyo',5,'51fo44ug0q8',8,1.48,'tr5rkj2qfj'),('74rszzrjr7',13,'p91rldi4f2d',11,6.65,'zw0yy84a5x'),('774uw4bp3h',13,'q9cnndqp0ls',9,9.64,'1aalj4pqdf'),('7apx766jf4',13,'fx217vteclt',9,2.45,'1pvsw65nm8'),('7cgsdlprjr',14,'iun10sazik',10,10.6,'jd4fipft6f'),('7dzkii5dco',12,'1tfqdzybf7p',8,5.8,'fp67bgzet2'),('7fwdq4n8m1',16,'k4c1zi2ztid',9,13,'sx2fcnci7f'),('7gtz38y65a',19,'1muzstvthyf',8,5.71,'kfovmnegu7'),('7i52h9xdg9',5,'hshd2ivrtbk',9,5.09,'4pardvh0jx'),('7jogbrhyd6',9,'5oqmqlyh25d',10,18.9,'oaonu3fwmn'),('7lqbvukalm',15,'ysga1brpdn',10,16.5,'eeqskjwn2l'),('7lx4n57ttx',15,'ef8lrnxmm55',11,2.19,'ns34tpsgu3'),('7st7cnunk',14,'2uvja2kjv6m',11,4.88,'9d5t3r56h0'),('7syul8fxe4',6,'k7rawvhecvb',11,3.44,'0ixoq3vkrf'),('7v0btujlfo',11,'3cz1wabtl19',11,4.86,'s3psdp41sc'),('7v1vssc6wc',13,'81c18zx6no3',11,4.92,'82d295mmyi'),('7wob5na49f',6,'0dmsyd25htx',9,8.13,'wehtbgfla6'),('7y9zk2kik9',19,'nqz911gdtmf',9,14.1,'8r2b4md8sf'),('7zyvafjcm3',8,'4g47bs6oiy4',8,6.53,'cusdv52h0w'),('800v28tc3l',10,'jbks42zvthh',8,18.2,'vdb7ef1esa'),('81k1vj3a4z',19,'2044ytszi17',9,17.3,'8r2b4md8sf'),('82t5gzdsjk',9,'edoibij99aa',10,8.18,'0tf6nmfoxa'),('83erwvjw83',7,'njlh3ov0rdn',9,15.6,'0tf6nmfoxa'),('83jzjmqpmu',10,'q04z5nqqzda',11,10.7,'93wtu3ry1o'),('84ll5805nx',9,'belgm6paxo',8,11.3,'96rkp7tu50'),('871b9pzzaf',11,'5sxf9zeyqc',9,13.6,'bb1dsay84h'),('87fxu4o3vu',14,'3bs973k6u8l',10,15.5,'65f12imxp3'),('87ga9epmbx',19,'zcmu3a96y9i',9,8.17,'0ixoq3vkrf'),('88egzor91u',9,'36fmy74nrux',9,16.8,'vdb7ef1esa'),('88ks97tejt',12,'17zp1ji5zas',11,3.48,'x79qs8pu59'),('8cpfp3hxva',12,'w062mlwame',8,19.8,'qs61rgvc1z'),('8cwmrbvqdu',9,'96g3o5xsh2v',9,5.98,'93wtu3ry1o'),('8d6z4u0duq',16,'vdbzncmait',8,10.2,'undefined'),('8didneb1fn',8,'yschs5sdq0m',10,9.03,'zzm69xc4cm'),('8f17wnmui8',19,'qri32s4euv',8,18.3,'hms7omtj8o'),('8g18dbir8i',12,'dccuxl6c2z',8,11.4,'zw0yy84a5x'),('8ghqt42p9c',14,'x4i4z5vs2t',8,15.6,'fp67bgzet2'),('8k0vkitmsp',10,'9zzh82rh9fi',11,12.9,'93wtu3ry1o'),('8kqvnb3tqc',12,'9m40iqvchql',9,4.19,'3xx5h79eqn'),('8m79xm2gq1',14,'eihaiqq84u9',10,13.2,'827lhluym5'),('8mqri51a3z',12,'a4ma60aa5pe',11,5.79,'zzm69xc4cm'),('8pbuflepvu',16,'uutlqzhgltn',9,19.6,'6svq63eznj'),('8qr7h7k5jg',14,'az5nku4pd7m',10,4.08,'wrfsbsskya'),('8rqfg0q7tl',16,'cjyr0q3075',8,16.6,'x79qs8pu59'),('8ybzx3qm1f',6,'aeikboqmqbw',11,6.77,'oaonu3fwmn'),('90cxj3ovwj',8,'nc5q1r7okaq',9,2.33,'tr5rkj2qfj'),('9152d1ba0f',18,'kr5hz62l05l',10,18.9,'9d5t3r56h0'),('9295z5pk5j',19,'85vookw1au2',9,5.34,'93wtu3ry1o'),('92w2e5sv5y',10,'fjmu4llefg',11,6.17,'eeqskjwn2l'),('96ec94vrx7',7,'vzvu1v0klkm',10,12.4,'g1xzvz75rp'),('975d7cs5u0',14,'vyjpmwtreml',10,17.7,'tr5rkj2qfj'),('9b0hwy601x',14,'1nhg48us3zk',9,5.12,'9j2mfw9465'),('9bdi2oty3j',5,'r6hf6njb5ep',11,2.26,'4pardvh0jx'),('9by5ywtha2',13,'pi1v0osshj',9,1.8,'d8nqiia85n'),('9c0w2i73x7',9,'racyib7n8rp',11,5.5,'qs61rgvc1z'),('9fu2otr5yu',8,'4167hk19lx4',9,15.4,'fp67bgzet2'),('9i1ltygpvp',6,'ygs2eyht4y',8,15.5,'6svq63eznj'),('9i7yamofxu',11,'w8i0oq2d8wf',10,11.8,'fp67bgzet2'),('9lbzk66c62',18,'tzc8edaqvx',10,15,'wehtbgfla6'),('9lma7r78ze',18,'aw9gk8x7mw6',9,5.75,'cusdv52h0w'),('9n2rmsmz15',7,'wbf3x1pz9h',10,4.91,'kfovmnegu7'),('9n393ap6pe',18,'ln5tdbxz17',9,4.26,'vdb7ef1esa'),('9n7xil6593',11,'oprvbst6c',11,15.7,'9j2mfw9465'),('9nuy7uye0w',19,'9oo1nijre3h',9,1.19,'xofxkzn4de'),('9qj8b6q2ir',18,'ciulf0iypyr',10,8.72,'zzm69xc4cm'),('9rdzvl62yq',5,'5bip8go5h0p',11,13.5,'65f12imxp3'),('9xhk55w6wm',17,'v2sltylz4sa',8,7.2,'jd4fipft6f'),('9y83y15tjw',11,'j649baoftdc',10,2.71,'3l0pmhz9s7'),('9z2mkg4cra',9,'pnvh71sz9lh',11,8.38,'wrfsbsskya'),('a1pk37lj1h',12,'o297wqohf4q',8,2.88,'1hnhau3owb'),('a27c1zc5vl',6,'lxxp15zhf0e',9,9.52,'hms7omtj8o'),('a2i7ggdu2f',5,'v6w9hpwmt8',9,13.1,'5xbwr73uwv'),('a4jcmqjnj2',13,'80sfxk0qgjc',8,14.9,'0ixoq3vkrf'),('a5erelxp25',10,'ntpevlgj2gc',10,6.71,'9j2mfw9465'),('a874ele0uh',16,'7cbmipkqwqg',10,19.8,'wehtbgfla6'),('a92d13bvnp',14,'je93xgsvugs',11,19.1,'93wtu3ry1o'),('aagwvlz5rw',10,'oi7aub0t77d',9,16,'96rkp7tu50'),('ad8h15o24s',17,'c49h92hox2',9,12.4,'oaonu3fwmn'),('ae3caydx55',12,'ol07yod2emj',8,2.86,'3l0pmhz9s7'),('afvqi34q68',16,'yy2mut9o8n',10,11,'9j2mfw9465'),('agkcoy5su9',7,'flzho7vf2bm',10,9.17,'93wtu3ry1o'),('ahbhbam433',13,'rgjpe0qcnfn',10,13.8,'kfovmnegu7'),('ahc6dhgf0c',16,'hbaje74xmtm',11,9.61,'r1kww8e2p1'),('ai6ico8dyp',6,'ulvwlk0jop',9,10.4,'kfovmnegu7'),('ak18kdkp4n',16,'xxl74p66l77',9,18.2,'vdb7ef1esa'),('ak6shli7nj',12,'85ojqm4efwv',10,3.52,'cusdv52h0w'),('amfij8u3c7',8,'2czmuoynq87',9,19.3,'1hnhau3owb'),('ardagpy7es',12,'crs2sas1ko8',11,11.5,'vdb7ef1esa'),('as6vrq8k04',10,'dbc6f7j4ng',10,12.9,'1hnhau3owb'),('as7h9kca53',10,'pz8gzrdrfr',10,10.1,'eeqskjwn2l'),('asgbj9izku',8,'9fkst3yuiiq',11,16.6,'wehtbgfla6'),('asrp5hx0u9',17,'abov2i7epa8',10,10.6,'qs61rgvc1z'),('at48z9d37h',12,'f590ql8dbyh',8,12.2,'zw0yy84a5x'),('at9jztv0b1',6,'7wwvcl43vr9',10,3.72,'quh9u6qsn4'),('auxp05ebew',18,'t27l5vrid4t',11,10.9,'9d5t3r56h0'),('av37yqpj3i',14,'e93rizjap2g',11,2.79,'wrfsbsskya'),('axn0ugh8b3',15,'mngingcbf2r',10,13.4,'zw0yy84a5x'),('ay2a6pz2vq',10,'9i99yzpb5za',8,15,'wvdyyx3at0'),('ay57cfqaph',9,'8ygz0imuw5i',8,18.3,'undefined'),('ayqfxybn78',18,'aa1mvxjyoql',11,10.6,'s3psdp41sc'),('ayqujm51zt',10,'1bm4faa9888',8,11.9,'bb1dsay84h'),('az89tbftyv',11,'5rbigknsxfk',11,4.35,'6svq63eznj'),('b3kwvfffhi',6,'v9p5kmh1ty',8,4.19,'qs61rgvc1z'),('b4zdoivrgh',10,'16mujmc3igq',10,8.89,'undefined'),('b9pe9vg6r9',16,'gdavpyroypt',8,4.35,'impnnjbgng'),('benchpress',10,'lay on bench and press barbell from sternum',10,5,'Chest'),('bh2nuvvxdz',14,'lzbnktrcwo',8,10.4,'ixdjuq36jg'),('bhvdqfbhvp',13,'jqmlft9sz7d',11,2.4,'yw1rvfi9h2'),('bio8aekd7x',12,'9eddp0ectl',11,5.65,'oaonu3fwmn'),('blp0iefx38',15,'wfr9civrxp8',8,13.4,'hms7omtj8o'),('bm55yqr83l',19,'ehn31u09a5q',9,4.38,'undefined'),('bm961lzo3f',17,'iq1egxnasvm',10,4.21,'65f12imxp3'),('bpq2rrke0f',17,'2iy4ngyqyzu',10,17.4,'vdb7ef1esa'),('bqmeges3ic',16,'nhbdid2opg',8,11.5,'undefined'),('br3kdv7cf6',13,'gqonwee6m9i',10,19.6,'827lhluym5'),('btiwtfux6t',17,'hj8lahw5maj',8,5.55,'fp67bgzet2'),('bupzyslzmx',19,'5dy0swhphla',8,13,'93wtu3ry1o'),('bvvnbfnmf4',16,'0s9md9iun3v',8,5.13,'wvdyyx3at0'),('bwr7n4lpuw',14,'genf49ocgmu',10,12.5,'1pvsw65nm8'),('bwvestxuul',16,'wi8ro2eiv6e',8,1.52,'wrfsbsskya'),('byfiv7ccfm',5,'y007w43nfza',8,4.14,'impnnjbgng'),('bzlttpo3d6',18,'gfyunb4lhx',10,5.69,'9d5t3r56h0'),('c0id89e8jv',15,'njhhuj396l8',10,11.8,'tr5rkj2qfj'),('c0or1ra23i',16,'8jzwjj50q2w',9,8.42,'tr5rkj2qfj'),('c1bg1xruk7',11,'eg8t4ljom6h',10,4.61,'65f12imxp3'),('c1fclxeh28',10,'k8u6pkjhwg',9,17.6,'tr5rkj2qfj'),('c1yr3q63yv',9,'zflfkl8minl',10,9.87,'s3psdp41sc'),('c2mwqv4vpk',19,'3nayvq6f6wn',9,1.42,'quh9u6qsn4'),('c67czctlk3',11,'kr950jyzp5k',11,2.59,'hms7omtj8o'),('c68axmbc0w',5,'04l260hfqf6k',9,19.3,'d8nqiia85n'),('c7lyk2flb1',16,'w81by3ojpq',9,14.3,'sx2fcnci7f'),('c9ay5z7smm',6,'4f5xxfsmrx5',8,2.29,'impnnjbgng'),('cao95k885n',12,'qpb7agr3wh9',9,9.75,'xofxkzn4de'),('cdfwm44n8z',14,'ktkt5w6h73p',10,6.1,'82d295mmyi'),('cf2u9lpbot',15,'loaw2srm35s',11,19.3,'8r2b4md8sf'),('cgl0wlgsbq',14,'6l7t4cjhru9',8,4.32,'jd4fipft6f'),('ch4szzn97r',13,'p6dqd3cag',11,12.7,'1hnhau3owb'),('chmw0ee2kj',12,'bqtjjiq4s9q',9,18.1,'sbsmbsyl70'),('chxkpygicm',9,'x8s0ykh8q0r',8,7.47,'bb1dsay84h'),('cjc4r404zl',19,'tscmz48vmam',11,3.23,'wrfsbsskya'),('cjjk94bq46',19,'gh74nvjv3dv',10,17.7,'zw0yy84a5x'),('ck2faowwry',14,'3c30psj23py',11,17.3,'bb1dsay84h'),('ckzqii5dyf',9,'sq8uy79fdl',11,8.59,'96rkp7tu50'),('cmftdd6qsy',15,'g8v5u321ukb',9,12.8,'zzm69xc4cm'),('cnhkeqgvqt',12,'2rkfaooby42',9,3.33,'zw0yy84a5x'),('cnnb4fdxfk',10,'damk3pew30c',11,6.53,'sx2fcnci7f'),('cnwd37wkwv',7,'41vrbcz7ikd',11,17.3,'1aalj4pqdf'),('covjs11s97',10,'tubsk14weh',9,7.6,'ixdjuq36jg'),('crgkix05rc',6,'9r3oez9a53',8,16.1,'quh9u6qsn4'),('ctv95os16m',17,'1m51oqvtl0a',9,2.4,'9d5t3r56h0'),('cy22poqa2f',17,'otalsx9og8',10,2.02,'wrfsbsskya'),('cz3cjkh4q6',17,'1l0e1y1mg81',9,6.55,'nxefghjuo9'),('d2g57eznod',18,'lbg98gar2s',10,17.3,'0ixoq3vkrf'),('d2qglm58x1',15,'z8807xmam1l',9,17.5,'3xx5h79eqn'),('d2ucx7d3mt',17,'2v8vu5l86gm',10,14.5,'0ixoq3vkrf'),('d3j6dwz58i',8,'lzlviczkxp',10,3.76,'vdb7ef1esa'),('d437pwj8uy',8,'mwn2cjwdqg',10,18.3,'jwkp2zw6n1'),('d510n6zneg',13,'gfis66si7b6',11,11,'4pardvh0jx'),('d5mu1l7czx',12,'2srd8tvqxe5',8,7.31,'g1xzvz75rp'),('d5obg4jh01',7,'4h2bwq2czwj',9,12.6,'eeqskjwn2l'),('d83u76itko',6,'i9gnzm2t3z',9,1.19,'s3psdp41sc'),('dc4dqzlqrm',16,'mhm5uhhadgi',8,6.75,'9d5t3r56h0'),('ddc6r5kczt',5,'lgrdbfd4mtn',11,4.08,'9j2mfw9465'),('deadlift',10,'pick up a barbell with weight and put it down',8,7,'Back'),('df8bvu4b9r',17,'1zxk1yyegl7',9,10.7,'oaonu3fwmn'),('dfg8wx9klz',19,'i7yfnvwdoqj',8,4.95,'cusdv52h0w'),('dg2x2rtuee',6,'iw2e8dmv2sq',9,14,'8r2b4md8sf'),('dgh7stoqcx',14,'kdyyj3zjchb',10,8.85,'65f12imxp3'),('dhalxi6mgq',7,'olt46iocx1',8,14.5,'qs61rgvc1z'),('dhhk9r7t20',6,'aiuyeaif6wm',10,3.81,'9j2mfw9465'),('diqg02ji7w',5,'j9dd3psz43j',9,14.6,'0tf6nmfoxa'),('diqoadlp0u',6,'b8b88oiny7g',8,13.8,'96rkp7tu50'),('djpxdgpfhs',10,'9s5c8gtwrxg',8,2.98,'nxefghjuo9'),('dlf4ruia6s',12,'nk5g0q4c6pm',10,13.5,'6svq63eznj'),('dmcfhkkgx5',7,'on0j69o7gm',11,16.1,'827lhluym5'),('dpit60zqzw',17,'zq0w2plwqpg',11,11.5,'9d5t3r56h0'),('dq36qdvqc7',6,'xl1b76jdm2g',10,6.48,'sx2fcnci7f'),('dq9gufqa5m',18,'ret9i8hrqq',9,1.15,'qs61rgvc1z'),('drmavppa5s',7,'43a5jx8wpel',8,5.02,'wrfsbsskya'),('dufebv0mql',5,'f249mtjapsc',9,13.7,'jd4fipft6f'),('dumbell curl',20,'curl the weight up',12,3,'bicep'),('dumbell press',8,'lay on a bench with a dumbell in either hand and press it',12,4,'chest'),('dwga3kpj2f',16,'dpu6tic7sl',9,13.6,'a9hr8tnash'),('e0emdajdu',12,'8q9p04ipxc3',10,1.53,'cusdv52h0w'),('e1u0b03ptk',6,'0mu1vkcami8',11,1.15,'undefined'),('e2kca8pcd8',5,'kqwrdc72vjg',11,13.6,'tr5rkj2qfj'),('e38id82slx',15,'79md0ih7qgs',10,6.32,'65f12imxp3'),('e3j48125y9',7,'8hrbmt6d9um',11,5.95,'65f12imxp3'),('e4mp3ugi7e',5,'swhygfd639',8,1.22,'5xbwr73uwv'),('e4ncslwlmq',8,'1idejm2hadt',9,15.1,'8r2b4md8sf'),('e5t4lg2bxd',10,'2f6992al96h',11,2.66,'ixdjuq36jg'),('e6etna66x9',19,'b45wi3aw6b8',9,2.22,'0tf6nmfoxa'),('e7p3te35tv',7,'16lo4tatiib',8,19,'ixdjuq36jg'),('e7x23sfqom',8,'l6c9oyp1o5j',10,4.73,'sbsmbsyl70'),('e8121sxop0',19,'tbnwy1r4ik',9,18.4,'0tf6nmfoxa'),('e85613wlgh',19,'b2dqhkzg1fq',10,19.4,'x79qs8pu59'),('e8c2ik1nkg',13,'bifgihbd6a',11,2.11,'1aalj4pqdf'),('e8w0tlgyk9',19,'xc71zi2rkfg',11,13,'1aalj4pqdf'),('ea7cka5tgp',14,'h6q3wt6hn8k',8,17.1,'g1xzvz75rp'),('ebuwsnuhn3',15,'0xz4tpimrvdo',9,4.06,'82d295mmyi'),('edjr4voa6x',19,'1lroypuhf8n',10,2.03,'1aalj4pqdf'),('eej9kcfrb5',16,'qrhlfrc6yr9',8,15,'zw0yy84a5x'),('ef51uak55a',5,'ekt4xllbpjq',8,3.64,'4pardvh0jx'),('efid2u0ipx',5,'4wvr7fr094',8,11,'tr5rkj2qfj'),('efkfv88gb6',7,'gfivahrplx5',10,16.3,'g1xzvz75rp'),('egtcbtim0t',19,'cd5cnb5mwhh',11,15.6,'vdb7ef1esa'),('ehfthb34pt',11,'cltmmsepjw9',11,7.46,'827lhluym5'),('eihc8hpymo',19,'8ho94z94h4w',9,10.4,'kfovmnegu7'),('ek83r23nqc',9,'dsrnegsk37',10,15.9,'zzm69xc4cm'),('elks39xgnc',12,'399jeasixab',11,2.21,'wvdyyx3at0'),('emh6cy9r5s',15,'npf2581yyt',8,2.69,'0ixoq3vkrf'),('entuze4v9s',17,'5l3ig8wxx8',8,10.8,'undefined'),('eo3ivhy1pp',14,'l3s4o3dbz3',10,9.97,'6svq63eznj'),('eoxe8vufuw',19,'p19p1f23v8',10,12.2,'xofxkzn4de'),('er8fa05x9a',10,'0anmtce3hky8',8,15.1,'82d295mmyi'),('erqvg3lgqj',13,'x4pemhlqir',9,16,'undefined'),('es5mmv3kff',17,'av5ydd8z4k',11,16.2,'9j2mfw9465'),('esglxa4hev',5,'s6pwkv036p',10,1.09,'65f12imxp3'),('eub4ss8kq8',5,'kqi8sbydmqp',11,8.08,'hms7omtj8o'),('evmzbehxdp',17,'o75i7b64ay',11,15.2,'kfovmnegu7'),('evvcjgnvs7',12,'nhnhz5xsv7',11,2.34,'fp67bgzet2'),('ewmg3u4x2h',12,'ttnrub5ns7f',10,3.12,'jd4fipft6f'),('exsrl0593s',7,'jvdn1j314zr',10,2.58,'zzm69xc4cm'),('eycnat6eix',6,'z1nu49f9n6',10,7.51,'0tf6nmfoxa'),('f2b229myp5',9,'8p60zk1typc',9,12.2,'ns34tpsgu3'),('f2bb7i48h4',18,'unsgwrmujk',9,2.73,'r1kww8e2p1'),('f6ffeyqxmd',8,'nsq9pi1hld9',10,8.62,'1aalj4pqdf'),('f83fdic6mb',8,'khydg2u9dbm',11,4.32,'qs61rgvc1z'),('faaql1y8uo',6,'88y5iorqdif',10,10.4,'impnnjbgng'),('fentzxg8rf',12,'962dbx952gh',10,13,'undefined'),('fimt9pa779',11,'wsj4ecuctre',11,1.49,'8r2b4md8sf'),('flv0lwjgre',9,'u7r5zu19pw9',9,3.09,'xofxkzn4de'),('fqis71ya4b',16,'9n5kyo83wkv',9,5.06,'kfovmnegu7'),('fqpndo3w72',9,'fuo0fh6awvr',8,18.1,'g1xzvz75rp'),('frseflonxc',18,'ejpo47wv6it',9,7.07,'impnnjbgng'),('fs8jgwtv8r',12,'1t5af29vt74',8,3.5,'x79qs8pu59'),('ft0whjo2yt',9,'gtgpoiir4f8',11,15.3,'3xx5h79eqn'),('ftara9kym1',14,'idccrm16hse',11,15.1,'quh9u6qsn4'),('ftx2535hfs',19,'rdtfnjz844g',8,9.51,'fp67bgzet2'),('fv61k3hwej',5,'fb16vlnjpvl',10,19.3,'96rkp7tu50'),('fvl96ee5hi',17,'w5827i82kb',8,1.22,'0tf6nmfoxa'),('fwmgcl1n8o',19,'19dwgbsw74p',10,9.07,'undefined'),('fwtedh6nni',5,'4999azgw1uj',8,4.45,'zzm69xc4cm'),('fy5tf7gzgf',15,'38w6825g9s7',10,13.5,'0ixoq3vkrf'),('fysw93gkdw',18,'07oicdnqquu7',8,11.7,'vdb7ef1esa'),('g0511ybh52',12,'t54n3hecp5',8,16.9,'1pvsw65nm8'),('g1z86ejowo',11,'gly1xdo2roi',10,5.76,'kfovmnegu7'),('g2hl7dxoaj',15,'hw1cjwe0jan',8,16.5,'eeqskjwn2l'),('g2vf5w5j1u',10,'fq7wpvh9xql',10,15,'x79qs8pu59'),('g3dzbdave1',8,'4x46kvh0qyr',9,2.96,'g1xzvz75rp'),('g3sw2u9v7y',17,'sccudk3uun',11,16.3,'g1xzvz75rp'),('g4uqqxytie',12,'ehtrhdzlhr7',10,18.6,'sx2fcnci7f'),('g7y6ik1nms',17,'ov0e2xh43ik',11,14.9,'1aalj4pqdf'),('g9mks7xitl',18,'l2l2gc9y4yc',11,11,'kfovmnegu7'),('galapalkfn',8,'v0umuhdm6a',10,15.2,'tr5rkj2qfj'),('gb0am3c29g',8,'y32fktudzs8',11,9.1,'kfovmnegu7'),('gctk3prx3d',14,'kba4e1v257s',10,16.8,'6svq63eznj'),('ge78d6ic4q',7,'5b2lzh00eu9',11,8.4,'vdb7ef1esa'),('ggs2kx10pf',5,'1qu9c64d24f',10,2.83,'1aalj4pqdf'),('ggvxp3i0cv',14,'sng9io53b2o',10,5.23,'9j2mfw9465'),('gh8a6nze98',7,'1hh7u4bune1',10,4.17,'0tf6nmfoxa'),('gi1pheh7ad',17,'8gwce4wm655',9,8.26,'ixdjuq36jg'),('gj85altu23',16,'uumeidtycj',10,3.61,'6svq63eznj'),('gk4cxpc928',7,'j9xjpoq8oi8',11,16.7,'wehtbgfla6'),('glfud3bk4w',14,'tfglw3z9bp',9,17.3,'82d295mmyi'),('glg3u4fy1s',7,'0jf7gjf21ym9',9,16,'wvdyyx3at0'),('glyva3ubpw',12,'dcgbtouc2c',8,5.46,'82d295mmyi'),('gmhcwjj42z',9,'y1ucm29hwf',10,3.41,'9j2mfw9465'),('gmuf9vf0lg',6,'t5lj5w5f5m',8,15.5,'0tf6nmfoxa'),('gne3nrudy5',9,'r4y1mm42h1i',11,5.92,'wehtbgfla6'),('gr3bes12ga',12,'mcng2g0xh2k',9,6.65,'wehtbgfla6'),('gt8s0h672t',16,'bzedakmo43',11,11.5,'827lhluym5'),('gv6qp6mxvn',19,'js0vseq8oh',10,15.4,'96rkp7tu50'),('gvhb8wzmbn',16,'haevc5wopon',8,16.8,'s3psdp41sc'),('gx49mr8toy',19,'2c5jiytfqp8',10,16.9,'zw0yy84a5x'),('gxgiw3p6mt',7,'gp46p1dqssk',8,17.7,'8r2b4md8sf'),('gyac4qv1pc',8,'3qilhy2tdq7',8,5.81,'ns34tpsgu3'),('gz2bvgckpa',12,'cvo7w2nff7l',8,5.88,'jd4fipft6f'),('gzmj7tc7y7',7,'2puivswnimd',9,2.44,'s3psdp41sc'),('h1wr7o92yz',14,'qd4dwnree1m',11,16.9,'bb1dsay84h'),('h25nkb56a6',10,'9pcdxcpzy',10,13,'1aalj4pqdf'),('h278yimleb',6,'kqa92609yw',10,14.8,'5xbwr73uwv'),('h2oobswirh',11,'ov4y710ci',9,18.2,'r1kww8e2p1'),('h3lxjid0f6',8,'sfq2wtt6fl',8,15.7,'xofxkzn4de'),('h54tdhf8aa',7,'2gp2atnbr8q',11,17.3,'1aalj4pqdf'),('h5hhjv52yd',16,'bh1e4lim8b',10,18.6,'fp67bgzet2'),('h8wjur2oz4',18,'lcpu288gaj',9,3.14,'zw0yy84a5x'),('ha27ckzw20',18,'ylaacr8fow9',10,1.23,'sx2fcnci7f'),('hack squat',10,'get into hack squat machine and go down by bending and the knees and hips and go up',10,4,'Legs'),('hdhm9rlwgv',19,'z6wy6935gn',11,2.63,'96rkp7tu50'),('hdzpyt6yhd',13,'8zmsmiuoryv',9,17.2,'96rkp7tu50'),('hfghpzb6ch',7,'6r9e2a6ati',8,8.51,'bb1dsay84h'),('hkpu92p341',10,'198v6902wyh',9,9.21,'wehtbgfla6'),('hlp64iae9r',13,'118gf56a6o3',10,4.29,'0ixoq3vkrf'),('hn960y9sux',8,'h3692ld8lnb',11,14,'d8nqiia85n'),('hni6zgcc3v',19,'svmki44z7',8,12.9,'3l0pmhz9s7'),('hnwm83jwyz',19,'cpr9hm27zu8',8,10.4,'zw0yy84a5x'),('hoiqgkgody',5,'q1cuirg8dxs',10,19.2,'wrfsbsskya'),('hq3zt66z4a',18,'8cmx6fv2szt',11,17.7,'d8nqiia85n'),('ht5wq7zt2j',12,'8rptg4zpjrs',9,1.75,'zw0yy84a5x'),('hvkopseaqh',13,'uychi8t1o8i',8,9.96,'4pardvh0jx'),('hvsis99h9c',15,'whgaginhbhf',8,14.4,'0tf6nmfoxa'),('hvziwxyfj4',13,'c6yekz6y7o9',9,13.5,'eeqskjwn2l'),('hyoa0ngyr6',6,'fwb0roebfv7',11,17.4,'ixdjuq36jg'),('hzn9nbkvs0',13,'x2458tmr2jn',8,14.9,'1aalj4pqdf'),('i0y4dryztg',13,'rwmamzrmag',8,18.5,'nxefghjuo9'),('i26r8jq7ga',17,'vrsf8yfjy3',8,14.9,'93wtu3ry1o'),('i2ga69mkyv',11,'yqxqxmnivch',8,12.8,'nxefghjuo9'),('i474gop6th',15,'7tws372stqe',10,3,'g1xzvz75rp'),('i5vj5g156b',8,'3q7yxklgbru',8,4.82,'jd4fipft6f'),('i5y5v6obff',18,'i0u9emal12',8,19.3,'wehtbgfla6'),('i65mjaiwtw',7,'q3dh4mgvxsb',8,12.1,'s3psdp41sc'),('i68xn9o7wy',16,'4eq5vwwx489',8,9.11,'3l0pmhz9s7'),('iab8gmc9j2',11,'8sh0ygaiwe',11,1.55,'yw1rvfi9h2'),('iaes0v2xds',12,'f082koq6ag',9,11.5,'fp67bgzet2'),('ibejryjc8t',6,'7dbq5yo1eub',11,3.76,'82d295mmyi'),('ibli99g3pw',15,'jgdib3j68xk',9,19.4,'fp67bgzet2'),('iccd75vlkc',19,'h1nbsw15iqh',10,5.6,'sx2fcnci7f'),('icgzlf4t05',19,'atjxgjmpixg',9,7.81,'jd4fipft6f'),('ie52103jdj',19,'ox6t7w2uii',8,2.96,'oaonu3fwmn'),('ih15posgtx',11,'f5c71dv2nen',8,6.7,'fp67bgzet2'),('ij1q26f43e',15,'3ne3sbhcfvb',9,11,'96rkp7tu50'),('imoyje1cf',7,'5xu1od6idao',9,14.9,'cusdv52h0w'),('int5a36w2m',10,'3z9pz2p62b',11,3.83,'96rkp7tu50'),('ipu7di7b6t',18,'sdynqw851k',8,16.1,'undefined'),('iqrfwbxg4h',10,'686j1w102dt',11,18.7,'96rkp7tu50'),('is3o535cf9',19,'6hyj8knviss',9,12.4,'yw1rvfi9h2'),('isg99tp86t',9,'j5b5n3zkm7',10,14.1,'oaonu3fwmn'),('isuofcisf9',15,'ly0bi7bxlr',8,17.4,'4pardvh0jx'),('ivhp3ecdte',10,'c51xyn9mbgg',8,11.4,'vdb7ef1esa'),('iy4yd84tcm',11,'qirson8d3rp',10,5.42,'9j2mfw9465'),('iz027dq2r8',14,'yarb1pdxfyp',9,2.8,'tr5rkj2qfj'),('iz3hhtkn0s',16,'qrci543wdh',11,6.29,'93wtu3ry1o'),('j0divq0ncs',8,'vvveb05logf',8,1.04,'wehtbgfla6'),('j26p550gm5',11,'8gjhsu3f5y9',8,8.26,'impnnjbgng'),('j36vzyaa10',5,'mbkasz7vblb',9,16.1,'9j2mfw9465'),('j3omnjh4l8',8,'p1akntzx4ec',10,16.4,'4pardvh0jx'),('j4v0hrfpiy',7,'rlibbg7y4xp',8,15.6,'9j2mfw9465'),('j7jlx5vp6f',17,'vm9ml3q6rvp',10,8.79,'9d5t3r56h0'),('j8pp36fm7n',18,'0ydyy8l26jnn',10,17.1,'quh9u6qsn4'),('jb4sbx9ea5',8,'ovkc9wzz0c',8,9.51,'3l0pmhz9s7'),('jcc3dsg510',16,'yeryidatwxi',8,8.25,'bb1dsay84h'),('jcz14r2swx',14,'07le48ckrsvg',10,19.4,'1aalj4pqdf'),('jet83jcgco',18,'23d48n6n8hg',9,18,'qs61rgvc1z'),('jf3nxm3rfb',7,'mffjam6uxxf',9,5.47,'9d5t3r56h0'),('jg0fd7sskf',14,'1bsw3htqua6',11,12.9,'fp67bgzet2'),('jg7t7phql8',19,'g8q1pvk0u6',8,5.69,'a9hr8tnash'),('jgxm5nuyzn',5,'bkyruyntbs',9,14.9,'d8nqiia85n'),('jhnw6rgttt',16,'eeybmtod4yh',10,10.8,'82d295mmyi'),('jhqawkerjh',18,'a3u4970oqlf',8,7.14,'ns34tpsgu3'),('ji7qjmic63',15,'qpew12r504l',10,11.4,'zzm69xc4cm'),('jih0gmsjc8',10,'4xb3yq9l7o',8,12.4,'93wtu3ry1o'),('jiikhsgzdr',7,'8v5n8n6izd',11,8.03,'zzm69xc4cm'),('jjeyw4gruy',11,'outi205igg',11,16.9,'a9hr8tnash'),('jjn304hdx7',10,'34we6hzrult',11,8.64,'4pardvh0jx'),('jn2nx6g39x',10,'tmkvmot1xkf',11,18.3,'3xx5h79eqn'),('jozeql32bc',8,'m8mujnj3ixo',10,2.12,'1hnhau3owb'),('jppznzz5yg',5,'t4hno8yaghf',10,13.9,'9d5t3r56h0'),('jqnptfqkj7',6,'mj1lz1zvpqi',10,2.81,'0tf6nmfoxa'),('jqwwwbzauk',6,'77m1m8yw50y',10,8.83,'d8nqiia85n'),('jqxlqker3m',14,'x9k8v3uoj3',10,2.19,'1pvsw65nm8'),('jr759xom66',7,'hr0ug8jj6',11,2.42,'wehtbgfla6'),('jrj9wk4knu',11,'t685rvpr5wp',11,1.05,'4pardvh0jx'),('js4xwyr62m',11,'5i01n396lxf',9,4.21,'kfovmnegu7'),('jt2qk703n3',8,'ba7vhyh8i9j',10,3.26,'96rkp7tu50'),('jtm1pr8diz',13,'bndsw17s6yv',11,2.66,'kfovmnegu7'),('jw0oe238r9',18,'kmxaybm9u8a',9,5.23,'tr5rkj2qfj'),('jwpnk5x2ws',9,'ertr4kyslhf',8,2.58,'wvdyyx3at0'),('jyo9m11ph8',14,'75yw3wk3etg',10,4.48,'r1kww8e2p1'),('jz9f20pwik',12,'ceawftm6x0m',10,15.2,'82d295mmyi'),('jztm1tj3sb',17,'tmbcruwqk3b',11,3.48,'sx2fcnci7f'),('k20cjchefj',11,'8btq7qnbjsm',8,16.1,'0tf6nmfoxa'),('k31t4v7x3e',11,'34hxtz5hiqt',11,12.2,'zzm69xc4cm'),('k3o2v3qkek',14,'fngv3hj4hms',8,10.3,'0tf6nmfoxa'),('k3pbr3ldt4',11,'o5ojavvpyma',8,19.1,'wrfsbsskya'),('k90b4djejk',8,'21rvd3cfo6e',11,1.54,'1hnhau3owb'),('k9bkgdi0o5',9,'074ysul8xvm6',8,6.31,'ixdjuq36jg'),('kc28f3enuj',6,'c4ralhcn7x',8,2.12,'3xx5h79eqn'),('kcr08smw76',19,'km5bt53167',8,8.07,'sbsmbsyl70'),('kczi6znh8j',7,'n3ojimlblx',10,19.3,'3xx5h79eqn'),('ke4s7smr1j',16,'be0xudjt03t',8,19,'d8nqiia85n'),('keayl9pbpf',13,'6w3twivjo8',8,3.44,'82d295mmyi'),('keg8btbeht',12,'fwe7d4pm76b',8,5.41,'8r2b4md8sf'),('kf87d2c1mm',13,'rx7daexcc1r',11,1.36,'5xbwr73uwv'),('kg6q127lvl',14,'p1cn8lnzvzg',8,10.8,'827lhluym5'),('kgckrzr3u1',16,'aqo1vpzhwno',11,17.4,'tr5rkj2qfj'),('kjgiax7foa',14,'tbmb05etfcj',8,12.4,'jd4fipft6f'),('kl06pt8xe1',18,'cd8iu9bxnah',8,7.86,'0ixoq3vkrf'),('km5xq9osgc',12,'dph51avnrim',11,4.33,'quh9u6qsn4'),('ko9ybcpxo5',9,'lnpmzjr1j3',8,6.98,'ixdjuq36jg'),('ksd6weeqz2',10,'k4i2vmg173',11,2.31,'0tf6nmfoxa'),('kurhwvhd4v',15,'n8pgd17rayi',9,9.12,'jd4fipft6f'),('kxdfoaj621',9,'3yjegu8rr9x',11,15.7,'nxefghjuo9'),('kya9cp1m8g',7,'d2xfcqtkdic',10,19.2,'d8nqiia85n'),('kziv806tx1',13,'c7dbawbqrto',10,9.17,'xofxkzn4de'),('l17kown2pb',10,'bdg40shl8v7',11,15,'fp67bgzet2'),('l1arc7ubea',19,'lffpmfkds5d',10,19.5,'hms7omtj8o'),('l1pk7sb8ye',8,'y4vpr6kgem',9,18.5,'zzm69xc4cm'),('l3mykweusa',12,'czj7v8i42bl',9,13.6,'g1xzvz75rp'),('l5vx5d711b',5,'z8ple7r3g3',10,11.6,'kfovmnegu7'),('l61mixeja8',9,'neb8bu620jf',11,13.7,'fp67bgzet2'),('l6ge68bqpd',18,'quuv1cxhhy9',9,18.5,'8r2b4md8sf'),('l7toip4zt4',14,'f7yifxxot2',8,19.5,'eeqskjwn2l'),('l82kdugayg',6,'aaihjiwamtp',11,18.1,'zzm69xc4cm'),('l8olilswkm',9,'059mgvoqnuts',10,10.6,'cusdv52h0w'),('l9hela6hi1',17,'4i8j160lgyd',11,6.95,'d8nqiia85n'),('l9utd3qg2o',12,'aqw199fdv2l',9,4.91,'fp67bgzet2'),('la8il1ypgc',11,'um97ts0qrp',10,1.03,'zzm69xc4cm'),('lajgqlt1ku',7,'x26y7awsto',10,6.96,'93wtu3ry1o'),('lb5nbauoxr',12,'k0zwml20x5q',8,16.6,'3l0pmhz9s7'),('ld54ror1t8',5,'ww20uwcvbn',9,10.1,'6svq63eznj'),('ld6fm5liw1',12,'c7035ig1tsk',9,13.8,'5xbwr73uwv'),('lfwjayz33u',17,'5h9j8al7kcv',8,9.83,'quh9u6qsn4'),('ll3dkxwyik',13,'7nv99sjhuv4',8,7.38,'wvdyyx3at0'),('llwdzggvlo',12,'2ptr03wf84g',11,10.9,'undefined'),('loj4pilyi5',8,'ou6q54vx4bb',9,16.4,'sbsmbsyl70'),('lp41uyh3l9',15,'e0187of223n',10,12.3,'wrfsbsskya'),('lrick6jgme',18,'desdxkpgf0a',8,9.17,'impnnjbgng'),('lsh4cbd6dh',14,'pm35zgtkre',9,17.3,'impnnjbgng'),('lv0mtr7cqm',18,'25294tfrzhq',11,6.77,'1pvsw65nm8'),('lv98rurt6n',9,'es4hd855guu',11,16.3,'sbsmbsyl70'),('lvv9eaypem',17,'0jmtysli4zm9',11,12,'fp67bgzet2'),('lvxrt9j46q',14,'ixwip5jaxm',8,15.2,'4pardvh0jx'),('lx7ypyjndy',11,'hqjuan1vh46',8,5.1,'oaonu3fwmn'),('lxsltvr538',7,'upr6lt8a3l',11,6.33,'96rkp7tu50'),('lzd84sl0vz',13,'rpgudur2la',9,15.6,'hms7omtj8o'),('m100s2ilpx',19,'g2qhz3uef7',10,7.43,'zw0yy84a5x'),('m1139ovi2v',11,'32g58nppnzn',11,1.45,'8r2b4md8sf'),('m1cgc2tceb',16,'rli8qzr4mvf',9,18.8,'d8nqiia85n'),('m2gasqysqs',10,'e38m67z6fr7',9,5.28,'vdb7ef1esa'),('m3a8vnx71x',11,'0hexfvb3dd35',10,1.31,'65f12imxp3'),('m5mhqwlwiw',7,'igeq0s2grvt',11,2.99,'0tf6nmfoxa'),('m685tkmu3x',19,'cyj5l6wxtbc',10,10,'sbsmbsyl70'),('m98kromnvd',11,'qfo0y1u0f7',9,9.35,'wehtbgfla6'),('makpv530gs',14,'h5ekry9uk09',8,9.98,'6svq63eznj'),('maobty2cjk',5,'mw6akh36a5n',8,9.78,'82d295mmyi'),('maqdtv16i9',13,'1ls7aaag6t3h',9,15.7,'d8nqiia85n'),('mck3lzjvdd',11,'urw4h8cig',10,6.42,'93wtu3ry1o'),('mfx3e4e8d5',19,'gof8gwcbrq7',9,14.8,'d8nqiia85n'),('mg690ilkis',18,'77zrhsb7kq2',11,3.81,'0ixoq3vkrf'),('mhecve2vw2',9,'tiwuoywdcl',9,17.1,'82d295mmyi'),('mhugkkwl1b',6,'0x5d5y4js3el',9,11.2,'3l0pmhz9s7'),('mivgimslb8',15,'hdp7an8wioi',9,9.51,'x79qs8pu59'),('mk5kv3ihex',7,'ula00y5z4u',11,5.84,'hms7omtj8o'),('mktcdi6om5',14,'q4doxa767rj',10,4.56,'bb1dsay84h'),('ml1jum5esi',7,'xpkizqmuag',10,11.8,'qs61rgvc1z'),('ml86m3gwwr',5,'vjy7pp1af8',10,16.9,'1pvsw65nm8'),('mn8tpv9a2b',14,'fkhiyipc1of',9,11.5,'undefined'),('mp44p2d4ux',11,'ujplos5619q',11,10.5,'g1xzvz75rp'),('mpwpf6ts6s',9,'wt86n58yrym',9,9.25,'eeqskjwn2l'),('ms076mp3ct',14,'6m1hzi69g7u',10,18.5,'jwkp2zw6n1'),('mv1d7nibb8',17,'hdx6c2p55zg',9,10,'undefined'),('mvszlz673k',9,'jego1gs6z2',11,19.1,'x79qs8pu59'),('mx349neyfe',19,'04mjmrg4bsca',9,7.9,'hms7omtj8o'),('mxp1178suw',7,'bardy57emqv',9,18.6,'827lhluym5'),('n0f9h5wx34',18,'yrel5nwpctr',10,13.1,'jd4fipft6f'),('n1ej9fvda',13,'dhyl139v4su',11,3.29,'cusdv52h0w'),('n3m3ncuobq',9,'0bavwua3n4ae',8,19.2,'ns34tpsgu3'),('n6zt0ij7nf',9,'l3626vhz4uk',9,1.52,'eeqskjwn2l'),('n8d3ybwzqs',13,'f1an2thsqho',9,1.66,'quh9u6qsn4'),('n8jqpqnnql',11,'6sb3hmtr2nq',9,17,'tr5rkj2qfj'),('n8owmpwuko',19,'xyiwcg6wlbo',10,16,'3l0pmhz9s7'),('naot9qy7t8',13,'dmhxfmtsqh4',9,16.9,'wrfsbsskya'),('nawpf9ypf6',7,'x19padr5wx',8,15.4,'0tf6nmfoxa'),('nc0n9oj284',12,'socasahkp7r',8,3.38,'kfovmnegu7'),('ncqiis5mjs',9,'84y7dj83na6',9,16.7,'jd4fipft6f'),('nfpf0ycwuq',7,'r1dv2wu9m6e',11,1.16,'sx2fcnci7f'),('nftw9c92ce',16,'hqbhvfuu9i',10,12.2,'1pvsw65nm8'),('nh9ytvjgjr',8,'aszqddc5cy',10,16.5,'6svq63eznj'),('nhe5xq00s3',13,'aaxla33itrv',8,14.8,'1aalj4pqdf'),('nhycdx80wi',9,'n78yyzwsbkh',10,8.21,'kfovmnegu7'),('njown4ia53',9,'9lt17hbipj',8,16.5,'oaonu3fwmn'),('nnq4aqemuo',5,'orfjfz6hy4g',8,1.54,'ixdjuq36jg'),('nnztcsxw66',19,'om7g6l61kz',11,6.31,'fp67bgzet2'),('nofncqnnwq',12,'qyizqbfcfq',9,2.04,'nxefghjuo9'),('npdnqkjun0',8,'p0cpi9cxhme',9,6.02,'zw0yy84a5x'),('nqorkujvs7',19,'rpxbf2c8k2q',10,12.2,'ns34tpsgu3'),('nytmpbadjq',15,'r7t6e0p1b3',10,13.6,'wrfsbsskya'),('o0cnxrih37',7,'itycsiiart',10,19.2,'zw0yy84a5x'),('o2a593affr',18,'nlab6tirrus',10,12,'zzm69xc4cm'),('o2ncw03tau',19,'oyst6rnwbfm',8,16.8,'tr5rkj2qfj'),('o3lbyl5leq',5,'fpmv5qbzhhp',9,1.68,'zw0yy84a5x'),('o4tb3459gp',13,'wbg8mbn1toc',8,3.62,'3l0pmhz9s7'),('o8shs24ikc',12,'ew84k9sdr6k',9,15.9,'hms7omtj8o'),('o9udhao9qd',18,'coepcyd9aak',10,10.3,'xofxkzn4de'),('oa8vp6bn8g',6,'csz6lk21mne',11,6.04,'0tf6nmfoxa'),('ob5wpowmhl',9,'nclfrwmnk7h',11,19.8,'jd4fipft6f'),('oburtjhvmg',16,'92v0eptj74s',11,17.8,'sx2fcnci7f'),('ocl43egp6w',8,'a1t3lj2umho',10,10.6,'vdb7ef1esa'),('oe011uxeeo',9,'94ptn1iaz6v',11,19.4,'0ixoq3vkrf'),('oevehh14ja',14,'ex5p1vcw8jb',9,5.58,'hms7omtj8o'),('of7ie7ylig',11,'abw782unl8',10,12.6,'jd4fipft6f'),('ohlbi061ax',9,'e1bnd9zm3p',11,7.48,'9j2mfw9465'),('oj3nf0snyu',14,'7wh48kny8x8',9,10.7,'cusdv52h0w'),('oje6no1xjy',10,'fymhhskt0ht',8,14.4,'wrfsbsskya'),('ok982c2wfb',18,'m7ggk9h7jp',11,1.54,'4pardvh0jx'),('omay03ke9t',9,'jvts86szjlk',10,19,'3xx5h79eqn'),('oot4s0lrl3',17,'syspu4hliim',9,1.12,'wvdyyx3at0'),('ophdkfz7bg',7,'1cfrwny532s',8,14.1,'1hnhau3owb'),('or4mji7mp1',9,'x933fn42j3',8,13.8,'eeqskjwn2l'),('orku96x74w',6,'l26ywteymjn',8,19.6,'0tf6nmfoxa'),('otuy95r2vl',14,'84vrcgwchok',9,10.4,'s3psdp41sc'),('ouhrttlkne',16,'d5fjushmmi',9,18.9,'vdb7ef1esa'),('ox6yjwh3qt',9,'m3bu13no5ko',10,8.14,'sx2fcnci7f'),('oypl2h3n2k',17,'z99s1m5vlgm',9,2.36,'jd4fipft6f'),('p4sgwdaw43',18,'b98nyl7unh9',8,9.14,'qs61rgvc1z'),('p6m66ttc29',5,'nyxflavync',10,16.6,'oaonu3fwmn'),('p93xwub25j',5,'vnoj65g9okb',8,15.1,'0tf6nmfoxa'),('pazxa9145o',7,'s8k5eadxnbg',11,4.6,'cusdv52h0w'),('pcn78vslam',13,'pv4wz6ie7ff',11,7.04,'96rkp7tu50'),('pe5vaqs8md',13,'dksm51wtv9d',8,12.1,'0ixoq3vkrf'),('ped54f2jc9',15,'87ox9hsd9ir',11,11.1,'a9hr8tnash'),('peo2sivfsp',16,'utm9apljoj',8,4.68,'hms7omtj8o'),('pf2i0nf1yz',11,'50o8ou4jrwd',9,11,'d8nqiia85n'),('pfsqolep38',17,'skmwbi5hhv',8,16.1,'9d5t3r56h0'),('pgt5jkzk8c',8,'c4vv4rzlna6',8,5.22,'zzm69xc4cm'),('pguua2njww',18,'2ak9jb1xm12',9,14,'quh9u6qsn4'),('pix114h9sc',9,'io627dormwg',10,12.7,'s3psdp41sc'),('pjecofqnx2',11,'t8p5m8n6ppe',8,1.73,'1hnhau3owb'),('pjf8hrttj8',12,'ew9scqz234a',9,14,'eeqskjwn2l'),('pqih2mhkkt',8,'nue4ysvncd',9,12.8,'8r2b4md8sf'),('prryllzsok',10,'7yr9j0cd7sa',9,2.24,'0tf6nmfoxa'),('ptzkgmj1zo',6,'tx5u7lplj0h',9,15.6,'0tf6nmfoxa'),('pu5geash90',5,'0e3kjryd5yzt',10,12,'6svq63eznj'),('pvbabxtcsz',17,'w5np31fbfod',11,19.7,'1pvsw65nm8'),('pxx4yvjo49',12,'p7j5vjt4yyh',9,7.7,'d8nqiia85n'),('pyioddpscx',16,'xhrsfgm34w',11,8.86,'8r2b4md8sf'),('q5drphaoqh',10,'4n7c05vqge',9,7.49,'a9hr8tnash'),('q5xehw3pv3',10,'asszfz98r99',10,1,'xofxkzn4de'),('q7cjgjv7l5',19,'by0jdztuehf',9,3.28,'jwkp2zw6n1'),('q9bajt9wi9',10,'b8rckfetcf',9,10,'3xx5h79eqn'),('q9uq2aa46y',17,'3nroph3el4o',10,18.1,'nxefghjuo9'),('qauxtprm3z',13,'imdi8xjecz',10,11.1,'65f12imxp3'),('qb5xqgxm41',19,'dx9mjskynx',8,2.07,'96rkp7tu50'),('qdh5y3ze2w',7,'yv7m2257e4c',10,15.1,'qs61rgvc1z'),('qeg02y56ba',6,'ljttuq0ls4c',10,14.3,'a9hr8tnash'),('qemzgqphms',14,'3o9idq155a6',8,19,'1pvsw65nm8'),('qfft4214qb',18,'74a0vw88gly',8,5.08,'jwkp2zw6n1'),('qgo8dl8yti',10,'ywtc5hspiaj',11,12.7,'jd4fipft6f'),('qhfoaxamse',14,'4jl55xlypke',11,8.25,'8r2b4md8sf'),('qiszbg3fmk',6,'cs2z4336tgd',8,6.32,'hms7omtj8o'),('qjemsahqjw',13,'cxh3ah6ollo',11,10.7,'nxefghjuo9'),('qjon11gdyy',9,'xsl5iwx4e5',10,3.17,'4pardvh0jx'),('qmjtchcg3a',16,'yzlybc8y8r',10,10.2,'4pardvh0jx'),('qmynqyddod',10,'hk22tdhxlbv',10,13.8,'4pardvh0jx'),('qo8qav4f3o',5,'grrmpc9ydm',11,19.5,'quh9u6qsn4'),('qoevv4p6cy',8,'b7tb08ow29',10,16.4,'ixdjuq36jg'),('qp2lfmwqcu',17,'yx2eszb3efl',9,16.3,'wehtbgfla6'),('qptz094aee',11,'wb6xbjl081m',8,16.8,'cusdv52h0w'),('qpwybak3i0',6,'wl95fk9gclm',10,15.8,'impnnjbgng'),('qsnf1m9njj',17,'ixhfj49w64f',10,13.1,'3xx5h79eqn'),('qt4y4q1rzq',10,'btz6sxx948a',8,18.1,'1hnhau3owb'),('quf3sav97g',6,'xxwb5iyv0bl',11,1.99,'vdb7ef1esa'),('qwa4ornnfs',9,'tb015knr3b',8,6.17,'xofxkzn4de'),('r00wl84v1o',18,'0tawv7f4dta9',10,9.26,'quh9u6qsn4'),('r0o2p8f3kn',6,'8xs3qki0wc6',11,3.87,'d8nqiia85n'),('r3tbw84gvf',18,'5quid37o88l',11,18.9,'tr5rkj2qfj'),('r6f4nty8x3',15,'i47s5hfpja',9,9.63,'r1kww8e2p1'),('r6ns1z6v7x',10,'qxz2o8brba',10,4.65,'cusdv52h0w'),('r6rmovu20y',14,'4y5p42lrqhs',11,6.17,'impnnjbgng'),('r79w6ipmq7',19,'6tr2mqgq72e',9,15.4,'impnnjbgng'),('r7p825ipa1',16,'ydvcjezjq2h',8,2.43,'jwkp2zw6n1'),('r7rmmqb9zu',18,'dkui7qp7ep7',11,2.53,'5xbwr73uwv'),('r8qzf9js9d',10,'c2dsavid7k6',11,12.6,'3xx5h79eqn'),('r927tm334n',7,'861fdnu103g',8,19.5,'4pardvh0jx'),('raqddltyog',19,'7c0x51rew53',11,13.1,'1hnhau3owb'),('rbq1lo0apd',8,'twkhpudro1i',8,2.15,'jwkp2zw6n1'),('rfoc9obsrd',14,'7azdoy0mwkk',9,4.72,'1aalj4pqdf'),('rh4bsbih9n',11,'klnkcb4acuc',9,8.07,'hms7omtj8o'),('rizhphgh95',16,'qz4y3aq9fj',11,7.76,'wrfsbsskya'),('rj0v475xzs',13,'97rk5ozqf0e',9,16.2,'wrfsbsskya'),('rk4bk29jeb',9,'ddnmth4phkr',9,3.11,'ixdjuq36jg'),('rktvnhkoqz',18,'u7i0mlcwth',9,3.9,'jd4fipft6f'),('rl9do9aqze',13,'aplv959k3o9',8,2.7,'xofxkzn4de'),('rltefvb28y',18,'4200niew883',9,18.9,'a9hr8tnash'),('rp4x1kzjpp',10,'1nhkahv8lts',9,14,'hms7omtj8o'),('rto103d77k',15,'a2g0u8yohwi',11,3.09,'wrfsbsskya'),('rvd4rkew8w',10,'9u87r8p153r',10,14.7,'0tf6nmfoxa'),('rvyanrufap',17,'ew7aasd6ju9',9,18.7,'ixdjuq36jg'),('s1plcqnp5r',11,'jnzqq0126xn',11,1.74,'82d295mmyi'),('s1tnba1oka',7,'ab1donxrvyq',9,19.6,'xofxkzn4de'),('s649s1r7mi',6,'kc5va9kcaab',9,17.6,'s3psdp41sc'),('s6csykzue5',11,'0i4suqj20scu',10,15,'oaonu3fwmn'),('s6g6zt0qr2',12,'xo4nh77zzre',9,5.7,'cusdv52h0w'),('s8nmwcqek3',6,'ab9r0spg8ai',11,18.8,'82d295mmyi'),('s9zp8sdlnn',13,'fpke4wngciu',11,7.97,'bb1dsay84h'),('savv3uqtrd',11,'506li3i9n6w',8,9.61,'9d5t3r56h0'),('sb5h3wnljo',5,'46da63z6z9w',11,14.6,'yw1rvfi9h2'),('sc67x2tle8',19,'skq3i6o5cdn',9,8.1,'0tf6nmfoxa'),('sda2ru1zeg',13,'6f3lwjga3lr',8,19.2,'sbsmbsyl70'),('sdfxh2vvd6',19,'0rxho0pge4j',9,13.9,'65f12imxp3'),('sezuv5v8la',14,'rjmt7tta4ih',10,8.39,'0ixoq3vkrf'),('siisqrkixm',18,'awnunafzrv',11,5.03,'5xbwr73uwv'),('siyfn0i13c',9,'qhzdafssd7j',8,14.7,'1hnhau3owb'),('sjma4bw6kh',9,'gh0aetlu7aq',9,3.6,'5xbwr73uwv'),('sjveab0yzd',11,'6osnosm2bhs',11,5.31,'jwkp2zw6n1'),('sm1pjqssf3',13,'j3yjrfatqs',8,12.6,'0ixoq3vkrf'),('smr2dtuhca',8,'j84s0b69zqm',10,12,'x79qs8pu59'),('soyxa3yxmp',17,'kwo5i3rt0c',11,9.62,'1pvsw65nm8'),('squat',10,'place barbell on your shoulders and go into a sitting possition and stand back up',10,6,'Legs'),('sr26aabsgx',9,'74xhhx59dsl',11,9.75,'82d295mmyi'),('ss9azkrrl9',13,'v5bfsb2i26f',9,18.4,'jwkp2zw6n1'),('stmhbow1fn',7,'5disnb8cy4',10,6.27,'sbsmbsyl70'),('sv74mst7lr',17,'37xma4l5cup',11,15.7,'82d295mmyi'),('svglbx1yw9',12,'9h3mzjxq0dw',9,7.98,'82d295mmyi'),('swa4mruz7y',11,'6wgsi9ctw38',9,19,'3xx5h79eqn'),('swj1ravrix',8,'htj6xod3dho',9,14.4,'65f12imxp3'),('syi6fk7ibk',14,'f9w3ft036pc',10,4.89,'jd4fipft6f'),('szpprspd57',8,'ymwn90up89q',11,10.4,'g1xzvz75rp'),('t1yohwyd4k',18,'x4kernuzck9',8,13.8,'r1kww8e2p1'),('t4eficzk6t',9,'aohr6j5r2rg',11,6.46,'1hnhau3owb'),('t5p8ghkezz',6,'l9lqrk67uit',8,7.28,'g1xzvz75rp'),('t5r93i43sr',7,'wx9l5c7hhf',10,16.4,'6svq63eznj'),('t69e9ddgl1',10,'arhedei1nar',10,3.25,'zzm69xc4cm'),('t6x27ol59e',14,'cdv9sdm48q',11,3.14,'5xbwr73uwv'),('t8exogi8kh',6,'pobpzz83jk',10,8.73,'9j2mfw9465'),('t9ke2v0hns',9,'7vfqg9dv02c',11,1.13,'0tf6nmfoxa'),('tadpsxzqqp',16,'mf0wu8xesz',11,2,'impnnjbgng'),('tbwpib6go7',15,'1cacgkvbkhc',9,2.1,'fp67bgzet2'),('tcwj8jmt0g',6,'xfqed3qi3yn',11,5.25,'96rkp7tu50'),('tf2qufgxu5',6,'fi29o4gwyo9',9,1.23,'vdb7ef1esa'),('tijn4zov8',19,'mjlr1ue3g5',9,9.21,'tr5rkj2qfj'),('tlt1ikyvsg',19,'idxc2zh39kb',9,13.6,'d8nqiia85n'),('to2z6vfoym',12,'ikfh14ibgr',8,5.52,'kfovmnegu7'),('tpmg3ddxf9',15,'to49fo9czaq',10,6.18,'impnnjbgng'),('tricep push down',20,'press the weight down by extending elbows',12,3,'tricep'),('ttyw5lp67w',5,'6ty4hotcn6j',9,3.85,'0ixoq3vkrf'),('twgdy1d6hx',11,'3rm8d65it2f',8,18.6,'nxefghjuo9'),('twwoulthpi',18,'uidjppp1zuo',11,9.76,'1pvsw65nm8'),('txkz7ba0bo',5,'bu35xisowda',8,19,'wvdyyx3at0'),('txuh2pw0lp',5,'uhawync79h',11,9.9,'bb1dsay84h'),('tyb9gkztub',8,'5j4l1098hzf',10,9.88,'impnnjbgng'),('u09fzop3b4',12,'d94kmc6428',9,7.55,'3xx5h79eqn'),('u4ahrd0qb7',17,'tffer55xnej',9,3.32,'9j2mfw9465'),('u4x1v62ee8',7,'hcimkydisb5',8,10.7,'s3psdp41sc'),('u4ybsjj5u9',16,'wxi6a1e2yb8',10,2.74,'cusdv52h0w'),('u51l9ht0cx',15,'p747x1jht0s',8,8.88,'vdb7ef1esa'),('u8byxfylbe',17,'ui5xsekvmn',8,4.22,'kfovmnegu7'),('ubbi57cln2',17,'j3qu09yt7se',10,4.46,'vdb7ef1esa'),('udezrq74gu',18,'fgt7kuwo2p9',8,8.13,'4pardvh0jx'),('udsglwhxay',18,'k818p1w9pc',11,10.5,'tr5rkj2qfj'),('uew0g0htwn',16,'eigosn01726',11,13.3,'9j2mfw9465'),('uf04882vzb',7,'97ptffsyf1',10,16.7,'eeqskjwn2l'),('uf3j0t1j8m',14,'4mhsfs25quj',8,12.1,'cusdv52h0w'),('ufc73e3df8',19,'h9xbrev32es',11,10.1,'a9hr8tnash'),('uhkizpih5s',14,'kwweq0pnui',11,14.5,'8r2b4md8sf'),('uhvyjzmn86',6,'fy4150hwgut',8,4.38,'xofxkzn4de'),('ui4rb1sytv',11,'h48jqhyw6md',8,2.76,'a9hr8tnash'),('ujeq3hxe3p',13,'9sqqtqg4iwq',9,4.11,'s3psdp41sc'),('uk0btxmfbk',7,'i5lzp6xp0a',9,19,'wrfsbsskya'),('uk7tx195k5',15,'t28muprswxo',10,1.23,'zzm69xc4cm'),('ukgdsafm95',17,'5q9a4jei40w',9,10.2,'fp67bgzet2'),('ulpvgbbz3j',9,'2eioruh6ppe',10,7.33,'quh9u6qsn4'),('unmi6kby05',15,'8u1ek5t5wve',10,13.2,'s3psdp41sc'),('uno9yzpzsk',14,'djm3knf217i',10,4.2,'3l0pmhz9s7'),('uodq7ofla2',19,'qq5e4f14evi',11,6.93,'9d5t3r56h0'),('uomi4udrip',9,'t3nw9itvuob',8,3.52,'5xbwr73uwv'),('urczliagr2',12,'vg0llnt9l1o',8,11.2,'r1kww8e2p1'),('uuhvzx3ek4',17,'soacp57bzni',9,1.78,'ns34tpsgu3'),('uukuztudxt',7,'9dp9kexwmxa',11,13.2,'8r2b4md8sf'),('ux79dbalzj',19,'a30vbpia2b4',9,17,'0ixoq3vkrf'),('uxrr1wlcnt',9,'bxyiflo6a6',11,5.39,'82d295mmyi'),('uyp8tzlna0',10,'7smqx0aj595',10,18.2,'3xx5h79eqn'),('uzfdq9dbfb',9,'z10kjz12k8',9,16.1,'zzm69xc4cm'),('v0a2im4hkv',14,'3kf6ljq1i4f',11,12.9,'wehtbgfla6'),('v22jv7rdfn',19,'qe8nwq9ws7r',10,16.2,'0tf6nmfoxa'),('v2i8ggft4q',19,'82xup6x1tna',9,15.7,'3xx5h79eqn'),('v3jtc0gagt',9,'93d8w4il99',9,11.6,'undefined'),('v4xr8lz9xu',17,'n10ujau4n59',9,1.45,'s3psdp41sc'),('v5mvy3opal',9,'w1u2oo2mjqc',11,15.8,'fp67bgzet2'),('v6fa8zp7ni',5,'9qtjq71drsp',9,12.7,'1aalj4pqdf'),('v7m0kjmpeh',8,'j5lihnxzel',9,19,'4pardvh0jx'),('v8xxiehsta',8,'dqjil44as64',8,8.37,'quh9u6qsn4'),('va636udfnk',10,'wk9g0cxe33d',8,14.6,'6svq63eznj'),('veb1lufhyt',12,'lrwkaxq68g',8,1.43,'tr5rkj2qfj'),('vecn9i77c5',19,'gvavz46twoi',10,4.55,'jwkp2zw6n1'),('veggtjqzil',6,'htthpnoms8l',8,16,'xofxkzn4de'),('vfcdnrj6vy',10,'0fkkwsvp73d',11,14.5,'g1xzvz75rp'),('vfpx50p59c',10,'cnt017wlomf',8,3.5,'a9hr8tnash'),('vhag03ev6b',14,'v5n9ntpqz7f',8,6.12,'93wtu3ry1o'),('vhf28b9sy9',15,'vzv2m74gke',11,18.8,'jwkp2zw6n1'),('vhf4y542ea',10,'mf058nysad',8,2.96,'jd4fipft6f'),('vim0i6iksl',13,'0mfyawgkw0eg',10,9.66,'wehtbgfla6'),('vjh6p79pe2',8,'53zkj8hn9kp',11,2.66,'ixdjuq36jg'),('vjq25bjq87',5,'dp3dvm5nin',9,12.9,'96rkp7tu50'),('vlq0c8p4jz',6,'y3ra97lgosq',11,5.59,'6svq63eznj'),('vn37dutprf',5,'1uk29oz5khh',10,17.4,'wvdyyx3at0'),('vnevc2t1iz',17,'xyacen2q50c',10,7.82,'9d5t3r56h0'),('vntnlv9s6k',10,'y0caqrh6l99',10,5.36,'5xbwr73uwv'),('vqd4991asb',18,'ps162l30hsp',9,17.6,'sx2fcnci7f'),('vtlf4m4b93',13,'bf6r9uw6vlk',10,14.8,'jwkp2zw6n1'),('vtxtll72f3',15,'x95sgai8q5g',10,14.8,'ns34tpsgu3'),('vw2kavnoel',9,'tozrnlttd5r',10,8.69,'3l0pmhz9s7'),('vw797zsxwj',19,'ofj1yy98fr',8,6.37,'yw1rvfi9h2'),('vwwqdbqapb',17,'npjar4cezpc',10,14.5,'sx2fcnci7f'),('vx5dxqiavd',7,'tjfwzzafzyk',8,8.71,'s3psdp41sc'),('vze02mrazq',16,'3oy1kht6me3',9,5.05,'3l0pmhz9s7'),('w3f7qzyutt',13,'dkmguhpvd9',10,3.12,'1hnhau3owb'),('w4yn60b9bu',10,'f0a8ba3x88d',9,5.96,'827lhluym5'),('w5gj2r6jbf',11,'svlduunhce9',9,12.4,'sbsmbsyl70'),('w91jsy2xc3',5,'vtisneyyof',8,18,'s3psdp41sc'),('wam9kliew3',19,'lm92ia78n1',11,15.9,'g1xzvz75rp'),('we38ww7rj4',18,'xxbe12oh3cf',11,8.91,'vdb7ef1esa'),('weskocalsg',10,'6ov27i54o2e',8,13.4,'827lhluym5'),('wfi17qcprp',9,'ohapttjvhkp',11,9.79,'hms7omtj8o'),('wi9ey9rtcx',8,'lteopasl0m',9,15.8,'quh9u6qsn4'),('wicn3csjem',7,'kmz7wgpnfj',11,7.37,'tr5rkj2qfj'),('wnfa3v4il7',13,'s1e1zfnp5cd',8,17.7,'tr5rkj2qfj'),('wopo5jl06q',17,'skfr2ye3cr',11,12.2,'6svq63eznj'),('wpbqyu46mq',6,'ie1174aq0od',11,7.14,'qs61rgvc1z'),('wpdp3atefl',17,'opx04p66rvh',11,8.56,'jd4fipft6f'),('wr6dqdu43u',12,'aqblgyrjkv4',10,10.7,'g1xzvz75rp'),('wrist extention',20,'flex the weight up bending at the wrist',12,2,'forarm'),('wt6giafs97',10,'4j08lqqrfsv',11,17.9,'3l0pmhz9s7'),('wtn7nwjkrz',15,'3wgmdd0ncc4',11,14.4,'wrfsbsskya'),('wwg8s8grbn',9,'frurt5q2lul',9,13.1,'yw1rvfi9h2'),('wx6zwivdir',7,'vswwsqdtcjr',11,10.2,'yw1rvfi9h2'),('wxfwissza5',19,'vta7abesb2g',8,15.4,'bb1dsay84h'),('wxmqkow1h5',8,'2fnzwc15lhi',9,10.9,'ixdjuq36jg'),('wxsys9qyzv',9,'84b6louywau',11,1.34,'kfovmnegu7'),('wy4r5epqts',19,'7hi3yspik6g',8,13.5,'9j2mfw9465'),('wy9u4w7uzh',6,'hm19p3qcokl',11,3.19,'g1xzvz75rp'),('x3rxutim2y',17,'k9hw9duofv',8,3.71,'nxefghjuo9'),('x7dfmikbtk',11,'j7z73oge7rk',11,16.2,'ns34tpsgu3'),('x7nw1traeo',15,'44q6bsbcyaq',10,9.21,'fp67bgzet2'),('x7u1onf2tn',16,'8l1orkhc42u',10,6.67,'fp67bgzet2'),('x86fo4r8h4',8,'pbaic6sgxe',10,5.77,'d8nqiia85n'),('xa2imz4ab0',17,'k581mbyui0g',9,6.84,'a9hr8tnash'),('xawd3bgljn',10,'0n3nwsyif21',8,4.93,'1hnhau3owb'),('xb6tncb2l3',18,'sadw5xev79',9,15.9,'d8nqiia85n'),('xbe0s9iyft',19,'u85dqau176m',9,15.8,'ns34tpsgu3'),('xbhx140j85',17,'gnzovpla5v',11,17.8,'0ixoq3vkrf'),('xda5lizi9v',10,'371mwg7z42b',9,5.98,'impnnjbgng'),('xde8v9wzcl',19,'qeca9rf3mt',8,1.09,'wehtbgfla6'),('xhcx6u4lir',5,'9le7eq8ey',10,2.27,'0tf6nmfoxa'),('xi97gt9fii',13,'x15wk3fslx',11,16.3,'x79qs8pu59'),('xib1uhky5n',6,'l56kblbhmeo',11,19.9,'ixdjuq36jg'),('xie2s44dw3',14,'ndyu3g3sec',8,19.6,'s3psdp41sc'),('xihbm3eqb3',12,'l6war2ezpss',9,8.7,'quh9u6qsn4'),('xil8843pnc',16,'8jv4mtm5mfc',9,7.79,'eeqskjwn2l'),('xjclbi8xsi',14,'7au21kdp5y',9,15.5,'qs61rgvc1z'),('xldxmn5thq',16,'4rge3xxqcvw',9,16.9,'3xx5h79eqn'),('xnbk907zoj',19,'8xeng21frpg',11,19.9,'1aalj4pqdf'),('xobjf424e3',19,'ycjzvvlrui',9,6.87,'zzm69xc4cm'),('xpmlvmx8pe',17,'kxde5qfy3yj',9,11.9,'quh9u6qsn4'),('xq5pvz9llg',5,'n55xpxhxn2m',10,10.4,'1pvsw65nm8'),('xrongolqpw',6,'6kq3kssfiun',8,5.82,'ns34tpsgu3'),('xrp7ncyrd3',15,'9v5e4yz2ob',8,5.54,'827lhluym5'),('xtraadqrpu',18,'4vd0z4ovwxu',9,18.5,'4pardvh0jx'),('xu1p8671xa',7,'q050v8cdmuo',10,12.5,'a9hr8tnash'),('xvqfza4u6c',6,'neaf1za24rq',10,2.9,'ns34tpsgu3'),('xvujhr2euv',10,'w21o95ug0qb',11,7.73,'d8nqiia85n'),('xw7sabu0ue',18,'xnac61qv2vc',8,17.5,'827lhluym5'),('xxb6ro1fyt',18,'lafyn7a403',9,7.82,'wehtbgfla6'),('y05s9dvos1',17,'wnx81c367xe',8,13.2,'ixdjuq36jg'),('y0s6gn6g56',6,'c0v8vilkvr9',11,11.8,'impnnjbgng'),('y49deko4d6',5,'mog5waiu2w9',11,6.33,'sx2fcnci7f'),('y49qimhnx4',5,'ykiyd5fun5q',11,16.4,'wehtbgfla6'),('y4k247oapy',9,'w9a9k3nf4n',11,8.69,'wehtbgfla6'),('y5jaect4my',6,'95o07wxa8sm',11,16.3,'tr5rkj2qfj'),('y5tsj1iddl',16,'iy3qlbcue',11,17.4,'impnnjbgng'),('y6iy6jsdqe',18,'uybgdvrb6me',10,13.8,'s3psdp41sc'),('y7kwwjp8qd',15,'s9zxjex79sa',11,1.07,'quh9u6qsn4'),('ybccjfq3i1',16,'bompxo4p5of',9,11.9,'kfovmnegu7'),('ychqch8ug1',7,'z27kn0ca90p',9,2.78,'r1kww8e2p1'),('yfiv4j9lhs',12,'g5gfbvsux29',9,5.78,'wvdyyx3at0'),('yjtzjxcci8',8,'23jvzqm4ltl',9,10.3,'hms7omtj8o'),('yk4wgi31j4',14,'o1l7g5mupi',9,2.27,'wvdyyx3at0'),('yldlz3jq3z',8,'jbxyxkwz5e',9,7.89,'827lhluym5'),('ylwfk43vbo',8,'2ullaqia4tv',8,6.3,'eeqskjwn2l'),('ym30x0fk0m',5,'opiybe5zyfl',8,15.9,'4pardvh0jx'),('ymxj2viyq5',19,'inxcocxz1v',8,14.1,'cusdv52h0w'),('ymza1rww3g',17,'hu17jnea477',8,4.34,'qs61rgvc1z'),('yn3lifb73g',10,'yqfuh3avwub',8,14.2,'d8nqiia85n'),('yptlreqd1t',10,'ts8blscrsud',9,3.86,'eeqskjwn2l'),('yptorbe2sk',13,'oj9y9qtj5l',9,6.27,'cusdv52h0w'),('yq7n2mqzzk',6,'ghzbd03yco7',9,8.35,'jwkp2zw6n1'),('yrai3d1cg8',9,'fxzidcustq8',8,12.4,'93wtu3ry1o'),('yrg5bhxmcb',16,'q41rejmhbdj',8,2.84,'65f12imxp3'),('yrvafpeuok',16,'rivkwf3jd4k',11,9.34,'6svq63eznj'),('ysccl96gle',7,'gvq9nuyoqc6',11,19.5,'kfovmnegu7'),('ysrxkx7wm6',15,'tlpo3gjo7cf',11,3.44,'bb1dsay84h'),('yssq7ie069',19,'4knyjga2ob3',9,18.5,'eeqskjwn2l'),('ytk9pvx56t',6,'aelw3u8wwdh',10,11.4,'cusdv52h0w'),('yv0ww21i3f',16,'uj9almlga8i',9,8.42,'jwkp2zw6n1'),('yvfd81csw7',13,'su0bttcbzyp',9,5.83,'bb1dsay84h'),('ywcoyrig3o',5,'efat7331xej',8,14.3,'nxefghjuo9'),('yznpd03rka',13,'7ypxroibp8',10,13.7,'9j2mfw9465'),('z2nrxq6eay',15,'c228i6rwgfj',10,13.2,'quh9u6qsn4'),('z3rrixat34',13,'fl64wemeokb',8,2.45,'oaonu3fwmn'),('z5p88cz9pi',9,'srdixdykzh',9,4.9,'jd4fipft6f'),('z65sdg2he6',16,'p9qnhsopwgp',11,17.3,'8r2b4md8sf'),('z6kztui54l',6,'jjnffggi6jc',11,2.84,'a9hr8tnash'),('z71cxbhi1r',15,'y7x7gqhers',11,18.9,'93wtu3ry1o'),('z79rrud6lp',7,'l9897o0xtc8',10,3.34,'cusdv52h0w'),('z7nxjt2mc3',9,'tai6vnb8i4',8,8.09,'ixdjuq36jg'),('z8es9chno7',13,'dmd7zsh3pn',8,18.7,'fp67bgzet2'),('zafey0aw3n',6,'ldouyz3qoqq',10,11,'fp67bgzet2'),('zdhp56t338',7,'g2669y3hb54',11,17.6,'eeqskjwn2l'),('zdt8skij1a',12,'0swlr62ly5pq',9,16.2,'9d5t3r56h0'),('ze4m8uryjy',14,'qwftrppiezq',11,7.56,'9j2mfw9465'),('zelf54679o',18,'tnvahnn0r9n',8,1.78,'5xbwr73uwv'),('zfpk1gb3zz',9,'i0i7zlkvyzo',8,13.4,'82d295mmyi'),('zfzn2hmu18',11,'tav7sw00ldi',8,15.9,'3l0pmhz9s7'),('zh0svqe275',6,'3xb3cq68eml',9,17.2,'8r2b4md8sf'),('zkb7gb9078',12,'u0yf4n59add',10,8.52,'9j2mfw9465'),('zkya5i2cjo',15,'ucgt714wxrr',8,8.33,'kfovmnegu7'),('zldchtzjv2',5,'4nj89dr4wk',9,4.84,'d8nqiia85n'),('zmddrqar3o',16,'i94roy57h4',11,6.24,'6svq63eznj'),('zn0az0f5uk',12,'kz9gkplco8',8,2.53,'vdb7ef1esa'),('zr6s165hke',14,'w33a34ytpgl',10,15.1,'jwkp2zw6n1'),('zry3nzh58z',19,'3qg4cj4u9mj',11,12.4,'tr5rkj2qfj'),('zsl8qsw2n6',17,'4c36smwsxnv',10,10.4,'1hnhau3owb'),('ztb2qrv80b',14,'wponzyoanhm',9,5.48,'827lhluym5'),('zug2rz3rta',17,'kn10gdkw6hb',9,19.5,'93wtu3ry1o'),('zxn379jb9j',8,'zrdpni8k7a',10,2.56,'oaonu3fwmn');
/*!40000 ALTER TABLE `exercise` ENABLE KEYS */;
UNLOCK TABLES;

--
-- Table structure for table `machine`
--

DROP TABLE IF EXISTS `machine`;
/*!40101 SET @saved_cs_client     = @@character_set_client */;
/*!50503 SET character_set_client = utf8mb4 */;
CREATE TABLE `machine` (
  `machine_name` varchar(255) NOT NULL,
  `description` varchar(255) DEFAULT NULL,
  `cost` int DEFAULT NULL,
  PRIMARY KEY (`machine_name`)
) ENGINE=InnoDB DEFAULT CHARSET=utf8mb4 COLLATE=utf8mb4_0900_ai_ci;
/*!40101 SET character_set_client = @saved_cs_client */;

--
-- Dumping data for table `machine`
--

LOCK TABLES `machine` WRITE;
/*!40000 ALTER TABLE `machine` DISABLE KEYS */;
INSERT INTO `machine` VALUES ('03o2gk9vh4','2v81o4gblgg',1413),('0j133x0w9x','cayz99gfe08',2413),('0n30m99w8e','cpb8qd00gvw',2393),('1fsfry42ds','auktqpkn6ow',4968),('1fxmlp6se3','b3r2lwmdi7',3514),('1lr1jv7vts','f4dd4xli1jq',3213),('1p7084n4i1','f1ozhzc4k8j',2056),('22bkdo0tvd','bkx5hpqcafl',306),('29pmdg7cww','81y2ce81fv5',266),('2kzpblu076','meermg6b9gm',1825),('2nmgmi13bp','2itsxurrzi',4493),('2obcfet7rh','c8oel9uvyd',1964),('2wtk7yekhp','pbt25hnso4l',3168),('38nkz3w6mi','i3wmt3nbui',2696),('3bwdhthldw','2iszyxdrgke',1021),('3sfqggdodo','je6dfysv75',2560),('4jg0e46v2y','zuk7rciuw8',1920),('4x886tp3jy','1c4o2xuhi2c',4537),('52flmavmeg','ymdcu6fytrh',4908),('5v2vk1hh9v','v8bkudbyqfn',3739),('678o0krjj0','aqshcxbrrd8',2723),('6dlnmx4mdo','c5sukxd3brl',513),('6shq85ekuh','hpy7itgvbn',4334),('7s5gy9jyvr','8dymper2c0i',3757),('7vvtt5kzqf','lmizmhj81nd',2976),('8650fgrapm','culprx22j8v',2600),('8q5yhwqu1l','otrj85he2b',3615),('8rc9pxekme','25z6fltqcw',2025),('8ta6rr5e4y','vb28w8clxga',1311),('8yqtugmpk3','p162pez35jq',373),('93xwv4v8m5','itobw1ub4jj',4880),('9b9r5r9grk','pd31l0e059g',2461),('af4cs0m0pf','myrn1zqr9u',1719),('age3ogzlbe','sn21nj7drq9',426),('ax0g2r2epm','7dr5ke71mya',4654),('b1llt7xe39','ciyx1h4xn1o',2483),('barbell','bar made to hold large weight usually used with multiple points of contact',200),('bench','platform made to be layed on',200),('boexoh5oaf','qtv78f8bpf',777),('bpr6x0iegq','vp9o9u96y5d',3651),('c1pdoindlf','kx48de3gb1r',313),('c42dh0we4f','bcrk1imhgor',2423),('c52pwwjsme','twyzrx0r9rh',2355),('c5m0wvzc7z','l4alvbmxe1',4779),('cable stack','cable attached to weight through system of pulies',5000),('ccd2ps8kp5','ca456wqvioo',1825),('cjzxey0xwm','73k5koir194',4246),('d3xg1exmq3','j9ykv2jxdmm',1599),('d9ns7z7lqy','zklix2eqweg',2897),('dumbell','small weight made primarly to be held in one hand',50),('dvbffzpgsh','d4s1hhklgmo',1761),('e2w3m88fg9','zkt5k2ct9k',3013),('e7ud37w0zs','wtlbk06qyx',3956),('e9959lbt32','2sm9dxsc8od',1801),('feu6ak9wg2','oke87s1iutl',2369),('fnf0l0k20d','25m4yix83tz',1913),('g1fmjve428','2r12zqy0ije',900),('g65fw2a8yk','otqr2aap2g',1125),('gvl1c672ki','0d3341w8owuv',4069),('h1manescm0','96dyn6sb4a5',4813),('hack squat','large machine to perform a variation of a normal squat',3500),('hcntgesiy2','mn8qo2yy6wo',1728),('hxc02qfkb6','1afe314r5fl',2896),('jiede8cu8l','efi56ks9ili',3509),('jr54u8c0s','olt9micrtbr',3070),('jyfw0ru5ny','g6yoeogdnlc',1519),('jyrjacqdnw','rc4xk26l6dc',329),('kkqz3ryooz','0ry4eyz8orm9',500),('kwniyu07hs','tep3blm9ab',1627),('kx2miastvz','vs25m65oh1',3043),('kyxzh4bwaf','jhx2vqt3fx',1495),('l4b1loj0fk','9p3necseet',397),('leg press','large machine to work legs',3000),('lkcr80ipuh','cy0oi0f3mt9',1071),('mkzuo34cwh','uuz77sggwl',2815),('moepv05jf1','2j9l0c3vjhg',984),('mwhw3dfl8o','szdg2282pfi',2283),('mynn88kgwd','pcubxwq8k1g',4595),('n9efipkdkn','wnbl0uphdxk',3728),('ni4skjwm68','a8ibojni7t',4767),('nldhdukza2','0vjcs66eslv8',3542),('pqog060c4x','wp4axb15ff',1912),('pqxgp0o0aj','zs8jpobvvqo',2988),('pyf3hqsfoi','ptsyf7oes5',1412),('qro2gp2h49','qa84ztq5s7',4923),('qt6oipr7h9','071nype7lly',2043),('qwfcsu593w','qnmgbx57ue',4274),('rofwihnwxp','36a4wote0ht',2876),('s4wllk18h9','dqa5ho8u5rj',1838),('s93n25x803','xrqyvd659j8',4338),('sdcu7ttct9','ui4vzstlnk',2622),('siyn2ospjb','km2yv1uanw',1731),('tnhhog5crz','jrawcsu63ec',4603),('tp6o12feey','a0060sn2gd8',1057),('tzbv2sur5g','16kk5sz55zj',3553),('u39ahuwg42','tgnlkgozn4f',884),('w63986zhlq','cje0vmlnrtv',825),('wb69xcfo7x','dizpra95tlg',4408),('wbtbesh3o2','tmjjh59nxf',2618),('x5mdlmv74f','u3tr6k5joh',1954),('xyazst1qz8','z1nlpxtm81',575),('y0qlvaecuv','wuy99tpwdrg',4676),('y2uye1azhj','ywvutketpsr',2562),('yzuuim45u2','zkchc2ddeao',560),('z6w4y7h4tt','403mb2daatf',1595),('zcv2sfy6d9','473hsj9vp72',2155);
/*!40000 ALTER TABLE `machine` ENABLE KEYS */;
UNLOCK TABLES;

--
-- Table structure for table `muscle`
--

DROP TABLE IF EXISTS `muscle`;
/*!40101 SET @saved_cs_client     = @@character_set_client */;
/*!50503 SET character_set_client = utf8mb4 */;
CREATE TABLE `muscle` (
  `muscle_name` varchar(255) NOT NULL,
  `group` varchar(255) DEFAULT NULL,
  `location` varchar(255) DEFAULT NULL,
  PRIMARY KEY (`muscle_name`)
) ENGINE=InnoDB DEFAULT CHARSET=utf8mb4 COLLATE=utf8mb4_0900_ai_ci;
/*!40101 SET character_set_client = @saved_cs_client */;

--
-- Dumping data for table `muscle`
--

LOCK TABLES `muscle` WRITE;
/*!40000 ALTER TABLE `muscle` DISABLE KEYS */;
INSERT INTO `muscle` VALUES ('0ixoq3vkrf','v5blc4ju91','8wbdshqytw'),('0tf6nmfoxa','0kjj8nnbxy','yt52jkzv32'),('1aalj4pqdf','wjqf6ajkn2','2x5rien0cg'),('1hnhau3owb','cur3or2m7d','cr6p7plnfh'),('1pvsw65nm8','p0rh5ajihf','j9xndvcmwm'),('3l0pmhz9s7','9pe3xj9j68','uzqg01a0th'),('3xx5h79eqn','fgeqncvz0s','0vhn4g4e7g'),('4pardvh0jx','vsa0ctksfi','wmtmwmo51a'),('5xbwr73uwv','l99wy2co39','jx48vb57a8'),('65f12imxp3','7k5yt6co9q','wm4lun4hto'),('6svq63eznj','ngwau0uyvd','ek4g44ozwr'),('827lhluym5','26addtljn9','hc92qwsspa'),('82d295mmyi','8lya1oavue','x0uqrnhtek'),('8r2b4md8sf','62e3vh83o0','2gus8panra'),('93wtu3ry1o','cpc7oysjub','fmjfde41a5'),('96rkp7tu50','vfa6fhwcu7','f1f602sey7'),('9d5t3r56h0','vbp4cj7zw2','9pujybt9v6'),('9j2mfw9465','rzko1d52ud','vymvlibefq'),('a9hr8tnash','tejhlyuyne','m3mjska6qz'),('bb1dsay84h','k24ai6kczl','ae4w03wdi7'),('bicep','Arms','upper body'),('chest','chest','upper body'),('cusdv52h0w','hiydqlc5fr','b7mta8nd1z'),('d8nqiia85n','mk9ht77vj2','j97xzr24ra'),('eeqskjwn2l','kkcyougelf','5esub6k194'),('forarm','Arms','upper body'),('fp67bgzet2','m97x8m2g6f','r0flkoftlk'),('g1xzvz75rp','w8dbi8c2s3','vemvjds347'),('hms7omtj8o','txeaqpksd7','ggv4dnieff'),('impnnjbgng','3uf3xcgeka','snhr11o09h'),('ixdjuq36jg','gsnfnhy7b5','lhlsoliyz5'),('jd4fipft6f','32zp1xf8dq','god7k1oiir'),('jwkp2zw6n1','celzfushjg','rc4gc8wsy6'),('kfovmnegu7','n2y0coj5n8','rdtlzxw53q'),('lats','back','upper body'),('ns34tpsgu3','kt3ylld8bd','dbbubrxfaj'),('nxefghjuo9','7ij9g4671s','lpliac9nvy'),('oaonu3fwmn','r2knlan10z','znsj2iji1b'),('qs61rgvc1z','r0zpm8tfrl','dxsrbeafuq'),('quads','Leg','lower body'),('quh9u6qsn4','c59brylxp4','205quw80t5'),('r1kww8e2p1','a271g31lyf','bgjr02asy3'),('s3psdp41sc','7xk8nu40wy','pc7cuqsekp'),('sbsmbsyl70','owple8w33b','t8wrety15b'),('sx2fcnci7f','6sfkpys2fl','o8u6x045y7'),('tr5rkj2qfj','qtjjokdonx','z20u91objh'),('traps','back','upper body'),('tricep','Arms','upper body'),('triceps','Arm','upper body'),('vdb7ef1esa','ubg1k03pwa','jlclqecqte'),('wehtbgfla6','zysxz514jq','v1n7nazae8'),('wrfsbsskya','x5dnvzwq3t','tveubu44d8'),('wvdyyx3at0','rf4uobcal0','yk3miegue9'),('x79qs8pu59','pvtt1ciyl8','kuksaghmzr'),('xofxkzn4de','3h77pvjctu','npuysaxh3c'),('yw1rvfi9h2','ycm63a6h1x','hkdngdadlj'),('zw0yy84a5x','h5ckdnmuyc','ix7l58cvs5'),('zzm69xc4cm','c01mt4nvte','drddggvxtb');
/*!40000 ALTER TABLE `muscle` ENABLE KEYS */;
UNLOCK TABLES;

--
-- Table structure for table `user`
--

DROP TABLE IF EXISTS `user`;
/*!40101 SET @saved_cs_client     = @@character_set_client */;
/*!50503 SET character_set_client = utf8mb4 */;
CREATE TABLE `user` (
  `user_id` int NOT NULL,
  `name` varchar(255) DEFAULT NULL,
  `height` int DEFAULT NULL,
  `weight` int DEFAULT NULL,
  `age` int DEFAULT NULL,
  `gender` varchar(255) DEFAULT NULL,
  `goal` varchar(255) DEFAULT NULL,
  `location` varchar(255) DEFAULT NULL,
  `gym_name` varchar(255) DEFAULT NULL,
  `gym_type` varchar(255) DEFAULT NULL,
  PRIMARY KEY (`user_id`),
  UNIQUE KEY `user_id` (`user_id`)
) ENGINE=InnoDB DEFAULT CHARSET=utf8mb4 COLLATE=utf8mb4_0900_ai_ci;
/*!40101 SET character_set_client = @saved_cs_client */;

--
-- Dumping data for table `user`
--

LOCK TABLES `user` WRITE;
/*!40000 ALTER TABLE `user` DISABLE KEYS */;
INSERT INTO `user` VALUES (0,'mmca6v7thg',165,41,68,'M','Grow Back','t9f7oyv98w','01358dp0zq','Home'),(1,'7129xgptrq',163,182,28,'M','Grow Back','fr136gqctt','u3mq8whs5u','Home'),(2,'b1duko7u7n',152,191,81,'M','Lose Fat','u2xq3mdma3','kdxhnugl29','Commercial'),(3,'256dsw1zk4',194,194,24,'F','Grow Chest','p6fa2rtdv5','dfgmipp4pl','Commercial'),(4,'qdxsn5f241',155,91,60,'M','Grow Back','1u5h9ddwwp','65wwrrnxup','Home'),(5,'v4qv4gafpi',186,196,68,'M','Grow Back','0gnso951op','qu9xb1tjh5','Commercial'),(6,'g68vl031uv',151,144,58,'M','Grow Legs','y237gdif7f','iiknq979q1','Commercial'),(7,'hbf245r53r',195,108,77,'F','Grow Legs','dlojttgvvp','s8mlgljomn','Home'),(8,'0fby8ssgx4',173,191,78,'M','Grow Back','36u4ga0a5p','2w3a53kk6z','Home'),(9,'cqcg4ehi7v',179,40,58,'F','Lose Fat','w9bmcciz7l','m8mtdlnw5a','Commercial'),(10,'kh5te0w709',198,109,48,'F','Grow Chest','o3oc2zcic6','gr9hmmdg21','Home'),(11,'z017i3kn1r',159,153,26,'F','Grow Legs','erfar4u7jo','fgb39p4hpw','Commercial'),(12,'cf9y4vw58m',192,182,74,'M','Grow Back','7slqc8zg1b','b1cajdk1na','Commercial'),(13,'6vlah6zq6f',165,124,70,'F','Grow Legs','epp8me9xwm','3cwk53xhbs','Home'),(14,'qlfbr2lh9x',171,175,51,'M','Lose Fat','qc6ccr4yi7','lb91x6zew1','Home'),(15,'7gl7clxjf5',193,118,69,'F','Grow Back','asfcsbgeyf','jrx7njrv7y','Home'),(16,'t7gmyqoiqn',181,75,81,'M','Grow Arms','08ojsaw0i7','n5be2l4ekv','Commercial'),(17,'hw4xua3ybg',150,88,43,'M','Grow Arms','n6v0ny4a2d','q1mi7fktyl','Commercial'),(18,'ijee0uaqaw',199,120,61,'F','Grow Back','dubpo8uqlg','47vycocdt5','Home'),(19,'9x79mrb0gs',180,168,50,'M','Grow Back','fjis205r3z','ywv295liie','Commercial'),(20,'itkq3h4i9n',150,122,15,'F','Grow Chest','i295flfenm','x2ukgcxa34','Home'),(21,'1gesrdxge3',185,54,21,'M','Grow Chest','ygqzvtkgen','9i6f6kxa7s','Commercial'),(22,'yvfculx1a1',152,45,49,'M','Grow Chest','shldyc4rsd','f1ac16ifug','Commercial'),(23,'otjs6ef1yv',179,90,58,'F','Grow Arms','vgofp3cygz','u3t5oa1c6k','Home'),(24,'1hiqt63w8z',182,186,75,'M','Lose Fat','fle9eu9p6e','x33xlofpb6','Home'),(25,'ymdr5mhhxo',165,127,30,'M','Grow Legs','0rt3la6dl5','4zhvpk92e9','Home'),(26,'7ed0jxxge2',171,92,27,'M','Lose Fat','xsowg6a97v','losispfkn1','Home'),(27,'ijdxa0z4uf',188,93,54,'M','Grow Arms','ejr1zhrnph','6znj9bpxkc','Home'),(28,'tgyl70vmnf',177,85,30,'F','Grow Back','w9wchz386c','rcchma17tn','Home'),(29,'fkfstobq44',154,148,32,'F','Lose Fat','2oxunq29qi','vpdak2chme','Commercial'),(30,'bn30unajmh',180,166,56,'M','Grow Back','o2bezv5uwu','2m8nte0vqg','Home'),(31,'e6rokch1rc',170,125,48,'M','Grow Arms','lp3y62qszd','0fddmq8v5q','Commercial'),(32,'no1abma7ei',155,149,21,'F','Lose Fat','60p4jhbpry','htrok87m3u','Commercial'),(33,'1ey7wiixj5',178,49,80,'M','Lose Fat','sviegsa255','jmulw64g6p','Commercial'),(34,'w6zm9w6a39',176,136,44,'M','Grow Arms','ep7n10y10c','ijronrp8ft','Commercial'),(35,'f7pte6l65y',187,88,61,'F','Grow Chest','gesh91abk3','4ikrfium3m','Commercial'),(36,'frfsfl7gvw',190,159,52,'F','Grow Arms','femufokcu5','odst13f4eh','Commercial'),(37,'xg3u6fv00f',173,167,75,'M','Grow Arms','r60fovo2pu','rrntwi3myu','Commercial'),(38,'qhbc4am86c',162,125,20,'F','Grow Legs','epgyjqkbm2','8iglxhc0gg','Home'),(39,'duseem6erd',160,198,35,'F','Grow Back','5avfmltso2','5e7jva8is6','Home'),(40,'9skz3jhdpz',185,175,16,'F','Grow Chest','8458geuzfj','n0nzq0yifj','Home'),(41,'hqptdptz7x',188,122,83,'M','Grow Arms','weapblizzj','u9nxhbeb6n','Commercial'),(42,'ff5zbwm36u',164,49,72,'M','Grow Legs','f2ix3ed7g0','th1xxlnml4','Commercial'),(43,'rlp5obktnq',174,173,72,'F','Grow Chest','hav324jgyv','yko8eyj71','Home'),(44,'pjphfzo04l',159,147,80,'M','Lose Fat','pgcf75cfzi','agszy7oiy3','Home'),(45,'md270qw9nk',180,161,21,'M','Grow Back','q9ddpqaumi','n4drvlrxvq','Home'),(46,'86eatq4wx2',196,168,55,'M','Grow Arms','8lxwgt7e91','t4xedzw3wp','Commercial'),(47,'te8rmh9tyh',151,66,36,'M','Grow Arms','7qh1hyowft','dm00lphot8','Commercial'),(48,'0u4nwwhbh9',194,175,76,'F','Grow Back','ioe0yw6uvy','qhs4izc9af','Home'),(49,'5xjiy7qtj1',189,125,35,'F','Grow Arms','lw4x3mcqzq','1ayi05nltb','Commercial'),(50,'tztlncm8qt',195,44,82,'M','Grow Chest','vmyhi5o4sb','m6r5impd75','Home'),(51,'3fszmmhpbh',188,166,23,'F','Grow Arms','24fnpb9igd','z0ttj4t6tj','Home'),(52,'jpsf5c03q8',185,63,81,'F','Grow Chest','my9p6t61rm','8ycpps3i3v','Commercial'),(53,'fp95hc3e10',169,186,19,'F','Grow Arms','lqaj6p8tnu','l921kkp33v','Commercial'),(54,'k4ml5cfjih',164,90,63,'F','Grow Arms','y38tqnv7na','qttw06drk9','Home'),(55,'aojqz7hmvh',187,51,31,'F','Grow Back','mrtab7cy6q','kwsqcxsqpa','Commercial'),(56,'slrnz8qk1g',178,63,81,'M','Grow Back','y4do6lp5aa','dipm3b8k47','Home'),(57,'drivpuv7w5',164,143,40,'F','Lose Fat','f9fi6enyrn','xteyutd0lj','Commercial'),(58,'xqlldlsbje',188,64,57,'F','Grow Legs','6slvp5wj4k','orhkaqr82e','Home'),(59,'ez9qxkpu4u',150,130,60,'F','Grow Arms','gwiumwlc4j','5o10vk4806','Commercial'),(60,'e0u6ckw5c7',196,111,58,'F','Grow Arms','ierk1bwa5j','w3v616d3e2','Home'),(61,'fssig042v6',199,44,57,'F','Grow Back','poqaggcyf2','dhm6uliqmn','Commercial'),(62,'uonq3j3p17',163,147,15,'F','Grow Back','j3byfg59oh','d96qxg9vld','Commercial'),(63,'bu8owce7qq',175,160,41,'M','Lose Fat','w9tgs6lowq','hnc8n19th6','Home'),(64,'ixif7ldxxp',167,191,52,'M','Grow Arms','351rbz2d2d','gmarz58jhx','Home'),(65,'eqfd3e1ew5',159,139,38,'M','Grow Chest','fj1fp1vhon','fk5jx5zmhu','Home'),(66,'0nxuoln06c',152,158,84,'M','Grow Back','qg123cimtn','2jurrjcqom','Home'),(67,'cpsnkskg33',163,62,75,'M','Grow Chest','ywgpo5j40e','sq473lgvss','Commercial'),(68,'vjmnebghg4',192,61,34,'F','Grow Back','h2jbwyi8y9','h9qnrxw516','Home'),(69,'h30y4ndmds',164,115,22,'M','Grow Legs','q3jheh0gy8','gvw18eycjq','Commercial'),(70,'udrbk847kr',150,96,68,'M','Grow Chest','4brm1weoou','qak5168blo','Home'),(71,'g8l4l0jhii',156,153,41,'M','Grow Chest','rfeh63cm65','fhr4q0lp1l','Home'),(72,'ycnqc88buv',173,188,80,'M','Grow Legs','xzx26z2wgk','qj4nkwgt6f','Home'),(73,'8efynfwhnv',173,139,49,'M','Grow Legs','khbrxnvbiq','rldn3lu9hx','Home'),(74,'9h44s4c4yb',182,85,34,'M','Grow Back','z4boavn7te','sk37xtesya','Home'),(75,'kqwlgqs5tk',182,88,70,'M','Grow Chest','q5svc4dd02','yv8bx0ofws','Commercial'),(76,'y72br8pc6k',155,127,60,'F','Grow Back','810996pgnq','5h23ehgcj4','Commercial'),(77,'c22fkphwtc',164,108,79,'M','Grow Chest','g1vivqfcew','i3lehzyhxt','Home'),(78,'7yevbka82t',164,121,30,'M','Grow Legs','3wrya0mlqp','65wiw2bpzb','Home'),(79,'j7lcvu9rii',185,155,70,'M','Lose Fat','hp87a6r9sj','g6sob2r4l0','Commercial'),(80,'wx4ftir9ug',155,60,66,'F','Grow Legs','8niokwborb','bixyif0ejq','Home'),(81,'ajhfoj140l',194,58,26,'F','Grow Legs','hnmdoh7wfw','zr5j1xlbpr','Home'),(82,'nw8bk9r5ry',170,114,55,'M','Lose Fat','pxsz58hzzd','3blgjvi5zn','Commercial'),(83,'q1hn4zsshz',194,187,18,'M','Grow Back','k7e2ahwhhj','x66kpvgthf','Home'),(84,'8ltex6sr95',196,64,60,'M','Grow Back','qkuqjxh1bi','qk92jizxs3','Commercial'),(85,'lf67cpqcjv',182,108,17,'F','Lose Fat','vl4pnth9g6','e68odahx3e','Commercial'),(86,'tdmhz1p4lr',159,83,55,'F','Lose Fat','4pp65wlew4','wx2d0c50q2','Commercial'),(87,'phwllhz396',164,95,27,'F','Grow Legs','pepuatc8px','pxfgwfn8nz','Home'),(88,'bgn88mrtnn',177,69,32,'M','Lose Fat','kgu98ux288','qejluxp9o6','Commercial'),(89,'vijajwwdr4',190,84,48,'M','Lose Fat','7rec2gcj42','2fn14wr4a5','Commercial'),(90,'cle5td4nlv',173,64,60,'F','Grow Legs','3pnx2x4hvn','cfj4lvg6sb','Home'),(91,'qlul4m9eg2',185,44,75,'F','Grow Arms','ghegpgat4n','nbw900dcio','Commercial'),(92,'xf2ns0ccs9',184,76,84,'F','Lose Fat','jx174qxr3w','h5k82zlulu','Commercial'),(93,'28k9cw703o',156,143,19,'M','Grow Arms','b60sajeaxu','kgd32qbvy8','Home'),(94,'dfyohou7rf',156,180,68,'M','Grow Arms','bhin45vc5a','342ofcuh5p','Home'),(95,'b1xhpeyr0u',154,50,46,'M','Lose Fat','jq3uis68c4','zj4a0roz38','Commercial'),(96,'x3nvpwqt66',160,166,18,'M','Lose Fat','yo1dej4e3s','69ig081v8j','Home'),(97,'y6snc90h1f',152,166,38,'M','Grow Legs','2dnpgnve59','xzoxf1qf50','Home'),(98,'kayvgldswr',160,142,57,'F','Grow Legs','1tb7hxq00l','91vrwrjiwj','Commercial'),(99,'pmrz5giup8',154,113,32,'M','Grow Chest','o1qsdq6eyf','qd1kl4cptl','Home'),(100,'7m478wikre',156,48,81,'F','Grow Chest','pgj6aj7syw','f51r4wkz4g','Home'),(101,'xannm553ip',168,163,78,'F','Lose Fat','f49md6cz17','1yazfcxsr0','Home'),(102,'xnbqwcjeng',192,117,15,'F','Grow Back','hdjloa8zop','ydgk3e22sn','Commercial'),(103,'m54zkaofaa',191,186,56,'F','Grow Back','jvpaxhw1ly','b4eq41qp7e','Home'),(104,'3ggvb33m5u',181,162,73,'F','Lose Fat','r7gaywfj4a','0lgdco5tgo','Home'),(105,'9awkgkkoxs',165,80,23,'F','Grow Chest','bershlef41','79n9tcuqmt','Commercial'),(106,'bzj3l0df12',178,144,72,'F','Grow Legs','85s5ipivdc','oh08lfv1je','Commercial'),(107,'n7xtwir2bl',187,198,31,'M','Lose Fat','xnr85tehfz','wixxt94ow4','Home'),(108,'y9eektomx5',155,186,61,'M','Grow Arms','6tmcw3ddmn','kkuwnbbozm','Home'),(109,'q0t78mu8ou',156,59,60,'M','Grow Legs','1nvyno71f4','nwytq96v3k','Home'),(110,'quy38thcf2',154,188,30,'F','Grow Back','omocnjhu3t','8jxxlrdxvb','Home'),(111,'hrdh2f373c',150,59,41,'F','Lose Fat','vjnygkaa0v','1fygq415ox','Commercial'),(112,'p543wr82e3',171,112,51,'F','Grow Arms','cm91alovw8','3ppor01je5','Home'),(113,'fma1sg2q4z',151,161,33,'M','Grow Arms','mnmacw9n1','zct0l0o7ga','Home'),(114,'kwp6jtj4rm',155,64,60,'F','Grow Back','o599khcxcx','sk4ls4tgfg','Home'),(115,'sr0naktz3p',196,197,56,'M','Grow Back','5kooqqryl7','9t4l4dn2fv','Commercial'),(116,'77tevnd3pc',183,150,79,'F','Grow Arms','co5wsn7rkf','fmonak2fxf','Commercial'),(117,'1bdxbkmw92',183,51,53,'F','Grow Legs','9hx9iwch8i','qaz44fe52l','Commercial'),(118,'z9eh83157b',166,115,61,'F','Lose Fat','zwhziwiedn','504ywlyjl5','Commercial'),(119,'32qqkf1f2n',184,197,31,'M','Grow Back','rfemx5dm6m','a70wy29btp','Commercial'),(120,'dr3f1wtqge',199,116,43,'M','Grow Back','20kcnic7oi','mca9ayl9nj','Commercial'),(121,'9f6bjcspth',154,80,53,'M','Grow Arms','9zy4s63uy8','f9j4538fdm','Commercial'),(122,'buhhukkqqf',182,90,25,'F','Grow Back','k5ov5ah5na','5ucny60x2e','Commercial'),(123,'3nzg3ko0hk',181,175,33,'F','Grow Back','5dt0r6gttj','3c8uytbl7z','Commercial'),(124,'njy5zb3z4z',192,147,31,'M','Grow Legs','0d5h0qaafx','fy0hfvl6c8','Commercial'),(125,'j95jenljc4',150,182,45,'M','Grow Back','zd5shxvop6','77m8penccw','Home'),(126,'jjmkjd8egw',189,104,29,'M','Grow Chest','sfapf8cf3o','jsfurszejw','Commercial'),(127,'jbs5ackc5g',153,122,40,'F','Grow Chest','p9u42umlmf','8k6mxwu18s','Home'),(128,'n4sl4u6d2l',175,114,49,'M','Grow Legs','je6af8kk0p','tgvvafpvvs','Commercial'),(129,'a10mhgxt4k',196,70,61,'F','Grow Legs','jg7u0zfp2f','mmdc961w6l','Home'),(130,'hse13kowcn',197,93,23,'F','Grow Chest','wath8nod42','9dqnvzvd73','Home'),(131,'dsk6vjdmn3',156,61,78,'F','Grow Legs','gw5enebqr3','dtzimv2giu','Home'),(132,'vzr7gfmypo',173,195,65,'M','Lose Fat','kon3gl6nnw','slrnwptv3f','Home'),(133,'bxx67xue0n',172,70,74,'M','Grow Legs','ibuzft3rj0','uqbernkn4v','Commercial'),(134,'sgtpks9slk',179,179,46,'M','Grow Arms','y1wgnsv7u5','vu1jakirz5','Home'),(135,'ib6g3j27s7',185,162,29,'M','Grow Legs','pzuhppsfsj','b4lnvr17wf','Commercial'),(136,'sh2b637joe',183,106,70,'M','Grow Back','kiq7avym1u','a3v84e7lxm','Home'),(137,'p5pydawg58',170,193,73,'F','Grow Arms','xsa6a33gl8','zz86bu83rf','Commercial'),(138,'167e6txssb',176,102,32,'F','Lose Fat','jnad5f3sg6','1vogumqwar','Commercial'),(139,'ljpsp7x2fj',156,147,65,'F','Lose Fat','x332hlf35z','yb3ckmbe82','Home'),(140,'188m8y6w59',183,139,76,'F','Grow Back','et9i5naqxi','cckmf8e74w','Home'),(141,'dfe8gezxfl',171,186,17,'M','Grow Arms','qfosgxkkj1','1kfmadxoj7','Home'),(142,'qdjniklhwo',172,62,78,'F','Grow Arms','bwbvp1x5tl','o1y9jlec5i','Home'),(143,'19qsr8ixmj',173,125,17,'F','Lose Fat','elbtvj768g','s1e4kz754s','Home'),(144,'fa361y4pgy',181,148,16,'M','Grow Back','szfrwwhya8','vdv1wvuvl9','Commercial'),(145,'ex6qfr21c5',174,43,33,'F','Grow Chest','4jf9wm56si','px81bkonio','Commercial'),(146,'euggoc23g0',156,131,25,'M','Grow Back','kpn8jc79kk','pqfsk7jlpu','Commercial'),(147,'4fnm39hwdy',192,118,44,'F','Lose Fat','3wjh62sh7u','bpgj50yoqs','Commercial'),(148,'9u0f7knuhi',183,187,47,'M','Lose Fat','oor9i1kok9','9fv4yp1i2m','Commercial'),(149,'7onipi3f7j',176,117,35,'M','Grow Back','cb21kkub3c','288xn2oy7z','Home'),(150,'7av9hjfuk9',153,121,21,'M','Lose Fat','sm3e33dg69','2vae4utthj','Home'),(151,'t6kwuzyuie',167,60,18,'M','Grow Back','z1g7jc7bb4','ezllu2zf5t','Commercial'),(152,'gfnik3zeq6',168,77,55,'F','Grow Arms','082aowia0i','d824r2znw0','Home'),(153,'uj36ul1ya7',161,116,83,'M','Grow Back','suo2heu4xs','0mrlxd6h1v','Commercial'),(154,'86vf6khrba',175,162,73,'M','Grow Back','7xa4pwr0ra','rwqe9n4m14','Home'),(155,'set38k908z',198,180,35,'F','Grow Arms','wy14gzse38','1wdea1hddk','Commercial'),(156,'deu9dbifc6',199,123,79,'F','Lose Fat','h06c6b28up','mo9xywn11a','Commercial'),(157,'grxrrun1fz',184,144,27,'F','Lose Fat','u6xio5bh0s','jvcwiolmdr','Commercial'),(158,'0x0j6gafcc',155,61,74,'M','Grow Arms','mfdjwk2ssn','ox0ovw1a0d','Commercial'),(159,'j024svrrtv',194,43,16,'M','Grow Chest','cpks0hch8f','wwmymmxdla','Commercial'),(160,'dglnmzuep4',179,117,38,'F','Lose Fat','ciccfff7zm','7aj1mp6bme','Home'),(161,'9ikt8z3bhk',173,145,55,'M','Grow Back','zrepg2j8zc','dvfw3lycsi','Commercial'),(162,'5erj4eo18n',184,73,53,'F','Lose Fat','yfolild7j2','5hq7lmvidz','Commercial'),(163,'ezjngb3oho',165,121,39,'M','Grow Arms','dxy7zx07im','vury7zbsda','Commercial'),(164,'mvpzy73gcy',176,48,41,'F','Grow Legs','qs9dymwjsw','en3nevr27u','Home'),(165,'8u1gtt3wx4',151,105,54,'F','Grow Legs','hksv2xk1ob','sri7h0ptxo','Commercial'),(166,'t01ie898hb',177,131,80,'F','Grow Legs','md3v5dkr4s','d8hhjokcn2','Commercial'),(167,'n37l0as7dn',185,70,45,'M','Grow Legs','3tpnkpyk7n','i7ccpqwnvm','Home'),(168,'gcuphhbxna',189,79,82,'M','Grow Chest','1osilp1rtk','ihk6wffyum','Commercial'),(169,'afltbevg0c',175,138,21,'M','Grow Arms','ju8hr1pk61','4mj5mefysb','Commercial'),(170,'3cn25o0dhi',188,132,71,'F','Grow Back','yr3ti9q8q1','l3ahtiu77j','Commercial'),(171,'p32xkzbuak',151,164,18,'F','Grow Arms','5dmo86mwaa','rj64cmjg5i','Commercial'),(172,'rqqaymwqli',192,73,84,'F','Grow Arms','zd57lqotdh','bebgowq2lr','Commercial'),(173,'cmx8v0yh35',181,199,82,'M','Grow Back','tpg1gn7wxg','rb5lgtatfb','Commercial'),(174,'niwyfigyhz',196,97,29,'M','Grow Legs','le5ixjfpa1','bi5oivg69t','Commercial'),(175,'bid6l8hai3',150,123,63,'F','Grow Back','ozt406xcvf','3j0acyf92i','Commercial'),(176,'q4jlp1267e',179,169,82,'F','Grow Chest','h1j10sndjj','9uxd4bcl13','Commercial'),(177,'i864cwdfy3',165,54,80,'M','Grow Arms','92mk4k3oe8','hmue1slmn2','Home'),(178,'kae7mstyc4',171,54,33,'M','Lose Fat','pydok0x0di','43rw5g8j3f','Commercial'),(179,'5ra8vlo7ni',175,134,83,'F','Grow Arms','o862ck735b','oi9f2iceme','Commercial'),(180,'wja9tq5uzm',168,199,22,'M','Grow Back','hplmg1mrg2','notmj9qa63','Home'),(181,'he03tjcr0z',152,52,24,'M','Grow Chest','jm3zjqna2n','v57iaqub7q','Commercial'),(182,'xbh6a0x2rd',165,87,20,'F','Grow Legs','h4qzhakxtv','l4lwbf0lc9','Commercial'),(183,'f9jqlxgzep',180,102,71,'M','Grow Arms','9vkcf288t6','90fjwbjyw4','Home'),(184,'sumhr81dhf',176,95,73,'F','Grow Chest','rr89zrc5nu','b9lpb7s5ii','Home'),(185,'hfu5p90b07',179,140,78,'M','Grow Legs','nsvidq30sh','8arlj4752f','Commercial'),(186,'hlr79gsl1j',190,89,66,'M','Grow Back','6m624ws9x3','q5blf3fo0l','Commercial'),(187,'0epq4l59q7',153,185,56,'M','Grow Arms','qhdu3yh1ip','e5z9z4liyu','Commercial'),(188,'6vj2tyxin3',187,58,17,'M','Lose Fat','1p5067kt0s','7b73jh4dns','Commercial'),(189,'h4ceufdooh',153,190,30,'M','Grow Arms','zfk5u9ogpt','1qidqf3ywz','Commercial'),(190,'euc5xg4t9k',154,60,43,'M','Grow Legs','dlv1rtcmjw','1llhd6f98t','Commercial'),(191,'43ilbf0763',155,47,47,'M','Grow Back','ayso1dq1e1','e2ext129ry','Home'),(192,'u6jpx947zc',165,191,50,'F','Grow Chest','hmirqy0g7m','g39pvyj267','Home'),(193,'0kacvdlwlb',173,132,18,'M','Lose Fat','5wadk8oygg','a3ctsa913s','Home'),(194,'g36w3irx10',168,104,26,'F','Lose Fat','gdcdk6km1v','3dmk2cqsja','Commercial'),(195,'81matgcinn',152,104,25,'F','Grow Back','0krr9cecb2','pfc38mvwv3','Home'),(196,'etqmvhr27v',172,190,32,'F','Grow Legs','m1pmc9543k','xz15iqngpw','Commercial'),(197,'x0dmdmzhnf',198,113,78,'M','Grow Chest','3p2bvk6xb3','n6n4frzz6u','Commercial'),(198,'4t0q6amwma',182,178,53,'F','Grow Chest','usxrxmt5zr','ipqum3zewe','Commercial'),(199,'qu6lwmrmdh',170,152,73,'F','Grow Legs','yocvye5ltn','o1pkl4z1no','Commercial'),(200,'r4syfjo7zb',189,179,29,'F','Grow Legs','kzu9oq0ta3','1bpbpvlwut','Home'),(201,'a4t0gsqxva',177,141,36,'F','Grow Legs','qbwqgkht5d','qtmy6pizxq','Home'),(202,'9b5t480pj6',189,103,27,'M','Grow Legs','949cnkap4r','82pgjb9e76','Commercial'),(203,'nq6tg3mi5v',170,94,46,'M','Grow Chest','idff2chx8n','b6cpfdlzp0','Commercial'),(204,'s0ugkfrnfo',165,122,16,'F','Grow Arms','8y5gn44due','c3sqmksfdi','Home'),(205,'qb29izjjwj',189,178,79,'M','Lose Fat','gpctn61zt2','nw3adgplxi','Commercial'),(206,'gccegsmdjr',179,77,45,'F','Grow Back','4a9fi4rnd3','0zgz11wim9','Commercial'),(207,'rhitb78amx',185,41,64,'M','Lose Fat','ikp5n01zcu','lfgbw84piw','Commercial'),(208,'w3kwqo25e1',172,151,30,'M','Grow Legs','iyqnuwvg0y','9esn3l9kg1','Home'),(209,'7gq11mb5pa',194,190,51,'F','Grow Arms','eawzdd3h9z','w2rgp29s8j','Home'),(210,'i1yhqhj80h',151,47,24,'F','Lose Fat','md7snucdns','bccn91wnyc','Home'),(211,'jw3m61efb6',195,163,75,'F','Lose Fat','v08x2mow7k','lxzo1efsrg','Home'),(212,'9yhgiunado',161,147,44,'M','Grow Chest','9jd8nltx6i','7uu2d8eade','Commercial'),(213,'nftf0d2mli',186,114,56,'M','Grow Legs','auau2jk95z','ovwno0g3w5','Commercial'),(214,'l1w1006xm0',177,132,45,'M','Grow Chest','3wy6rr7xte','39jokryy4l','Commercial'),(215,'ermbuy327b',160,184,72,'F','Lose Fat','e9dezq208g','yk2z0tsbwq','Commercial'),(216,'557vh3vvsw',169,101,65,'M','Grow Legs','2m0plqiyxa','peu22d4nh7','Home'),(217,'h1f3ie3qm1',164,97,79,'M','Grow Arms','18f6ydp6sq','7km9wiurvl','Home'),(218,'51otjru24o',162,197,28,'M','Grow Back','42l0e4tzay','f0x16mt5ut','Home'),(219,'7dnl4masab',173,173,79,'M','Grow Back','wilkpwrayw','h4vkedn06n','Home'),(220,'h1tvmzs5wz',176,91,43,'M','Lose Fat','4h16h1xitq','l70wgtgf32','Commercial'),(221,'dka31vnqe7',186,144,66,'M','Grow Arms','m6yimuzcw8','5kobj4ri0x','Home'),(222,'6044jqh36l',184,180,30,'F','Lose Fat','gjg3q3s8zb','nrams264et','Commercial'),(223,'bg4tosw9t7',159,158,45,'F','Grow Legs','p0ecyee1bz','js1uof5t90','Home'),(224,'lxkrp6gf8r',158,188,45,'F','Lose Fat','u11lslqj2h','jimjy3tpjl','Home'),(225,'3s31zqizhb',192,111,17,'M','Grow Arms','c7hw24buq6','g7x5l78omf','Commercial'),(226,'05n348h8mx',159,106,68,'F','Grow Back','mgwkde4lio','q2a6hitxrp','Commercial'),(227,'dv3b18a1kz',152,180,15,'M','Grow Back','e11gsx97t1','ybm1dqz80o','Commercial'),(228,'lko9ccicx',198,40,64,'M','Grow Arms','995f137cxh','sghkayg87t','Commercial'),(229,'f108enwsc7',151,92,69,'F','Grow Legs','k50rdstnp','a6h35eh3pc','Home'),(230,'s2lmm03rzn',157,71,15,'M','Grow Chest','d8s48dpsf1','rmgcvccbg6','Home'),(231,'09a8rk7b2z',158,127,77,'F','Grow Chest','0rse1ql5hs','dsy96dk3vn','Commercial'),(232,'qpqn8vry8n',184,146,63,'F','Grow Arms','sxeowd16ya','x5cxs83ljf','Home'),(233,'iomh99iok6',154,169,48,'F','Grow Legs','yjbtvqehlq','sdtma61eow','Commercial'),(234,'bw3769fo52',190,107,31,'F','Lose Fat','my8q6vi45w','01e4dpigme','Commercial'),(235,'av4pt35tpo',180,80,22,'M','Grow Arms','m3gfa48kpu','s2n6agtkqx','Home'),(236,'pbc7mditlj',156,125,55,'M','Grow Arms','bkriaj9rgp','ypytwsdvbr','Commercial'),(237,'7zs3tqi6dn',186,190,57,'M','Grow Legs','egojwscmzs','ktesjkmpls','Commercial'),(238,'lehq6vbof6',150,113,75,'M','Grow Back','1elojfxclm','yccb025py6','Home'),(239,'c34m09zlaw',172,81,74,'F','Grow Arms','9tt4hnwvhf','svu5etd6cu','Commercial'),(240,'sk2t6b2odl',198,74,68,'M','Grow Arms','njdt69uxqp','e5z1ylez3w','Home'),(241,'2k2ydmx31h',167,89,36,'M','Grow Chest','60qxl3v5ek','bzwcgvsjib','Commercial'),(242,'2tgzb507ju',177,196,48,'F','Lose Fat','0kvu2bdzwj','mzlatcywad','Home'),(243,'3m53oq51wa',182,185,17,'M','Grow Legs','vg9xcuvinj','t0yuczt4tt','Home'),(244,'sm82i1573w',189,95,63,'F','Lose Fat','nia04e7awb','4yqpyr0enx','Commercial'),(245,'bztepd099o',188,97,43,'F','Lose Fat','44d3rq34u8','kygqixnwha','Home'),(246,'fxciicb1zj',152,131,34,'F','Grow Chest','h0l59w8av9','4mcnyh2g1g','Commercial'),(247,'t7zuiuxa99',152,97,18,'M','Grow Legs','ecbsmxnbkz','ms5ubjzkk','Home'),(248,'3r135fflz9',187,158,73,'F','Grow Back','vli8vhs1ol','swp1e274ka','Home'),(249,'hyajxmtwaw',182,88,18,'F','Grow Arms','lqaj8qh4hc','8aravpdtxg','Commercial'),(250,'31y9myinsy',166,108,84,'M','Grow Legs','zncnzjgpd0','1jdfm8zjem','Home'),(251,'5zefmglc8f',159,132,39,'M','Grow Arms','ttd5ot90am','gkjhcx6aay','Commercial'),(252,'qgqy74p6sj',169,91,38,'F','Grow Legs','kxwn55oioh','ytr1thhujo','Commercial'),(253,'uj290bvhvl',184,73,23,'F','Grow Back','1y2d35rn0g','muluitic5h','Home'),(254,'dtxt380ots',156,61,81,'M','Grow Legs','w0lfm374qh','g62hg18u9n','Commercial'),(255,'d7nlg500iv',159,186,53,'F','Grow Chest','gs095jxmuj','363wiqrr0l','Home'),(256,'56cbblb4py',199,186,59,'M','Grow Chest','dfpi745y1x','n70ies4wt3','Commercial'),(257,'nvzc3a3191',166,173,34,'F','Lose Fat','cn3mm3u9yz','oooie45q7h','Commercial'),(258,'4dg2lhxh3a',173,134,52,'F','Grow Arms','6x3bo7sbry','udc53nard1','Commercial'),(259,'kzf3pbcwbb',173,109,74,'F','Grow Back','donikfdudb','ruomi92e8j','Home'),(260,'5m6r7mfwfj',173,113,50,'F','Grow Arms','rkjomzeykc','eb4khpza5f','Commercial'),(261,'kdo3qr4eob',155,121,15,'M','Lose Fat','cdmmzpdeod','9gg0or18op','Commercial'),(262,'ym53feam85',154,136,20,'F','Lose Fat','2c2hzvjhwf','efzrruuxf4','Home'),(263,'1ygopi786l',191,190,36,'M','Grow Legs','azu0ou9kcw','cbzb2hgomg','Home'),(264,'8nz3atckw2',160,100,22,'F','Grow Legs','023jjdi2xu','11cmaoxqnl','Home'),(265,'q6qiqry5o2',172,119,76,'F','Lose Fat','k75wsa3f2','gotqmgulay','Home'),(266,'f4gt6tuxs5',175,68,40,'F','Grow Back','yisd4x7txn','u2yf5m61g5','Home'),(267,'s6ea8oxs14',156,183,31,'F','Lose Fat','fnzj5y8iey','m7svgmo6sb','Home'),(268,'4f7xqgtij8',197,97,68,'F','Grow Chest','gjpylza1mw','whdlym1zlp','Commercial'),(269,'sj7kn3yboo',165,62,29,'M','Grow Legs','9mwj7c9qrk','sb645z4b5l','Home'),(270,'1fkr50d5j3',176,172,81,'M','Grow Arms','yuakzkzpd7','xu3msvjki','Commercial'),(271,'aq4lpo0shq',184,189,67,'M','Lose Fat','9rzztseh9k','2r9frcmmzv','Home'),(272,'fhj5o7inzn',176,173,59,'M','Grow Chest','85dk0wy812','11002xjphw','Commercial'),(273,'lk2gjdvozz',169,73,79,'F','Grow Arms','pciib61zvw','supus7khc8','Home'),(274,'cuzifcgzuw',164,48,49,'M','Grow Back','ooghhwdibr','bpgih51ebd','Commercial'),(275,'lof7rq5vtp',151,74,62,'F','Grow Back','8o7on3wzxr','xkhmvvd8m3','Home'),(276,'5uh8h4d6hy',154,168,77,'M','Grow Chest','objpp9ay70','spnvxnlzc1','Home'),(277,'0mdmgrx9b8',191,66,65,'M','Grow Back','5o6yth6r2w','7oxdconuo3','Commercial'),(278,'kv0kzq4cg4',180,99,35,'F','Grow Chest','srsyzekinw','1owgmfynrs','Home'),(279,'owjvhzfm65',158,42,65,'M','Grow Back','ozqts9afst','m10bk85s4z','Commercial'),(280,'i3lr9pnhhs',172,68,79,'F','Grow Back','jgsgoz0cgj','h4s7su4qjj','Commercial'),(281,'5kbl2xk1ae',177,130,27,'M','Lose Fat','5wzilvqj5i','8poyc47xtx','Home'),(282,'ddncpmu9i5',163,128,27,'M','Grow Back','e9f1222yhi','tt1ekpxhgv','Home'),(283,'ejbsq0m186',170,196,64,'M','Grow Chest','8byzv3eewt','spgc2dui2l','Commercial'),(284,'obmvcrtm95',178,40,37,'M','Lose Fat','b1e0agvktf','ahppc7qv4n','Commercial'),(285,'n4kbnae6y4',164,151,61,'M','Grow Legs','xcogr4u9mk','7yfzz3k9r5','Home'),(286,'kbkdfd4blp',166,139,44,'M','Grow Chest','n1nvdaesqz','igthp2yn93','Home'),(287,'11oig72f20',178,47,65,'F','Grow Arms','tokw2me1xl','962mn0yzf2','Commercial'),(288,'2rcjqlkwyt',176,52,68,'M','Grow Chest','93aycghx0u','p72fbz7vze','Commercial'),(289,'6tc5z93jqc',184,92,58,'F','Grow Chest','7x0k0m3i4a','pm9yy1dyyt','Home'),(290,'cnss5z82ka',186,161,43,'M','Lose Fat','ubbwd02tj7','89yx3rnw6g','Home'),(291,'gxc0dnlr26',179,154,28,'F','Grow Chest','rgltsx8azx','z556m9dwh9','Home'),(292,'nqq4pvsf9s',161,183,75,'M','Grow Back','lqqzggcqs7','mngudvm5nj','Commercial'),(293,'xe8iq7rc3p',179,124,80,'M','Grow Chest','k1kft20h95','zlvnbcg861','Home'),(294,'z26v1ekz9b',180,181,23,'M','Grow Legs','1th15pzrqh','ga47cxksy1','Home'),(295,'2i9zwx4tme',186,80,26,'M','Grow Chest','ghf9qmwfl4','r363ufkc15','Commercial'),(296,'mdobcvh15b',168,89,29,'M','Grow Arms','5rmwciz8cs','l3e2ljw2op','Home'),(297,'1y1yktdpkm',184,75,53,'F','Grow Chest','v0yif9duh1','mp6jn4vnco','Home'),(298,'5ebbj7iccw',170,84,36,'M','Grow Legs','eax5ajgxzr','f1m2kfz3g9','Commercial'),(299,'k1rjibah24',162,178,62,'F','Lose Fat','nqsnkoez9m','4xbhizmoz4','Home'),(300,'nrwlwrdmsk',193,148,38,'F','Lose Fat','rl91cmivor','tbgvfgfxhb','Commercial'),(301,'10dn7478vd',169,161,17,'F','Lose Fat','ddlvi62d0z','2nzqkrq9dl','Commercial'),(302,'2h07sxntf2',167,137,21,'F','Lose Fat','ouffgozixb','sgepwifwn1','Commercial'),(303,'onhjcsfgcw',196,88,26,'M','Lose Fat','f53cgk6bc1','p2emsbzkkg','Commercial'),(304,'li80hv6w8r',170,126,78,'F','Grow Back','lkx1zwgncf','0jptpw05zn','Home'),(305,'ri7ghpds0s',189,94,83,'F','Grow Chest','d7wivvemeo','i3g8cdd59e','Commercial'),(306,'1s5malgw4n',168,105,16,'F','Grow Chest','bdpl549yyo','77ex5nveuk','Home'),(307,'c0t8ltffkj',160,54,58,'F','Lose Fat','o68nxruezl','jctn73dzl4','Commercial'),(308,'h7w22l405p',157,122,61,'F','Grow Arms','bkok1p0as3','5jow8l9cwu','Commercial'),(309,'e9sn622xtf',178,131,74,'M','Grow Chest','8jveszlnj3','fzioyf2hl6','Commercial'),(310,'z5534hrn62',155,91,71,'M','Grow Back','cus36amh41','e2fa1lhg6z','Commercial'),(311,'t0i84saxbt',176,168,16,'F','Grow Back','2j8x0r7c3w','qfo159sfs8','Home'),(312,'f2fs5x9q19',157,152,40,'F','Grow Chest','myyz6ne9py','28b3zo9pf3','Home'),(313,'e7on7efts',162,166,56,'F','Grow Chest','7jjyr6fy7p','3xygek0uwl','Commercial'),(314,'4i7lvirm6r',151,52,24,'F','Grow Arms','eb1o7v30nm','xi4p7biv5f','Commercial'),(315,'tw8zcgrlrl',176,140,15,'M','Grow Chest','tt5yw7hmes','7c1sf4y4wj','Home'),(316,'9a174laith',181,193,71,'F','Grow Chest','v7wtk5nffq','zveb97dsgo','Home'),(317,'q0kmtx0xca',175,167,19,'M','Grow Legs','lla7uyltsw','dql28t8imi','Home'),(318,'1toqsez8bu',177,83,71,'F','Grow Arms','0tq7l1pr85','mr0g5zqslj','Home'),(319,'10am005634',150,129,22,'M','Grow Arms','qs9cvpalf1','yhd759ohii','Home'),(320,'15svn6cfkg',150,90,66,'F','Grow Arms','eyzr62xfak','hc9cj154j8','Home'),(321,'dwmsijiwk5',196,72,50,'M','Grow Back','lq45x5u7e9','7lioh6q330','Commercial'),(322,'869efqs6we',171,81,57,'F','Grow Legs','sxsb0nbnw9','u9h0ekript','Commercial'),(323,'nkwgcxucog',197,126,29,'M','Grow Legs','42rlqrxfs5','kugwz185rc','Home'),(324,'c85cz69ykn',156,126,61,'M','Grow Chest','j8hg10dbbx','xpsu78hab7','Commercial'),(325,'kp6u3314sa',198,52,28,'F','Grow Chest','vwbdv3ysw7','cfl8y1bd9m','Home'),(326,'l10jmqwwr0',191,121,61,'F','Grow Chest','zvyu2vq0o2','fd2j9plwv1','Home'),(327,'mdd806hrl',153,188,42,'M','Grow Chest','2lcrg2kq1z','glc6idi7p4','Commercial'),(328,'stjoeinb87',177,71,57,'M','Grow Legs','uwch22j865','s10x00iz3o','Commercial'),(329,'dxcr5opfax',165,185,17,'M','Grow Legs','ilg2pm68dm','x9ewhvv5e0','Home'),(330,'tdwp46xccw',161,132,41,'F','Lose Fat','njz2yzn7vx','iu6oj9xa54','Home'),(331,'vpur10g6se',181,162,38,'F','Lose Fat','1eciwgosiq','9co6djepo8','Home'),(332,'5vdxs1d84b',170,65,58,'F','Grow Back','samhwi14xe','5ion8ps54s','Home'),(333,'3ann415aqt',188,83,51,'F','Lose Fat','tgd50ukje1','1uorfwt91z','Commercial'),(334,'m9h2kok83v',166,116,53,'M','Grow Back','3y687ahuds','1lstg49lz6','Commercial'),(335,'1jv0ek3qpo',173,132,57,'M','Grow Arms','sz6g6gexm4','tlipj7mvxq','Home'),(336,'n78jvvlf7x',189,140,56,'F','Grow Back','nl9byt87s9','ovt2elkoxo','Commercial'),(337,'m4lhqk8ein',163,160,42,'F','Grow Legs','0aaysiyi5n','z45ryl902x','Commercial'),(338,'17ddynfymh',170,72,64,'F','Grow Arms','hxuazrplfw','lsj6iswkoj','Home'),(339,'kx3uwr0ux4',168,128,67,'F','Grow Chest','qpmcezsoy1','xxm8frvjvr','Commercial'),(340,'zu9aq64iiq',190,123,46,'M','Grow Chest','iidxoxcmnt','yiwvk9ngy6','Commercial'),(341,'awtneuelss',157,98,35,'F','Lose Fat','edt0tj60jz','lsijbg7lsw','Home'),(342,'gxarp168nf',154,187,84,'F','Grow Back','tqva8edn1b','uwieyqxfvj','Commercial'),(343,'uabvu9mct',185,112,71,'M','Lose Fat','q7xuhk85fh','0s9vnhsbd1','Home'),(344,'td2sokebwq',198,113,21,'M','Lose Fat','zvxo6akcwa','rnwrebp49o','Commercial'),(345,'gzik3e1ktg',183,137,66,'M','Lose Fat','0nzxd385vq','g0muzbk9sm','Home'),(346,'hbddxmu3kx',172,47,80,'M','Grow Legs','0b1yjzbv28','3ikpbtrh0k','Commercial'),(347,'6jkb8ptsx4',180,185,81,'F','Grow Chest','1ktxr6hor3','qjxeifn7be','Commercial'),(348,'55zuw4hrw3',160,121,64,'M','Grow Arms','agcz86g7pm','yb6om8v919','Commercial'),(349,'4wersb22qu',177,67,52,'M','Grow Arms','2uf0pzn4ov','d7embmfimo','Home'),(350,'o55go4nw3c',154,167,53,'M','Grow Chest','3txzxte5jk','0kg8807d5g','Home'),(351,'me23j6cs98',160,159,33,'F','Lose Fat','8oihj8f2x9','m608ejrr2w','Commercial'),(352,'bf81awc8ym',152,57,41,'F','Lose Fat','4pyo6ldbd3','lgtk6t9egl','Commercial'),(353,'mtkhh6zd7d',186,119,66,'M','Grow Back','thjjqmy4y2','upamexp0h7','Commercial'),(354,'allhstlko3',195,178,36,'F','Lose Fat','9gaqxem9vy','5kdy71hwfb','Home'),(355,'ljh4z4krey',172,186,74,'F','Grow Legs','w19co18c3d','n2j063hsfp','Home'),(356,'q8rfnufbgg',156,55,32,'M','Grow Chest','llkj7ow8a4','munt0yohpm','Home'),(357,'q3ijcg223m',195,182,39,'F','Grow Chest','g8cwnzb7kf','nq5yg4v9iu','Commercial'),(358,'jrq6l9e93o',156,54,21,'M','Grow Legs','v09429smeq','fb80dt1kgh','Home'),(359,'wgr3kkiczs',170,79,49,'M','Grow Back','myhpemnkcr','e108luqj7m','Home'),(360,'yqdrtyvgc1',159,89,41,'F','Grow Legs','1xqeiq1pl9','83rhcirotb','Commercial'),(361,'afgk4g6avg',194,61,38,'M','Grow Legs','8tbgzo0h65','99lp8gm9ag','Commercial'),(362,'cvib4bs3k6',172,106,32,'M','Grow Legs','lmrgwlqor2','6pxr0559jz','Commercial'),(363,'elqjuo6y65',194,132,29,'F','Lose Fat','74kd0ytdx6','m0w5jikdkm','Home'),(364,'6tcj1t9mkw',164,174,45,'F','Grow Arms','ifpktacuy4','882qke5s07','Commercial'),(365,'1ogelvw48h',150,145,44,'F','Lose Fat','bbkb4aeltb','f7wt4m0ong','Home'),(366,'smftokaxrm',159,189,18,'F','Grow Back','euorupy2ta','iymqu5ug2w','Commercial'),(367,'h4bhhpbphl',197,141,65,'M','Grow Legs','wdbkycga7z','bxlb28xxjb','Commercial'),(368,'zzfgeuegjb',165,134,81,'F','Grow Legs','se13kxzv6o','hog22dfmrx','Commercial'),(369,'49k89q3w3s',167,138,82,'M','Lose Fat','394vbctgs0','2tl4pv0lhr','Commercial'),(370,'xunllwy7au',188,168,54,'F','Grow Back','0gjz1900u0','ql6ge2klua','Commercial'),(371,'mn310fjszh',161,116,20,'M','Grow Chest','o83lntrgm5','f2jjcbur6t','Home'),(372,'6xuzh398ik',187,179,19,'M','Lose Fat','9txr8uizvc','jgmx0g1mhz','Commercial'),(373,'ialdptcof7',181,126,66,'F','Grow Arms','yy1z80co51','wnuj7b5zii','Commercial'),(374,'z053y9f6wu',167,61,39,'M','Grow Chest','v1vdus6szx','w3ukucu2l2','Commercial'),(375,'jnjxkhmm4o',165,95,63,'M','Grow Chest','hastawtbh9','sb5mri1yc5','Commercial'),(376,'e70t0xj1p5',196,169,72,'M','Lose Fat','50j0c1rs8m','w6xdlmcs6q','Home'),(377,'cspec3kbn3',151,109,34,'F','Grow Back','uga9lhshgg','djdvwqgnnt','Commercial'),(378,'2thl2g95rg',175,151,52,'F','Grow Legs','b2r7wtesn4','8lk6o8nev8','Commercial'),(379,'nor5r409yg',183,190,59,'M','Grow Arms','yvnx6jaxxv','vcx36p8gyb','Commercial'),(380,'8n7ym1pq4h',152,41,67,'M','Grow Arms','ejcg8qlyrm','cmh9ero42p','Commercial'),(381,'kw6lyruknq',171,161,17,'M','Grow Chest','582kht13od','1la5ifgvxb','Commercial'),(382,'hqsgyx0usw',156,156,55,'M','Grow Arms','a9897mgdvx','lvwezxl126','Home'),(383,'vu3bny9zkg',172,56,16,'F','Grow Legs','awel07535r','wskhpwxd7m','Home'),(384,'0tbtkd2mj8',150,131,58,'F','Lose Fat','d4eefkpuum','dbujmoq0co','Home'),(385,'aahl9wntuh',194,120,34,'M','Grow Chest','o3gufglu6j','tgqihal7v3','Home'),(386,'yqgwmcdris',164,178,30,'F','Grow Arms','o58fv9m1os','64d320jkai','Home'),(387,'xq9dell7mm',193,146,24,'M','Grow Arms','bol5vndw2p','04w5u1yokh','Commercial'),(388,'blym497195',190,120,32,'M','Grow Chest','kdekvk0e8z','h4qmzstpdd','Home'),(389,'6x9ts86022',184,139,77,'F','Lose Fat','xnbo95i3jk','jqn30mwoht','Commercial'),(390,'1d1oq7efmm',174,119,70,'M','Grow Back','hiy8lenobm','70a94dw9nl','Home'),(391,'76w02fhtdv',178,167,34,'F','Grow Chest','cz2nltxjgs','pxeunuhruv','Commercial'),(392,'8i1h5di89p',179,128,20,'M','Grow Legs','4izwhoxy5j','4mt8ikgbmv','Home'),(393,'eutd5vgkhr',193,180,74,'F','Grow Arms','m4vef1b3zw','2d4xmr4coi','Commercial'),(394,'00ex2m5fvd',173,89,23,'F','Lose Fat','8g8twek6ms','ej9m4xr4fl','Commercial'),(395,'vfmi3w4elw',170,63,64,'F','Grow Arms','aqh4opnxve','ptfk47cu0x','Commercial'),(396,'ej9nastsjw',183,175,20,'M','Grow Legs','jiuwpusrq0','8c2dz0xxm3','Home'),(397,'co6tw24f7u',183,116,25,'F','Grow Legs','j1s28bp3p5','mky7kwqii4','Home'),(398,'yx4k952yq8',199,195,57,'F','Grow Arms','xwl6ttflfo','k7a3558arc','Commercial'),(399,'68svvgbag4',169,89,65,'F','Grow Back','j3l5t5jyj9','v7h14o1avf','Commercial'),(400,'0y8irazhuo',158,156,41,'F','Lose Fat','ebz0bqcf4y','o92jdh5w17','Home'),(401,'0jox7oasia',197,53,28,'M','Grow Back','7s3j4z0dij','0x7opx2afd','Home'),(402,'7d1itmx6cq',198,123,55,'M','Grow Back','5gw5biiddd','66imfis1yp','Commercial'),(403,'90pd6nau04',173,62,73,'F','Grow Chest','5a221m27ty','5i8kphrbyd','Home'),(404,'seicejgbi2',177,138,34,'M','Grow Back','ivv61e86w6','b5gqgpsa2n','Home'),(405,'oqjmr2w5rs',156,144,62,'M','Grow Back','ju65dhpu39','to0y3ak6wu','Commercial'),(406,'6id8xrnqrk',179,137,37,'M','Grow Back','ulqfozk3cr','oz8ejlb3i7','Home'),(407,'4ygio90zo6',193,75,41,'M','Lose Fat','j4cs373378','l7rx9ao5tr','Home'),(408,'7eqdr4nlrd',168,89,83,'M','Grow Legs','ft94n075y4','38jsjsgj4j','Commercial'),(409,'8d47tm1n2c',185,151,18,'F','Grow Arms','sctplct71t','rlixxi34sw','Home'),(410,'4l9m44m3ra',153,142,61,'M','Grow Chest','q9w0g1s7gr','y0zx6dqkdr','Commercial'),(411,'gikkb7n9jy',162,67,28,'F','Grow Back','7850nl16sf','07wr4tr5dw','Home'),(412,'rorjglgmca',178,191,59,'M','Grow Arms','w49xb89ai9','uoqops7l8u','Home'),(413,'idihn56sru',190,188,62,'F','Lose Fat','9yjknkw8t5','98b2z4yy6q','Home'),(414,'u8o0cjo3qj',184,156,30,'M','Grow Back','rjidzh5oja','886eqy3gpt','Home'),(415,'gpqd0gh5gf',177,195,70,'M','Grow Arms','f0tm7gr987','hqu7nxkp5j','Home'),(416,'tpvme28r9r',160,162,33,'F','Grow Chest','spv4zujr1h','sgtjj53uc3','Home'),(417,'ldxbjusml6',171,58,61,'F','Lose Fat','w7vi3gt4yl','x68g2iqxqq','Home'),(418,'2ljqcwg3ib',171,172,67,'F','Grow Legs','rwnzpbarru','wnqbqscmsj','Home'),(419,'gojetxizcl',188,148,37,'F','Grow Back','wf76287wim','sgpw255yxy','Home'),(420,'trjx00se8d',196,90,49,'F','Grow Back','6qwhhj0wj2','16aq6u74fu','Commercial'),(421,'un6ydxbwug',160,169,17,'M','Grow Back','skapsc53f7','wiy3kf16ir','Home'),(422,'78ofr9lxd7',168,69,27,'M','Grow Back','ueu2tli4r0','xta9w7divd','Home'),(423,'ga7emkc7y4',189,94,53,'M','Lose Fat','wt2zz01ixw','mokxoh1ri6','Commercial'),(424,'f7dbx17pwk',159,171,57,'M','Grow Chest','i9i1wtgo1s','rewwzmw68b','Home'),(425,'hwrvndxktk',166,185,55,'F','Grow Chest','1plza22xbe','yzbkfw8v8c','Home'),(426,'fxzrxy1zbh',161,198,54,'F','Lose Fat','93conlohxp','wgt0s8ue79','Home'),(427,'y3kllj2w9x',156,41,28,'F','Grow Legs','kt7ob6igo5','83y26av9fy','Home'),(428,'wkg2dxk0z',166,131,33,'M','Grow Chest','w049ckf2kt','cd6mcmj9i1','Home'),(429,'ztvompao41',195,165,56,'M','Grow Arms','2vsors9pks','853wc20uca','Commercial'),(430,'sxz6yelya4',175,129,22,'M','Grow Legs','yyctrchhsb','cfjnk8afdo','Commercial'),(431,'8mwi0a62wp',172,107,52,'M','Grow Chest','ohy3lftxfk','yumh0wbnsi','Commercial'),(432,'arlxx48m1n',199,83,28,'M','Grow Legs','f5et97fcan','5n3c42fi9x','Home'),(433,'b61078s3mf',170,109,39,'M','Grow Chest','xk2cgu0mfr','6qzjv93x24','Home'),(434,'l5iwf659p9',173,150,57,'M','Grow Legs','1xwssyp0uh','ydi5swygi2','Home'),(435,'yez0opu4ct',160,193,59,'M','Grow Back','sjwc78g3bi','fau1gid2q9','Commercial'),(436,'t6wz72loy8',182,143,60,'F','Grow Back','is5rnsh56v','8czdz4ab00','Commercial'),(437,'7kza6wmfp5',173,73,61,'M','Grow Legs','si0axcqo96','50x6krex2e','Home'),(438,'wlur0k7xn7',187,138,40,'M','Grow Back','bo4xx85rbm','xcb70mj4ne','Home'),(439,'micdzonmzf',192,167,18,'F','Grow Back','rj4dxzqs6c','faow1s0ak1','Home'),(440,'po6i8pctqx',163,100,36,'F','Grow Arms','fr9bp5x2ia','272blwabyn','Commercial'),(441,'dmu438pcux',177,72,38,'M','Grow Arms','c7fdl6o621','pjjg90z5ds','Home'),(442,'e9nraz3ph6',188,141,81,'F','Grow Legs','gnt5biahtt','ohirog342w','Home'),(443,'t4ea29bovq',161,71,63,'M','Lose Fat','yf7kzcc3ou','3vmw3ohsc2','Home'),(444,'jgvzyh8dn6',175,135,70,'F','Grow Chest','1m3tdvidbo','w5s7stbkag','Home'),(445,'aq3shqp81k',162,174,59,'F','Grow Legs','vlxd6j57vf','2g4pivlfhy','Commercial'),(446,'w2mjm3r7wu',188,99,60,'M','Grow Legs','4i7kza1lci','fel4haoue5','Commercial'),(447,'sgp2c89kl8',174,56,80,'M','Grow Chest','8sk2mdgh3l','othhob3txi','Home'),(448,'4j18xtij1l',175,170,48,'M','Grow Back','smpjp2pjc8','q5rfwqo4pv','Home'),(449,'ylu1aq0l07',156,170,43,'F','Grow Legs','hjv8w9zk64','x4legmej9g','Home'),(450,'gki2e1xeov',167,51,38,'M','Lose Fat','gcotzv6m2b','vgtmtdo7n2','Commercial'),(451,'xodxx0j4nf',159,89,50,'F','Grow Chest','ei4g9kyjke','w8m4r40hg7','Home'),(452,'fqazmbawdg',160,119,56,'F','Grow Chest','zdf3pezjb5','go6cyf25xl','Commercial'),(453,'lap1l52utf',193,98,33,'M','Grow Arms','6mkgrhmvjw','anohh4e9oy','Commercial'),(454,'lhgbsbfp4o',158,149,18,'F','Grow Back','oe2oevl1ti','udpo813b7v','Home'),(455,'mwcirkgu8g',187,95,67,'M','Lose Fat','8pl4kwof9z','ibhoj9hcnj','Commercial'),(456,'emssxxyxo5',190,103,49,'F','Grow Legs','idlqbamzj9','ydv7ff2mqy','Home'),(457,'8gd6eo9ug4',194,162,33,'M','Grow Arms','84i3ufj0mc','7q46zdw0bv','Home'),(458,'wv2ywsk9w5',171,120,71,'F','Grow Chest','dl04ljz97h','t650mt2ybx','Commercial'),(459,'2ylw27j1af',170,106,70,'M','Grow Back','dp3vaey2hx','jy7lo72k2','Home'),(460,'4drqqgt17d',187,147,70,'F','Grow Chest','jc9xyr38i6','gz1og1szga','Commercial'),(461,'ljd21nlas8',167,54,77,'F','Grow Chest','z2t08oy2io','ox5oz8l0am','Commercial'),(462,'nyqqw6v308',194,166,73,'F','Grow Back','yfqqyez10f','3lre37nro9','Home'),(463,'8bnncybjw5',152,181,46,'M','Grow Back','tv1xc0un1c','uwie5jy7ev','Home'),(464,'uldv99toa9',155,94,32,'M','Lose Fat','a2nmwn0jr8','4uded2w1sj','Commercial'),(465,'if2m3nejxc',199,130,33,'M','Grow Back','79kvo3gnnq','kak0xq01pi','Commercial'),(466,'1qu34jkl8r',196,192,35,'M','Grow Back','7q01y5jne4','244q1hwjcj','Home'),(467,'5gu673uc6f',191,189,35,'M','Grow Legs','qerlcy76bh','lq6plr6bfs','Commercial'),(468,'wrumsm4ma1',172,66,66,'M','Grow Back','g8kpo2j0o6','o5xjupxz1s','Commercial'),(469,'ite60hvkog',184,92,27,'M','Grow Chest','17sy4zsj0c','p8ta221olq','Commercial'),(470,'3co78a3467',170,123,39,'F','Grow Legs','bcts1b1smf','pkximjwabq','Commercial'),(471,'9nqjtsl64k',169,59,84,'M','Grow Legs','9vipsj5uf4','gmahhhnr8j','Home'),(472,'nnltwfrw9w',199,121,76,'F','Grow Legs','6n31h6mvb4','pmyibyk4x6','Commercial'),(473,'nq9euke7j1',187,136,26,'M','Grow Back','24fx3iht9w','2zewswgn8e','Commercial'),(474,'vnbx25vdw7',162,73,64,'M','Lose Fat','i52e6panxz','y59wkc8ls0','Commercial'),(475,'rl0ug3cbbk',159,98,71,'F','Grow Chest','5wfarupx5t','gasyc3xb3u','Commercial'),(476,'uuel603bkk',156,127,45,'M','Grow Chest','7z0ybcx6bs','jdo60ntlez','Commercial'),(477,'jgq8o1bbbt',155,66,73,'M','Grow Arms','2ue2jhqaqj','j8ib102vjy','Commercial'),(478,'e7jwmdbew5',159,55,53,'F','Grow Legs','l6fqlw8goc','axj5wgp41l','Home'),(479,'eyk1vvudxv',194,104,52,'M','Grow Arms','04ictdfere','rdo13f130y','Commercial'),(480,'w2nns2w9bk',166,62,32,'F','Grow Chest','c28fktmp8l','cc98j56y8e','Home'),(481,'ge3ts4om5s',176,198,77,'M','Grow Back','75z4mo1go8','ayl4w6m1j2','Home'),(482,'eogmw8ampc',189,146,56,'M','Grow Legs','di5s25engo','exvpqgrwiy','Commercial'),(483,'ge6y9f7ksi',174,49,45,'M','Grow Chest','6vyl1izqkf','az15lekke3','Commercial'),(484,'vrvdmy2w2k',158,169,83,'F','Grow Legs','v38rs67xeg','fizxqt54y2','Home'),(485,'kcf04232yx',167,141,78,'M','Grow Legs','cqn68tji9r','4k2ufuowpj','Commercial'),(486,'596yawkhta',183,63,65,'M','Grow Back','t9f2i7cti4','9g1twu4v1b','Commercial'),(487,'z3c0tujnu6',183,99,81,'F','Lose Fat','x5njeluca2','8k4zz0j48y','Home'),(488,'hmrimegoga',184,51,76,'F','Lose Fat','ikmnyrw7rr','ze0946hy1s','Commercial'),(489,'766m6mfwt0',193,87,34,'M','Grow Back','kbrhwx8lpb','7wrcc3ah25','Commercial'),(490,'rq6761nhvi',185,80,21,'F','Lose Fat','ag05xhl3sd','j2ksz15jgs','Home'),(491,'1eu7pm9sn1',170,72,28,'M','Lose Fat','ci74qer0ea','jw1vnvgunn','Commercial'),(492,'h6cnkzrmdq',179,113,72,'F','Grow Chest','uckwerh2tl','izxh3y6l4g','Commercial'),(493,'34ed4uaq8s',181,190,57,'M','Grow Arms','43ywxyaim1','b9ltkrjne6','Home'),(494,'wivf7wc26f',182,138,44,'F','Grow Chest','hcdvi0si23','v6eeujhgna','Home'),(495,'vzug7cky9k',156,70,38,'F','Grow Back','1zi7r0t60i','74cqhfujz5','Commercial'),(496,'s1mu6ethcw',152,172,62,'M','Grow Legs','cj6acheezb','q8vuh3k45o','Home'),(497,'gg1sqtjkhj',191,72,76,'F','Grow Arms','y8z3bkphym','2kvyjjw90s','Commercial'),(498,'nz6frfg15z',159,198,35,'F','Lose Fat','s4ddme5jz0','8s5gbim5yv','Commercial'),(499,'dv78q65r9o',192,76,30,'F','Lose Fat','dsrh2ar1t1','g1u637weng','Commercial'),(500,'iam5mfm1hw',158,167,29,'F','Lose Fat','col71to4ck','nv3pbw847e','Home'),(501,'r5vflojo0a',191,133,84,'F','Grow Chest','bj6532b70m','hd2fsqn7iv','Commercial'),(502,'rsiu4tpgs9',197,67,68,'F','Grow Chest','ub0zpyrzsx','i4k1zgc2gc','Home'),(503,'cyjmethaqa',165,156,81,'M','Lose Fat','m30082w4un','dx817vxq2z','Commercial'),(504,'itec0ceayc',187,172,65,'M','Grow Chest','1ucwktx49u','4gluat3n8i','Home'),(505,'ci2u3zzucp',160,131,67,'M','Lose Fat','9roo96613z','8tqwqvw6ld','Home'),(506,'g64jzek3q2',195,123,38,'M','Grow Legs','e5bjryn5y8','lgk469zgzl','Commercial'),(507,'ni0a7zbqr0',194,68,37,'M','Grow Back','j5okye71ue','udk0f9w4yg','Commercial'),(508,'86jg0mcu41',150,167,17,'F','Grow Chest','pl9p8jetjh','xbecch5g84','Commercial'),(509,'a27qckprzw',185,177,70,'M','Grow Back','35rxi5jch3','gyfkt4dz21','Commercial'),(510,'dbko39pau5',168,96,29,'M','Grow Legs','4fjf6ks6lo','fgcifcezqd','Commercial'),(511,'6f5oapu469',195,186,29,'M','Grow Back','hsyqa5wleq','dssg4gi7zr','Home'),(512,'je6de733zt',167,50,30,'F','Grow Chest','hip654es1j','heli91j4a0','Commercial'),(513,'3cro9hdwes',187,75,83,'F','Grow Back','nh1a06hkk','5l1xco7bqy','Commercial'),(514,'eoh5d4wmhh',191,69,59,'M','Grow Arms','f8jgf8uwke','keab24wmga','Home'),(515,'nwrj63gdm0',181,159,15,'M','Grow Legs','9cp6x5fwyj','w170ou8u6n','Commercial'),(516,'2bhp0ioiy1',189,73,33,'M','Grow Arms','u6k81qfgrb','w0fln6m741','Home'),(517,'hdgb0oyctx',172,133,28,'F','Grow Back','fatv6n7dl5','r2u1tdx7zm','Commercial'),(518,'19j3m46hhr',165,48,80,'F','Lose Fat','ej0an1pbyv','ogz9xq85c9','Commercial'),(519,'d1solgxwhw',164,76,46,'M','Grow Legs','tftimve4in','pnirpxvcmc','Commercial'),(520,'26mev89y9y',186,95,72,'M','Lose Fat','phosqt647b','tg9p4ck7ve','Home'),(521,'hzgyx5gelu',157,139,60,'F','Grow Legs','utm9fyi1vb','kq0ciac1t','Commercial'),(522,'jlppqrcm1f',161,47,70,'F','Grow Legs','cmbj6pnqj7','qe9ewfvyns','Commercial'),(523,'gai0bwnbd5',161,92,15,'M','Grow Back','2fobgk9wn2','tlj04mxoas','Commercial'),(524,'zl4u0yheb',195,136,49,'M','Lose Fat','3pq35h0ov3','zi26jzxmps','Commercial'),(525,'r7ep4iwoed',192,161,15,'F','Grow Arms','l3becxpyu3','90buek2xea','Commercial'),(526,'jv9nm0p3jw',150,113,45,'F','Grow Back','mjyh6ddi0s','labu5e6o5d','Commercial'),(527,'2uyy3n1iwc',153,181,20,'M','Lose Fat','41rci933fa','x6cml4mk6b','Home'),(528,'stxfmc21f4',154,102,55,'F','Grow Chest','e68focgzfy','tmf0twpuyk','Commercial'),(529,'kh7ob39vm0',190,178,46,'F','Grow Legs','4ftvwllh5o','yogn71xb8e','Commercial'),(530,'jgqeohvdzb',156,105,39,'F','Grow Chest','5zqem7lxbp','dale4gj1lc','Commercial'),(531,'grv1qhyvof',169,98,76,'M','Lose Fat','bwtoh28kh9','t2lnk163ng','Home'),(532,'v5cfqjduoa',181,94,69,'F','Grow Arms','7jaw3ow1h5','4ccutzzbbd','Commercial'),(533,'m3c5a3htgd',157,97,33,'F','Lose Fat','gx83hst30r','hxrwyu52qi','Commercial'),(534,'f1o7rwdfly',155,168,84,'M','Grow Back','3waektpind','c3imxnsznz','Commercial'),(535,'qcd301q23p',150,189,64,'F','Grow Legs','paph4bhrtw','zdnfi6znnc','Commercial'),(536,'r0mc8n8hxt',173,52,63,'M','Grow Legs','mlwftbqsn8','pswh38afw1','Commercial'),(537,'seklbuesuu',175,74,30,'M','Grow Chest','tjxnohdy0b','nd2dl0sowy','Home'),(538,'rhus3lpro9',181,189,52,'M','Grow Chest','52ceiowp8v','b2ncumqqw6','Commercial'),(539,'l9fhgkbjow',195,176,40,'F','Grow Arms','fb51lecycy','hzmex7jfqr','Home'),(540,'vgkloas3lm',156,75,51,'M','Grow Back','804jqy4evn','de42mnnmxn','Home'),(541,'a26tthea9o',179,182,64,'F','Grow Back','7j0tntpsxe','sumalhok1t','Home'),(542,'q9lu56pw3d',180,136,19,'F','Grow Back','u414anvxee','fzp3drcz5r','Commercial'),(543,'nlfenvjbv6',189,197,54,'F','Grow Legs','f8ktqo7chg','xf0hvykoaw','Home'),(544,'ob21lbw2ji',187,104,32,'M','Grow Arms','hmfz6pdt2o','11w9fb055g','Home'),(545,'wzs1morpqd',164,110,35,'F','Grow Legs','ru2emu1bp4','y0hy5mz938','Commercial'),(546,'22dcfc6pxk',184,124,83,'M','Grow Chest','jlt54b429n','bxaoxlb7dj','Commercial'),(547,'pmcwrrgyr8',169,167,45,'M','Grow Legs','newoj8pnyb','62xbf6tjlg','Commercial'),(548,'t5xv0gym8f',168,118,36,'F','Lose Fat','w02koanjog','kk4w5y0lhn','Home'),(549,'a4sxst74j2',179,140,23,'M','Grow Legs','wjvuo0ovzx','62r7mbac5z','Home'),(550,'3duj18dmmg',182,92,56,'F','Lose Fat','foi2wf5j9j','bbypr3lauc','Commercial'),(551,'gu0qy43v4b',169,174,74,'F','Grow Back','ja3j6hae68','4tepxgwne6','Home'),(552,'gn79s7kh56',185,151,35,'M','Lose Fat','bonwxc5kx2','t1uop7ba96','Commercial'),(553,'bt1iigc69x',180,54,84,'M','Grow Chest','eyz9fuqq1v','nf90wh06d','Commercial'),(554,'in0hjc4epc',198,74,42,'F','Grow Back','2rb4z7uud2','rejzbl9mr6','Home'),(555,'u9x7mye55q',187,94,52,'M','Grow Chest','7fl48q7slo','y7jwos72sm','Commercial'),(556,'p4m6fl5dnu',165,154,64,'M','Grow Chest','2lcjt9a7so','whpuulci6y','Home'),(557,'2l0ya2n2q3',192,64,38,'F','Lose Fat','ko9kd53ieh','dhwc0box97','Home'),(558,'d3qz1jj8mi',156,188,48,'F','Grow Back','nn0ogmz926','04ppcg80wr','Commercial'),(559,'mjidsm0al5',176,118,25,'F','Grow Back','b3hkm0flv6','seezepujki','Home'),(560,'g8nn1789zu',182,173,51,'F','Grow Legs','k1q15nntou','e1oo2nzeud','Home'),(561,'xswzel3o5w',196,150,64,'M','Grow Arms','p5db5axid2','aosy7n0gp1','Home'),(562,'vhogyz5k12',177,131,71,'M','Grow Legs','z06w1ogo4w','mu8bwpgukn','Home'),(563,'egvlgxqb9c',183,73,78,'M','Grow Arms','qme7b8zl93','w81docn81y','Home'),(564,'2dynab4gar',162,154,29,'M','Grow Chest','h5ua6z98a6','b8rzxfjp0x','Home'),(565,'a2zqhsi5lg',188,69,60,'F','Grow Arms','lpq3bapfhr','yay5sp9gzk','Commercial'),(566,'f7kel3zrrd',191,190,72,'M','Lose Fat','3er13g40yn','fitfwvo34g','Commercial'),(567,'v676y7f0xr',184,177,70,'F','Grow Arms','86npw4j153','gf6bjfe4f5','Home'),(568,'6kuf25sc8r',181,183,73,'F','Lose Fat','fhhg9mws8t','36lt71nbk8','Commercial'),(569,'tuandj99nv',177,112,75,'F','Grow Back','y4924a5d69','g0emf8g958','Home'),(570,'1heu9g0rm8',154,157,79,'M','Grow Chest','qo2zzv3e1c','wvi931h9gi','Commercial'),(571,'4qh06xn0po',182,69,26,'F','Grow Back','rrm2arzw4r','z5ffw1h3mv','Home'),(572,'ps61pms6py',183,116,50,'F','Grow Back','c3b8pua8ij','p68d9trhr6','Home'),(573,'l8gmkquvka',153,173,49,'F','Grow Arms','ns866wfv7j','entyqwewkn','Commercial'),(574,'zahuc0iw',196,105,46,'M','Grow Legs','hvnwomel3c','vewrn0vzwr','Home'),(575,'f2cq0yrqex',184,192,65,'M','Grow Back','yg6su2w57k','f2t2q4fnom','Home'),(576,'7kzw2lmzqb',192,186,23,'F','Grow Back','mp1zw5ov0c','2k7zvqqbln','Commercial'),(577,'7kvgjjd6ut',197,167,37,'M','Lose Fat','uuebf6k7o8','c5xqg842yv','Home'),(578,'s1wrag8ave',163,141,55,'M','Lose Fat','n9pi0bq2bv','dlwvo8nyvt','Home'),(579,'fmrcdkb5cq',178,130,29,'F','Grow Legs','9gzqfpnb3a','f209j1nbj5','Commercial'),(580,'o4f3yg8sv2',190,52,62,'F','Grow Legs','cnv0unaqln','7s50wpt32v','Home'),(581,'g6ioph85qn',189,80,71,'F','Grow Legs','5xe67yf7ne','8x2g15e4ew','Home'),(582,'aav2lfe3u0',187,145,64,'F','Lose Fat','9weccq8w6w','fc33ufxtzr','Commercial'),(583,'1mnobcg5pf',151,79,66,'F','Grow Arms','43djk7n2t4','87vbkf0aed','Home'),(584,'5jip7poavh',191,122,61,'F','Grow Legs','f5rfysai71','mtbeeki5le','Commercial'),(585,'pjcd3vgayz',157,163,57,'M','Grow Chest','7pgudkb2k8','zx8jrro74r','Home'),(586,'szltbr6y2b',182,166,59,'M','Grow Legs','r3tky243ih','6igl1bc673','Home'),(587,'7rcq5woema',192,158,20,'F','Grow Back','zam904rh96','y47fuz5txz','Commercial'),(588,'zzuf0dw0hw',187,193,76,'M','Grow Chest','4ys1p3zbd5','43ypsu7o4a','Commercial'),(589,'4gx82rrf7y',198,151,49,'M','Grow Arms','z6o7bu9fuu','7w511np6es','Home'),(590,'2zdl5f7md5',158,198,80,'F','Grow Back','n54p4z64n1','ei1aiarkdp','Commercial'),(591,'jv2hrkwtb9',172,155,19,'F','Grow Arms','fuggt5i214','0ganhbqkyc','Commercial'),(592,'el1gf1fr8n',165,90,35,'F','Grow Arms','uvnvkqw8ez','9a68fm886z','Home'),(593,'r61tt1veka',187,134,54,'M','Grow Back','acoq3afo79','hnpk09dgue','Home'),(594,'kibmulfz1x',177,121,67,'F','Grow Arms','ztghqecf39','vmqtkixuov','Commercial'),(595,'45yz2mn6j8',154,51,34,'F','Grow Chest','b2myqo65n3','agpvl3uttn','Home'),(596,'llwz7rtixy',160,188,60,'F','Grow Back','fszvjpi5ez','cyxu4n1z4o','Commercial'),(597,'bbu7a7nwzt',188,50,30,'F','Grow Legs','jrjt7lrr9o','r1tx1o8khu','Commercial'),(598,'4t0mpbjjnl',157,78,21,'F','Grow Back','gklr4mwp2s','pknizc6d9l','Home'),(599,'kppingckpc',153,42,32,'F','Grow Chest','dfw1z1elro','vbwjpzbmf3','Home'),(600,'7jzd4m1235',158,91,70,'M','Grow Arms','y7os3gqcm7','z11gcdlmar','Commercial'),(601,'e3avn0mjiv',165,108,34,'F','Grow Back','s3lu79wj0d','b0let9qkyb','Home'),(602,'syl43bp5i0',152,91,20,'F','Grow Chest','emqk5mri2x','cfeo6kirgj','Home'),(603,'0qfdb9piz1',187,139,76,'M','Grow Back','oja65fhr5r','fj2wu3anz2','Commercial'),(604,'0m13bq0xa3',150,181,52,'F','Grow Chest','ih6ku62rpf','v0jn33meqs','Home'),(605,'jk1jdzlbm7',162,194,82,'M','Lose Fat','qffyijd4ex','kdvgcnxkum','Commercial'),(606,'srn40k9fsy',182,87,72,'F','Grow Arms','vbmz5u1jgp','4le8bhsbgo','Home'),(607,'145z39gx01',173,41,43,'M','Grow Back','o79uegea9f','167s05n3ey','Commercial'),(608,'foqtij2k9l',179,60,76,'F','Grow Back','ava4u6gw4h','f1vuomtpnk','Home'),(609,'loly02q7kl',190,90,53,'F','Grow Back','j0pqti2yaf','kh7mlhzdux','Home'),(610,'0nt4n2buse',172,128,72,'F','Grow Back','jeap2jnx9w','0h25mkhan7','Commercial'),(611,'4dp0rfrrac',185,81,21,'M','Grow Chest','6owdn4ch5p','6pae12n9s8','Commercial'),(612,'1rl53rm3xw',173,112,46,'M','Grow Arms','xr41vq8usu','d356gtogvw','Home'),(613,'wpvc1pcq71',173,66,47,'M','Grow Legs','w6uzcrnabs','yji7l5lv7w','Home'),(614,'dyvmn01nep',154,115,41,'M','Grow Back','lvy7kuox75','qdnkbo4q3d','Commercial'),(615,'vu1ugn16gg',194,168,53,'M','Lose Fat','0pwpvtsb4p','pamq10uzcg','Home'),(616,'tdx31vnvrm',166,149,46,'M','Grow Chest','qiqiddx5m3','a6gxxuscwg','Commercial'),(617,'omfak6kyjp',165,156,70,'F','Grow Chest','lrh857jtuw','7g0hn5x3oh','Commercial'),(618,'vj5jyih00p',175,141,39,'M','Grow Arms','f8g9aeeow8','s8dqurysd5','Commercial'),(619,'j7hfzyuoph',174,175,81,'F','Grow Chest','e8twmtr9y3','hee46scaqh','Commercial'),(620,'bqhlzq0rd4',152,110,25,'M','Grow Arms','uqfz31hbhr','1dw2twhbej','Commercial'),(621,'5n6i4azhnk',162,57,35,'F','Lose Fat','9vtpw8etmu','trok0f4id2','Home'),(622,'b2fmqrqrtc',182,110,73,'M','Grow Legs','99ftof9218','c3v10732ho','Home'),(623,'8eqak26tye',165,158,62,'M','Grow Arms','5psnu2tsr5','iasxz17lun','Home'),(624,'c9jep3wyg4',171,156,63,'M','Grow Legs','48hh5j8jb5','9i06k85101','Home'),(625,'f2uchje3tx',164,67,69,'M','Grow Back','fl1cezpo1b','77eqw6boba','Home'),(626,'jgjzkl3lp7',158,190,50,'M','Grow Arms','uny4o2gjyc','z7zbqbgvqz','Commercial'),(627,'5ys4295g31',175,71,73,'M','Grow Chest','7mrn6k6070','qcu85x7w0r','Home'),(628,'exfv8zpzj0',191,151,19,'M','Grow Back','gef1zit7c8','ltf8elgl2u','Home'),(629,'gqsdaiqxrl',172,86,22,'F','Grow Chest','48rijlnweb','xw4gk6pidf','Home'),(630,'rq2ggxxhxm',170,90,56,'M','Grow Arms','2pzh11gkfv','absza6rzxd','Commercial'),(631,'tmf8gxapi0',191,103,19,'F','Grow Arms','7wblpa53cr','v9nbpu7b37','Commercial'),(632,'9uf9laisry',189,78,63,'F','Grow Back','4xtc4w34mw','psjvkompo7','Home'),(633,'dgapmq8naw',174,80,17,'M','Grow Back','ffixe0v1k5','5770rnmir9','Commercial'),(634,'5ves0nor8g',195,148,38,'M','Lose Fat','jt5dyw62d2','wau78s013g','Home'),(635,'50xdbjl1f5',188,147,60,'F','Grow Legs','aiuhunhqa4','j6q2aznwav','Commercial'),(636,'6e2qsyd94z',188,63,20,'F','Grow Chest','uv7m06j2lv','r3ii9tpoyz','Home'),(637,'rm0fzhacl1',152,159,50,'F','Grow Chest','pvqcgrjai8','cf2dyp6qyw','Commercial'),(638,'baqhv15yqe',199,196,34,'M','Grow Chest','zc3rj9a3v8','m98j6pdpz7','Commercial'),(639,'xmubukrxsj',194,45,66,'M','Lose Fat','v8he9lil1f','93bjypepbf','Home'),(640,'hwol0llbm7',165,97,81,'M','Grow Legs','zxc8ybgox0','dw951sghui','Commercial'),(641,'3loyeg3d95',162,73,31,'M','Grow Chest','ymebcnff2e','bcf274u1fy','Commercial'),(642,'l0lif6enq8',183,175,40,'F','Grow Legs','6psrqrzokv','cbgg7bfwbs','Home'),(643,'psx1yeyg0p',186,95,83,'M','Grow Back','j8izr1u6dx','8jrf4h02jp','Home'),(644,'k5dwttgvzo',155,101,39,'F','Grow Arms','ky1k0ylgtw','vmhh6m40ia','Home'),(645,'fwszdb96wv',194,51,47,'M','Grow Arms','n5jzkld2d2','09ygr6a48v','Commercial'),(646,'wj0vdnregs',174,97,41,'M','Grow Chest','drxb3u2fgi','36f4zrlegb','Home'),(647,'24xjhhccun',171,79,51,'M','Grow Chest','ux3d9geu7h','dhxn4nxs1e','Home'),(648,'avte2krvoi',170,99,81,'M','Grow Arms','cy5xnd72ve','noapl4x26d','Home'),(649,'xz9kqqxtbw',189,90,30,'F','Grow Back','yqhk0adtuk','xurlwfklej','Home'),(650,'2907rc1lkx',192,88,51,'F','Grow Legs','tlmq9huiym','91mrde261j','Home'),(651,'x9fwsk7335',171,174,60,'F','Grow Chest','b6s01ipb0u','ux2guagsf2','Commercial'),(652,'g12mfw4ocp',153,40,34,'F','Lose Fat','lw4a2hg2ek','sml7xv7xlo','Home'),(653,'tjh8t9cv5h',173,83,50,'M','Grow Back','yhsjs5ed2y','haxjfies2x','Commercial'),(654,'18jbyapyeu',190,153,79,'F','Grow Legs','vxybq6ljvh','t47a9bxtp8','Commercial'),(655,'prs28dhrbb',197,156,37,'M','Grow Back','6xywp3vg6x','4tze2m4987','Home'),(656,'yavto6g222',191,197,26,'M','Grow Arms','5uiu5k42yv','rvm3s69312','Home'),(657,'wmd2wi62w9',160,117,44,'F','Grow Legs','24zqjg3emy','00flwwk5gm','Home'),(658,'k2b96o65ag',175,121,48,'F','Grow Arms','cuzpp1vgwr','87btc00pfh','Commercial'),(659,'ffwywpmkyv',189,56,40,'F','Grow Arms','ygxn77omme','yj0g0udfqa','Commercial'),(660,'6vilwo5d14',153,171,20,'F','Grow Arms','nb6sj2g72r','1fhhfynk4k','Commercial'),(661,'azlbpmsw9w',172,160,64,'M','Grow Back','oe9wg9ru3r','medzh5os0k','Commercial'),(662,'e373awijab',184,50,70,'M','Grow Chest','csk4dbnh05','d211e8y139','Commercial'),(663,'0rtfs9ule4',198,108,70,'F','Grow Back','cb1a33cp7o','leez5p7zlq','Home'),(664,'4p5t90jzcg',163,60,55,'M','Grow Arms','6oncrqy9km','logptlv3sw','Home'),(665,'ydffx8c4rg',169,50,84,'M','Grow Chest','4mq71801b8','8qbvmsyuhb','Commercial'),(666,'dchrupladn',196,106,84,'F','Grow Chest','yz978zbr87','hohrsuobb4','Home'),(667,'lb8rvj3wzm',160,182,33,'F','Grow Back','owc4j6a3gz','syrskfcve5','Commercial'),(668,'cdo7pmqllr',193,77,50,'M','Grow Arms','6ar8wmidoa','1adeo9pscc','Home'),(669,'dm9psxgvk9',163,143,38,'F','Grow Back','434ii2iwqn','mnkp88nn9w','Commercial'),(670,'qjwqj4j2ls',172,104,39,'F','Grow Arms','b09976fyy1','qdgj6n0old','Commercial'),(671,'uv1rza76aj',150,134,67,'M','Grow Legs','qis98sjjs7','3jvpcowxtp','Commercial'),(672,'j0nbeo2cqy',194,89,82,'F','Grow Back','guspo6e0hq','bxlx4ur6fj','Commercial'),(673,'w6ulhllflf',185,124,46,'M','Grow Chest','6h2fo4u8vq','boyeavsfop','Commercial'),(674,'2j4quzsf4a',165,110,50,'F','Grow Arms','jqtlmz0oh3','dvgp1ow3yh','Home'),(675,'otfra668wt',170,198,66,'M','Grow Chest','i8xc9j58zo','xxgssm3i4','Home'),(676,'v4bgag0gml',188,155,20,'M','Grow Chest','3r3to95n94','zc83obf34d','Home'),(677,'4tu1r0pswv',190,119,60,'M','Grow Arms','jpfss4gtco','0t8z4a5bx8','Home'),(678,'8gk7vyhh3b',186,41,21,'F','Grow Chest','qohc5jhu8t','j9cnsx33n4','Home'),(679,'i2k6ck86uy',178,82,63,'F','Grow Back','ducych5icz','sftl8rspei','Commercial'),(680,'6dgm9lgo55',182,67,27,'M','Grow Chest','fsup18i9pr','dc3yi3b86b','Home'),(681,'9iylt88iip',195,154,29,'M','Lose Fat','rhsz7f1o9p','qo3uowp2my','Commercial'),(682,'vs5mlq18r9',166,173,61,'M','Lose Fat','1y2t3xrjc3','a7eoiwpcim','Home'),(683,'o28zosw2c8',183,109,25,'M','Grow Back','hymapwlsyw','romdni7671','Commercial'),(684,'m2m9ck3yz1',171,75,64,'F','Grow Legs','q2idpqouz8','q4kujx6f8v','Home'),(685,'dh8t0rzl0s',188,122,54,'M','Grow Arms','z1xt4dpy6','g84gsxpw6d','Commercial'),(686,'cdompnddh2',181,148,37,'F','Grow Arms','ccdm9qxxb2','czbacblnuf','Home'),(687,'21pqqcrprw',189,62,64,'M','Grow Legs','uo9vr94189','6l9s2mma8e','Home'),(688,'hx98uiuvbq',188,143,60,'M','Grow Legs','l2opgzhbjq','20oc954oj2','Home'),(689,'vd1u04egb4',185,145,47,'M','Grow Chest','wk4u8136yu','vvw1n0k6p2','Home'),(690,'47h6njjpk1',169,70,61,'M','Grow Chest','8jc1jjm8az','fqhffgu1jx','Home'),(691,'bp572lvn4l',196,41,27,'F','Grow Back','8d1yjc1snm','3oscnz4d5x','Commercial'),(692,'vnyfn8l7mf',166,52,44,'M','Grow Chest','3gr6f3rz4d','egitxu9l7e','Commercial'),(693,'r11vt9ks3o',152,106,46,'F','Grow Arms','dsdh9n6cgi','rdee3zpiho','Home'),(694,'w8hisdldjc',170,163,55,'F','Grow Arms','ytk4et8mgp','s7jiurg5iy','Commercial'),(695,'u2rhnq5n2b',172,108,17,'M','Grow Back','h5up8xyk68','i55abyo1y4','Home'),(696,'0b88ifj1k4',167,183,54,'F','Grow Back','blw8os5af4','swtvhr0yog','Commercial'),(697,'2urd2vt4wu',160,62,34,'M','Grow Back','2ijfp2ctqz','grhh2hvljk','Commercial'),(698,'uxavzovlls',181,199,49,'M','Grow Arms','djz73htwl4','5qp3murst9','Commercial'),(699,'ek7cfwwuta',164,58,65,'M','Grow Back','6nheynz0yr','jcil6x1vt0','Home'),(700,'92ipee4q97',170,194,56,'M','Grow Back','wgy6xtb57r','1rqvzdegez','Commercial'),(701,'uzmrl09fvh',172,102,57,'F','Lose Fat','c557i0v6df','61zlwm5im8','Home'),(702,'rgmmsb1wl2',187,87,22,'F','Grow Back','wvee6eo0rj','gpa66rcu40','Home'),(703,'a04x7z6be0',178,60,24,'F','Grow Chest','jwhemy01y1','kfyz4dhxnk','Commercial'),(704,'n5gqdeh5eq',185,40,70,'M','Grow Legs','rp408p7pbh','cm6uhanfc0','Commercial'),(705,'be9y72w0jx',192,183,58,'F','Grow Back','1j6lvvr4tt','g76jdy7az6','Commercial'),(706,'ve2tfmfjfw',162,168,59,'M','Lose Fat','2tjm29arby','jw8c1br880','Home'),(707,'16frnfil5b',193,44,20,'M','Lose Fat','wa3cg7pxn7','2hcm6doc9o','Home'),(708,'ko9tpc3tx3',172,76,68,'F','Grow Legs','3fx5y4uwr8','gpwz17jouu','Home'),(709,'lt8w5ff2qe',150,164,76,'M','Grow Chest','147xx8mrid','5ovn255gdu','Home'),(710,'dz8mgaqed0',166,91,35,'M','Grow Arms','tnwkwi96uv','4mttliotgr','Home'),(711,'6xqp8iaxfe',154,109,72,'M','Grow Arms','cuisimugjx','r84yfj2gxn','Commercial'),(712,'qu9skq5dg3',190,148,63,'M','Lose Fat','pextyr007d','iblr036uqj','Commercial'),(713,'gj1j7fnnt0',163,69,36,'F','Grow Arms','tk4nx9r0c2','tmtv9bn7u4','Home'),(714,'icsyprnj1y',153,171,23,'M','Grow Legs','lj9sojn75n','nf85b4k9r6','Commercial'),(715,'gn0zya6rlj',151,89,60,'M','Lose Fat','76yukumdkg','zpeybt669p','Commercial'),(716,'dfj474k2nj',184,167,59,'M','Grow Legs','r61tj6diyi','dasi2y9puk','Home'),(717,'u1208wwsbo',199,75,29,'F','Lose Fat','5zl3wzaqof','7rnh0oyqnl','Home'),(718,'jjypc1l7jf',199,137,37,'F','Grow Back','b8ofdsy68r','3zifx9cgpy','Commercial'),(719,'vpdzxngnvh',197,84,48,'M','Lose Fat','2675q7bbuz','6k0ie9h1aa','Commercial'),(720,'lyqef5dkti',176,104,70,'F','Grow Legs','svsfqtsys6','neh4gy6kno','Commercial'),(721,'0iiq3rpl9u',163,64,79,'M','Grow Arms','uqoiuxv30k','eycmwrqqgg','Commercial'),(722,'f121xpkcdg',168,84,28,'F','Grow Chest','bjzg46toox','1it4au2zg7','Commercial'),(723,'gx2l4u0e8w',154,69,26,'M','Grow Chest','1oz5ptclpf','9rxxf8109q','Home'),(724,'zu1w0xk2px',164,70,53,'F','Grow Legs','xwomqeksn','jdxwthm67p','Commercial'),(725,'yisrbfm4va',186,44,61,'F','Grow Chest','icz0wp6lyc','h7g4br4hg8','Home'),(726,'qmrcf5rizc',179,129,58,'F','Grow Back','jmcn9aoaqg','5w13mle230','Home'),(727,'1az5crifbc',161,194,74,'M','Grow Back','oin49m8x81','6gwa4k8xu2','Home'),(728,'up7ft2qfvl',180,188,82,'F','Grow Arms','vg7h8p8ix8','3yog2wybuh','Home'),(729,'cvebyowczu',153,126,40,'M','Grow Back','nymexcb7h0','08xvq9opp2','Commercial'),(730,'rwygm4z1bs',188,95,75,'F','Grow Chest','4ug8u5cpob','xsfcyy2bd5','Home'),(731,'12q396mikp',162,71,40,'M','Grow Legs','xqwzokmt6b','xezp5vn0zl','Home'),(732,'t90wm213f6',174,121,30,'M','Grow Arms','mtyk078q25','fcbi9d4b42','Home'),(733,'2yaqe7xq43',178,102,17,'M','Grow Arms','8h7grvak2u','lj9o121hi0','Home'),(734,'363cm6u3jc',166,102,73,'F','Grow Back','bvbug3r9hq','0k3lif7i24','Home'),(735,'qxorruuhdn',173,164,44,'F','Grow Arms','wlh0innn4l','jv4msilcqa','Commercial'),(736,'qct4myepa4',154,92,29,'M','Grow Legs','ak8rpo56op','onfogr8lsg','Commercial'),(737,'tlfakpe6d',180,175,71,'F','Grow Arms','nzfbkif918','d5o544td70','Commercial'),(738,'grddywd0og',190,74,18,'F','Lose Fat','g9kr2a9apf','eih04tik6s','Home'),(739,'puoil8vgux',179,179,62,'F','Grow Chest','sm37w1qn5n','u3aomahm3n','Commercial'),(740,'5h5zf0yr9w',192,133,28,'F','Grow Arms','2pmm3k244o','j2ru851jec','Home'),(741,'d7ef7kcpip',165,40,30,'F','Grow Arms','jrnoy50iz7','4z08z8zlk9','Home'),(742,'g3l8vey712',180,173,42,'F','Grow Arms','oiexqd4y6o','4twr5g6xs6','Home'),(743,'dbr8s5an08',162,183,26,'M','Lose Fat','bxd8udchla','stdqilfaek','Home'),(744,'v0gu9ont6u',183,195,44,'M','Lose Fat','bru6jqs9op','jwqtvl80j3','Commercial'),(745,'7eu3uhnrmd',172,120,57,'M','Grow Arms','r1aefza0dl','368areimvy','Home'),(746,'0a2tipkvy8',152,81,64,'F','Lose Fat','mnwlvvvf87','eaxhnmikul','Home'),(747,'gcuurm2hq3',176,100,18,'M','Lose Fat','a4xmowqv28','t7kmth5ydi','Commercial'),(748,'vyp1ncevmw',196,78,34,'M','Grow Legs','cc9dt4j64u','fi9phwm32m','Commercial'),(749,'frrx9y9z5q',172,131,75,'F','Grow Back','loup6oi5sc','5ta3e4v9t8','Home'),(750,'uqj8samq4c',152,93,20,'M','Grow Legs','uofazr0n1k','egnuicpt0p','Commercial'),(751,'hrs7tbl6q6',151,76,32,'F','Grow Back','6xxys9dzob','ev5ema559y','Commercial'),(752,'0rdhfibuat',193,191,46,'M','Grow Legs','piv3gqrm68','rhlsxrcyvs','Commercial'),(753,'b8un7chg9h',164,154,46,'F','Grow Chest','yos0btfr14','vuix2oot54','Home'),(754,'czj2cm59sr',196,88,30,'F','Grow Legs','4iid2p7b78','9pregwel1x','Home'),(755,'9wl92mod5s',170,148,42,'M','Grow Arms','lh4p9c16e4','0n4sd8i89b','Commercial'),(756,'weo5ukf7u6',157,83,56,'F','Lose Fat','qnx25kj2s4','f0311prubp','Commercial'),(757,'8f7x3tz9t6',180,115,38,'F','Lose Fat','2ti8d8d8ey','d762fmoirz','Home'),(758,'llc6rha8l8',163,72,64,'M','Grow Back','hjmdt9o4w5','ih509m9qam','Home'),(759,'3s3noy6xky',193,70,27,'F','Grow Arms','gf5i29k1vq','u9leo6hn76','Home'),(760,'w31778pa8c',197,103,66,'M','Grow Chest','ow338qks37','0jw3owh5h8','Home'),(761,'yq7w5rb27u',177,53,25,'F','Grow Legs','v95sbypmli','jwbcwf9e66','Commercial'),(762,'c4jyco73mp',180,63,56,'F','Lose Fat','qw5bm09bqq','7etpd0ny1g','Commercial'),(763,'yss0joaskf',187,145,51,'M','Grow Back','ol0lxtc48x','el426ubr6y','Home'),(764,'4nzf6ko90m',180,147,68,'F','Grow Legs','96jym18hkb','1b68brnblj','Commercial'),(765,'zdreocgzwn',188,118,22,'F','Grow Arms','avgujvl2gz','d4dicvfzci','Commercial'),(766,'qntytkybt7',156,128,24,'F','Grow Chest','1bfukkmv41','0ehfpwni06','Home'),(767,'chk3v105bw',151,138,50,'M','Lose Fat','4xbbm51vo5','j3u8cb20et','Home'),(768,'i2iutxouz8',162,165,34,'M','Lose Fat','ym1xb4z8fw','3ek2p5v0ab','Home'),(769,'ddt3ojtkzn',197,56,70,'F','Lose Fat','xcdju1z7wo','juu3s0qoyh','Home'),(770,'3k253k24w0',163,160,23,'M','Grow Legs','kn2636k6qk','xceia4blcd','Commercial'),(771,'onfj95kuxd',181,197,19,'M','Lose Fat','1nu4pzxk98','8igad8kuy9','Commercial'),(772,'sh98af592l',184,47,56,'F','Grow Back','8ki3l4pwdo','c49seys0ox','Home'),(773,'m665ldmcsg',198,131,18,'F','Grow Arms','xzdv2byjr4','7svok4ttkx','Commercial'),(774,'x79aau12d1',195,130,76,'F','Grow Arms','5koaiikig6','77v6540ul7','Commercial'),(775,'sm8aon5wfu',169,48,39,'F','Grow Arms','go35xqyr7v','w14zy15n73','Home'),(776,'xq2avvzsjo',180,145,78,'F','Grow Back','67pxtu4ttg','msh5kwcpnz','Commercial'),(777,'16xyark50r',159,199,38,'F','Grow Back','j5kb4ih39e','t1voq20703','Home'),(778,'978dzolby7',188,44,57,'M','Grow Back','p1hgrk6vy9','sx83be5tqq','Home'),(779,'6cd7shhj9l',178,46,44,'M','Grow Legs','i2kope1l7u','m7t2dt7rp2','Home'),(780,'i2xl6d627h',154,146,15,'M','Grow Arms','zor05lbt2q','wcbuk5cro9','Commercial'),(781,'jaz4jj5pnx',176,112,77,'F','Grow Arms','r72qm55agl','j9xic95tbl','Commercial'),(782,'7ojj2e0p41',153,127,48,'F','Grow Arms','nsgwqdt6gr','8b0xnw7gnq','Commercial'),(783,'9m3wowawba',152,175,80,'M','Lose Fat','r35njrnn18','47zfq5w1u6','Commercial'),(784,'cytwdc003t',198,174,49,'F','Grow Legs','1knwseihnm','av7nhrmgxs','Commercial'),(785,'vzhjsypfwm',190,145,22,'F','Grow Arms','nwq6f0zbwn','6lcgomdc1n','Commercial'),(786,'l7v0xq8asb',190,149,50,'F','Lose Fat','1gqu01saqx','dfehvhsrbd','Commercial'),(787,'crczq8uemm',171,136,67,'F','Lose Fat','lxabqbr3l9','kgmo66hrgn','Home'),(788,'5s0kvckn8t',173,48,26,'F','Grow Back','tmm21d389i','iqardk7zgh','Commercial'),(789,'ncf0kna7dl',152,186,46,'F','Grow Chest','j8hr10lvqx','k87telmni1','Commercial'),(790,'ixssl1osjx',158,52,35,'M','Grow Legs','2epvgcjjmc','uwe4y03sfk','Commercial'),(791,'bulv9gfs6i',193,60,50,'F','Lose Fat','mu0g6iqc0u','xw229e271z','Commercial'),(792,'2kabtpsmud',193,126,50,'M','Grow Back','e0dkmdrefo','jbgxsxtny3','Home'),(793,'iz3s7r4ypu',182,155,42,'F','Grow Legs','jh5cp788m4','9fa92frakz','Home'),(794,'0rtd4zubin',161,140,46,'M','Grow Arms','mpzfdvno4r','evcl4k7c83','Commercial'),(795,'qgl0oocovw',196,92,75,'M','Lose Fat','b6hnmq4nqp','5vhwtxaz3c','Commercial'),(796,'daqqaj02le',180,140,77,'F','Grow Back','hbjfik8j50','4m8xxxbew','Commercial'),(797,'v6ehr6vzgd',168,66,77,'M','Grow Chest','9dckghkwbo','2pi045ij12','Commercial'),(798,'1ukpbheccx',177,66,48,'M','Grow Back','10wgbyd6ly','6c2kyzj8yj','Commercial'),(799,'nr7bzp8yn0',196,163,28,'F','Lose Fat','62tbl6padq','6pw571wkxk','Home'),(800,'7t3y79rkah',171,161,48,'F','Grow Arms','z8p7wvmn0e','g2owg6903y','Home'),(801,'zku5hh46ze',152,81,57,'M','Grow Arms','bhoxbp4g23','o4eq4jgmr0','Commercial'),(802,'gymto01jgj',150,175,31,'M','Grow Chest','ali0080o66','p253jr7rxq','Commercial'),(803,'gyk68xrzih',155,112,72,'M','Grow Chest','lgr88ubr6k','t09ntwobo7','Home'),(804,'4gakb0y5ak',155,147,61,'F','Lose Fat','7ivl3g8070','zz1xst0phh','Commercial'),(805,'a39se8hftc',163,146,63,'F','Grow Chest','rapkzdj8cc','dnn9p7qzxd','Home'),(806,'cysxrjiyuy',154,154,48,'F','Grow Chest','ikpv70wyov','y414lb40xi','Commercial'),(807,'5278ly6vnf',181,157,30,'M','Grow Chest','pg8hwbpte1','6cgadgs29c','Commercial'),(808,'wz0qkkk19y',176,154,77,'M','Grow Chest','luchwt4mms','m16wz0biv8','Home'),(809,'ie9696retj',199,89,35,'F','Grow Chest','z7aj5mpueg','8epqkel79e','Commercial'),(810,'fqnqvutnil',190,86,22,'F','Lose Fat','dy8enmkvni','emz93p640z','Commercial'),(811,'k1p588rpu2',199,76,45,'M','Lose Fat','ce36cv4et2','qwbnlx1ywi','Commercial'),(812,'i6b8kzhgwi',174,44,21,'M','Grow Back','zm13mjggc2','0btxx65ijl','Home'),(813,'ycfw0u4gjx',198,85,16,'M','Grow Arms','4alpfh3dl4','i3cinryv0d','Commercial'),(814,'gmljmg0q0a',194,123,58,'M','Grow Legs','178e9fmpio','8ejz3pviie','Commercial'),(815,'9gyujsobpq',176,141,36,'M','Grow Chest','eahydooq9a','64tszkudzd','Home'),(816,'k6gryhym9t',161,99,27,'M','Lose Fat','tjhco2lpi','yiiyv5d251','Commercial'),(817,'8813o0328c',153,163,61,'F','Grow Back','5qfs0mc32x','2uie79qf2l','Home'),(818,'snrlwgzb2h',178,45,28,'M','Lose Fat','vl9wrfoujo','zvatqlp45y','Home'),(819,'xu28ssicf5',158,54,43,'M','Grow Back','tjvczfffr2','mj3sinurv6','Commercial'),(820,'x19ac70f1v',176,144,27,'F','Grow Back','q74eb0lniq','rzhtfh8ty4','Commercial'),(821,'mi5708otlw',168,196,41,'M','Grow Chest','n6zezy01cg','em90pvh9u3','Home'),(822,'jficy3p104',166,153,34,'M','Grow Legs','uofu8jmg77','9rt1v2qqg1','Commercial'),(823,'2k03m6xbo0',159,144,40,'F','Lose Fat','hu6vfx863p','xzw0x6f1ky','Commercial'),(824,'aaneiktrfw',188,131,52,'M','Grow Chest','0lcqyey9lv','b2bdtkvgnp','Commercial'),(825,'2lo653vhnk',190,110,50,'M','Grow Legs','gdzaxqu582','ouyxv0q86h','Home'),(826,'sdohgb9sq5',153,80,43,'M','Grow Legs','xagk435fpn','hdcr42jyvz','Commercial'),(827,'lwz9uo9msb',188,172,50,'M','Lose Fat','imospehom','c3966jo9s8','Commercial'),(828,'g10tzz7q6u',172,143,66,'M','Grow Arms','y0obb2swk3','r6qsq222ni','Home'),(829,'si88maevt2',150,162,19,'M','Lose Fat','44sfl8qjbl','myt13nvwmg','Home'),(830,'sfffzfww15',152,187,69,'M','Grow Back','3z6w173rt8','qlh195xs8l','Commercial'),(831,'b4kpr4fkzc',161,131,53,'M','Lose Fat','wsz6eh9u8r','qgrac4epqd','Home'),(832,'t3b256q7u',160,49,43,'M','Grow Legs','brv9n8ifd6','gkf9vr5liz','Commercial'),(833,'bikydazwhd',178,96,66,'M','Lose Fat','evkrq17giu','h1svur3x91','Commercial'),(834,'vdnudsro5c',185,102,22,'F','Grow Chest','fw3pquubb7','evbwnbcywt','Home'),(835,'ky19lg6u5x',152,82,46,'M','Grow Arms','8za761nn0r','io5r0lftge','Commercial'),(836,'k2b4hbtw2r',191,146,28,'M','Grow Chest','vxjukmex8a','v8w57824lb','Home'),(837,'m2nzacgfp1',198,140,65,'F','Grow Back','ds5f4f6q2y','dttcgv3obv','Home'),(838,'jf9zlg8ncl',198,197,46,'M','Grow Arms','z2r25k80v3','2io0hy49ay','Commercial'),(839,'3viokpero4',157,105,81,'M','Grow Back','z8rzhle069','jjlw7rz9un','Commercial'),(840,'c6c8j7q4es',178,49,82,'F','Grow Arms','7cddrxbu1m','f7q91ftqno','Commercial'),(841,'dles8vu0qf',186,151,60,'F','Grow Arms','mx1w32tja3','m5wg74opx8','Commercial'),(842,'5ziy7v3sfo',198,119,81,'M','Grow Arms','nccl9xp5vg','z8pr4lh68l','Home'),(843,'inctrfs10n',192,126,30,'M','Grow Legs','s8loy5ytsw','lbybdt0eob','Home'),(844,'73seswiexz',189,193,60,'F','Grow Chest','fmcl1owzaf','nvr3ezz6oq','Commercial'),(845,'6u1plj32bz',178,153,77,'M','Grow Chest','fqbreaasnn','gdvcyumydn','Commercial'),(846,'y566ygz92e',190,79,23,'M','Grow Chest','i2qxp06l2v','2fuf7sbguf','Commercial'),(847,'4d0zl5cfk3',170,98,34,'F','Grow Legs','3yyhfcljbp','0lndr817l5','Commercial'),(848,'a4v54nzo0f',192,50,52,'M','Lose Fat','vw7opmq570','0ffvybzw39','Home'),(849,'ex8in747lv',152,180,32,'M','Grow Back','5wn3dtcyes','m2iun5zqde','Commercial'),(850,'gnmb2t73bi',152,60,61,'M','Grow Arms','tp87hpne8m','e6gixhb0vt','Home'),(851,'v8oz4flm86',188,47,31,'M','Grow Arms','x53ldent9l','ppbsnqb15q','Home'),(852,'ep10k8meo4',173,103,34,'M','Grow Legs','h6v1hmmzrj','rbuwb319z6','Commercial'),(853,'eg4s9frulc',163,164,42,'F','Grow Chest','0gl7gu3yew','tnqzz4p7oa','Home'),(854,'4hjvpcd5lu',165,148,45,'F','Grow Arms','niw1zd3c5d','uyaamkfb73','Commercial'),(855,'ehyzrxucav',195,111,42,'M','Grow Legs','ucc2jje2ek','dg9f30grjc','Commercial'),(856,'keko91qeby',181,89,58,'F','Grow Legs','awdnyd1qrd','9385n2m3ky','Home'),(857,'rfqqbg6cec',197,103,57,'F','Grow Legs','m81l8p98hv','2jrv6435kv','Commercial'),(858,'la1k12s9zo',171,190,46,'F','Grow Chest','63wwr10fm4','36ewrpns5e','Home'),(859,'rrv23dhu61',164,119,69,'M','Grow Back','1g7zbmtqhu','d6ex0fx171','Home'),(860,'m83w2qyrmg',168,119,64,'M','Grow Legs','bgchiqy6n8','m65mygf3yh','Commercial'),(861,'se9vdaglfn',153,152,36,'M','Grow Legs','97kmttvtp5','yioa3ibmuh','Home'),(862,'er2qhjki9d',171,128,50,'F','Grow Back','wbqwo1u5wl','bxpbzmnyfh','Commercial'),(863,'ozxwpuxdj8',180,68,56,'M','Lose Fat','vtvwai3do4','hi2q56il7t','Commercial'),(864,'cap134r3sm',199,188,19,'F','Grow Chest','2zqbkn969k','6qioezwlnl','Home'),(865,'nssu6lfa38',199,87,19,'F','Grow Arms','i4d40n3hyt','mqi2pfhguo','Commercial'),(866,'atlo4e8ypk',171,161,70,'F','Grow Back','j13x5dsr18','fuekljj02c','Commercial'),(867,'oxbxx42idv',175,66,53,'M','Grow Back','tz7m7exgp7','j14wdvuar3','Commercial'),(868,'dzocpco5tw',196,55,43,'F','Grow Legs','htj3anwyas','ztul6xvmq3','Home'),(869,'ej3ycj1fzq',189,179,49,'F','Lose Fat','fx00yx6y5q','3azz018ve1','Commercial'),(870,'xtzv68wat4',153,153,55,'F','Grow Chest','rvb6k5ga6d','ulqpdi09sq','Commercial'),(871,'8f5dkjerxn',162,46,70,'M','Grow Back','6nugce33gp','9stfuj2x9u','Commercial'),(872,'ppn90h8fin',195,160,59,'M','Grow Back','gebf19o0aw','y3f07fn06m','Commercial'),(873,'8ho04cmy80',197,115,59,'F','Lose Fat','clq4xrqern','7bmtuerk6t','Commercial'),(874,'2esv666jco',191,91,40,'F','Grow Arms','6enphangxc','v9mmw51nis','Commercial'),(875,'3n54qiodct',172,143,34,'M','Grow Back','8e39p4cmxc','pw6wida6nh','Commercial'),(876,'5opl3aopof',152,125,57,'F','Grow Arms','imsc5143bo','2cp0rpw0re','Home'),(877,'titdxo9yl2',170,68,16,'F','Grow Back','o8x8bsc8kf','pqe847cb0o','Commercial'),(878,'ll86l7bz27',167,181,68,'M','Grow Legs','e71lp2s30a','yc18xf435s','Home'),(879,'vuyiiog29w',160,104,56,'M','Lose Fat','9wsvkw6r4n','ilzeo4yb7d','Commercial'),(880,'3wmxlbxkla',168,52,61,'F','Grow Chest','2b6azgc717','5qugqyiv86','Commercial'),(881,'2b13wzeoek',157,54,59,'F','Grow Back','lobtqnuxvo','mrbgkulmm4','Home'),(882,'knbcos4bcp',192,67,79,'M','Grow Legs','kqr6lx6k8l','g0ut3pcv8r','Home'),(883,'stcxzc82dw',162,139,26,'M','Grow Chest','xl5jop86gl','y6ynp3fadu','Home'),(884,'buutrbx7yc',156,83,57,'F','Grow Arms','ud9ghbsxht','opk9oyy1qy','Commercial'),(885,'g0mrxxju8d',180,67,69,'M','Grow Back','ako6tdcyl9','wrzzas5xeb','Commercial'),(886,'pfbif0awlj',174,96,45,'F','Grow Legs','enl98riu9b','07a7msmj5l','Home'),(887,'2zh2wdhd0j',195,118,21,'M','Grow Arms','4cxafh84fo','3cxr14g86z','Home'),(888,'62fkgozoe0',179,117,76,'M','Lose Fat','qr3ec45uz5','95jg2tnzu0','Home'),(889,'b9ex3lf6mo',159,180,25,'M','Lose Fat','9gjkxxlbtu','3xgyuiexr4','Home'),(890,'jm8gp85i8w',163,73,36,'F','Lose Fat','vvlqrfj63f','6u8mqem6se','Commercial'),(891,'3c40hl0d5y',181,41,64,'M','Grow Arms','1rsnw0x1em','kmpbrame8u','Commercial'),(892,'a0zrbp8sf4',177,117,50,'F','Grow Back','lijdymgbc2','dvndcvz8n8','Home'),(893,'bx499xqrva',199,88,27,'F','Grow Arms','7s68iyewcg','elbnaqyhal','Commercial'),(894,'3udaqm1gp6',166,112,50,'F','Grow Legs','9wiw1ipu8x','yprfnmy43u','Home'),(895,'z8ee9c11ea',162,156,74,'F','Grow Back','zzn5m5wdm4','zv7gl6t9sf','Home'),(896,'90ks81ecgd',190,99,61,'F','Grow Back','i2bijhjbvs','lrakr4mdhf','Home'),(897,'ezirywjp2r',194,163,17,'F','Grow Back','ho1bqo6t6v','qs4yitgf83','Home'),(898,'6pumift14w',181,82,15,'M','Grow Legs','5kz4kt5olr','8ut8ia7qk8','Home'),(899,'qecch3v90u',164,130,18,'M','Lose Fat','x31zl1910g','9b3xz1hyoc','Home'),(900,'31c57gfxay',167,114,76,'F','Lose Fat','tq77souhdv','jpjt23piji','Home'),(901,'mhbh7hvuq0',185,49,15,'F','Grow Arms','zdln4c6p4j','d55lsx8f9p','Commercial'),(902,'rm8occ2ih3',154,103,33,'F','Grow Back','9hpybrky8m','jhaejfcttw','Commercial'),(903,'x22s205kbo',193,156,25,'F','Grow Legs','amxf8n3e07','q5ldgiey8y','Home'),(904,'gz8pi0qoua',181,182,36,'F','Grow Arms','a50q51awpp','f8y7v8nhpu','Home'),(905,'l3mjintulw',169,184,58,'F','Grow Back','fvt1psciui','88q4umryvy','Commercial'),(906,'5nplc2rfwi',173,43,55,'F','Lose Fat','11vbjiiju7','j0xyih4v5q','Commercial'),(907,'6hn6bkb2b3',188,121,56,'M','Grow Legs','9j2vzb9a4m','xif60uae00','Commercial'),(908,'o19sggxsnp',169,189,27,'M','Grow Arms','tyakwgqqas','f6n75e8olu','Commercial'),(909,'f5fag0uvqt',198,60,74,'F','Grow Back','n5b48dx6pr','2qwxuoi16p','Commercial'),(910,'h0r9alt6dg',168,69,81,'M','Lose Fat','2a3xb0wkrq','kxti79ga08','Commercial'),(911,'ulnyno65yu',198,197,60,'M','Grow Back','qb5trus9ls','3uh1oh6j28','Home'),(912,'l59udvxjcw',197,91,47,'M','Grow Arms','blneqaqpg2','qphfykonoy','Commercial'),(913,'rc3qdt6uwo',179,156,61,'F','Lose Fat','c8nwfv3tf8','rfs9kutv9n','Commercial'),(914,'gsbnq9830a',193,83,78,'F','Grow Legs','2ro26b8w7o','pgitc2kp5p','Home'),(915,'td7gmr7k4n',187,122,32,'F','Grow Arms','wamhh2vg7s','ajde24ccdd','Commercial'),(916,'p77xvz5ioi',177,50,44,'M','Grow Arms','1sauvdi7px','ip3hg6n9xn','Home'),(917,'jjvc4dda0s',197,81,32,'F','Grow Arms','j65j23pjw5','a3n8gdxeqi','Home'),(918,'pm71v45yqd',181,138,76,'M','Lose Fat','9s54t2q7a7','baq7jqp5yd','Commercial'),(919,'thok6saipf',192,199,63,'F','Grow Legs','if6mv2oqch','hjt7nc5ean','Home'),(920,'6hz48uubbk',166,128,40,'F','Grow Arms','y0g5uryfdb','769yur98td','Home'),(921,'8182ekikg7',176,144,74,'F','Grow Back','rrp3854ksv','uonbahfm8g','Commercial'),(922,'csol7qfit3',197,133,55,'F','Lose Fat','lrqin7ob68','sxu2xpnbos','Home'),(923,'4uzaf8jg8k',165,171,42,'F','Lose Fat','87hynhrv5b','j5c6kcr3vy','Commercial'),(924,'8dl5bz2yxs',171,86,39,'M','Grow Legs','crd550an1e','ole1x3uozn','Commercial'),(925,'yb46cllls1',152,151,36,'F','Lose Fat','k9e5sx3dxy','3g9dygvgqh','Commercial'),(926,'64zvd02mim',176,75,26,'F','Grow Chest','3hyvqzl5wl','nwqyvisxhn','Commercial'),(927,'3mcjh7v8m1',150,41,78,'F','Grow Back','eod259kdb5','0stq9w1qlz','Commercial'),(928,'am9zdmot57',170,95,69,'F','Grow Legs','if54ju6we3','n139rybwmf','Home'),(929,'7q9sr5t8k4',163,122,45,'F','Grow Chest','jbcsywvzll','q9wx6ungqj','Home'),(930,'ho1toog6yg',151,101,48,'M','Grow Back','lvxak715eu','xh1ozwf8by','Home'),(931,'t1n175087r',164,76,26,'F','Grow Legs','sma1mo1r7z','1o23q90iji','Home'),(932,'o7vp019sj3',150,41,46,'M','Grow Arms','jai6hhdzqt','c5qzsfcnga','Home'),(933,'pdj8bd81bb',179,156,26,'F','Grow Chest','ypbnpoxe5d','zu06sqp6t7','Home'),(934,'mg7z7uzmej',189,116,35,'M','Grow Arms','6cjr39tyb9','srzuvlsp3c','Home'),(935,'hsblkrcpxp',174,189,17,'M','Grow Legs','084yaun43v','iu60320ew2','Home'),(936,'9a77hti5eg',199,75,59,'F','Grow Arms','bnbqn4mdr2','hsnskl6izr','Home'),(937,'wczmk6u7of',183,81,22,'F','Lose Fat','kewzqgw6ca','q93qal3gds','Home'),(938,'0yn5hrl8ra',180,152,30,'F','Grow Back','tfq3xmlno1','1wku9ytbv4','Commercial'),(939,'dwfhl3l8si',172,133,59,'M','Grow Back','8yexnw8a54','jmfmauj7hb','Commercial'),(940,'gm04j9e73h',164,139,83,'M','Grow Chest','d6jcr2pu1m','1vsava7h5b','Home'),(941,'92nina3s5w',190,66,63,'M','Grow Legs','y397f71na','mvwyz3kjw2','Commercial'),(942,'mlucg47zxh',174,195,38,'M','Grow Legs','ireaall5aa','wiqna6s5pp','Home'),(943,'rwk61dszn3',194,175,45,'F','Lose Fat','9k59z5n03d','trbls941oc','Home'),(944,'jrsx04klnt',159,148,48,'F','Grow Chest','7bn9ufqqz7','8kll8o8zg9','Commercial'),(945,'f7hdel10ln',193,157,32,'M','Grow Arms','qhoxfndlmu','6jlwqx50if','Home'),(946,'3of0ee64dq',172,186,17,'M','Grow Back','epsk50t3uq','20zfzjeu0x','Commercial'),(947,'wlbcakkq1x',186,78,59,'M','Grow Legs','e43ctev6f4','3pdz631jwy','Commercial'),(948,'wvr69ixee4',184,180,24,'F','Grow Arms','8vca2onw0r','fnyd8fzi0y','Home'),(949,'idadfedy3h',152,62,55,'M','Lose Fat','u2uxdwggmh','81zofxqjbi','Commercial'),(950,'5j9tfkcphb',166,41,26,'F','Grow Chest','gh60q1sdqq','chuegf3oob','Commercial'),(951,'wac3m4w91x',184,180,37,'M','Grow Back','td0b404odj','thzopj7dbb','Commercial'),(952,'dua7b2woua',179,172,51,'M','Grow Arms','ikvfu7e1fc','yd6etyyuxg','Home'),(953,'k2959f88kd',157,40,36,'F','Grow Arms','83430xwf00','0fzps2rnyx','Home'),(954,'dddddofjpu',173,73,40,'F','Grow Legs','t0i6xb0k7h','8ksjv80nag','Home'),(955,'roowu0co9o',187,196,48,'M','Grow Legs','8gs5w6d5xi','oowlqnbsxx','Commercial'),(956,'asdsk364um',180,178,21,'M','Grow Legs','h63o248jaj','f6b2h1boib','Home'),(957,'wcw4cm3475',180,107,39,'F','Grow Legs','t4cvdox8yq','fzuwe2gazp','Home'),(958,'wr3zw9m4yv',152,108,32,'M','Lose Fat','usalce0kte','8m47gjm0lz','Commercial'),(959,'avrt1e7r2c',162,48,31,'M','Lose Fat','pad0hggx8z','t0sioa1bqq','Home'),(960,'xbdpf0ifgd',187,176,65,'F','Grow Arms','8hou0gmk9n','zm9qbtt2zz','Home'),(961,'nprtfnvop9',172,165,82,'F','Grow Chest','kuwn6owny1','bzvkyznf4d','Home'),(962,'wu6n9ggj15',184,55,32,'M','Grow Legs','96phew7jd2','d1tcf9um8z','Commercial'),(963,'ti7m8y07tk',197,117,39,'M','Grow Legs','6its64pp8a','t1oyli9yrx','Home'),(964,'kn6vscc3c6',172,163,46,'F','Grow Back','2u6bze424h','gruz6qq6u4','Commercial'),(965,'k6ss0b4alt',166,166,49,'M','Grow Legs','gxkelr8s3q','47y7wgeb6w','Commercial'),(966,'felq1akyb4',187,174,66,'F','Grow Legs','j0o24x0yob','05hkmlsh9x','Commercial'),(967,'65pxxow89y',159,63,69,'M','Grow Back','47nztoi2hh','r4werrarqb','Commercial'),(968,'v8fi9sjmkn',176,161,74,'M','Grow Legs','ms3oc9jpom','z6jmdc4qrj','Commercial'),(969,'th6bh6a7yi',188,89,82,'M','Grow Chest','j7w3lfbn5v','z1scjxal7g','Commercial'),(970,'58hcj016y2',160,158,44,'F','Grow Legs','0g81znfsg2','jjwbq773gn','Commercial'),(971,'1q44jym5zt',179,179,49,'F','Grow Arms','tpomtn2gm6','y5664q7hwc','Commercial'),(972,'pfpfrhzgy3',161,47,42,'M','Lose Fat','nscb27ol5p','688aani8ix','Commercial'),(973,'3bsxhh1yhk',175,51,19,'M','Grow Legs','mxentczz0v','p8da3943w5','Commercial'),(974,'eda80bdnl2',153,72,49,'F','Grow Back','rcks42qxq6','jlei1i731w','Commercial'),(975,'uj51m82ptt',160,157,64,'F','Grow Chest','7af3fxouca','azi1v5gxwu','Home'),(976,'o5h1yf9uyv',178,126,42,'M','Grow Arms','d07gheihw9','xww0stdnv1','Home'),(977,'hrhe1n989v',177,97,23,'M','Grow Back','jrqto3o9ku','8z6s3dy8sb','Commercial'),(978,'ebbnxtyuyk',186,151,64,'F','Lose Fat','nvh84yiksj','t10ptcexfh','Commercial'),(979,'c39gcg417r',175,199,64,'F','Grow Legs','l9wcb3r4xo','d694vxgmb9','Commercial'),(980,'7y6r66i472',166,150,44,'F','Lose Fat','dxy033u4wz','21krfa3vnf','Home'),(981,'qfg68pt0uh',199,65,51,'M','Lose Fat','p2q7gdwffh','9q2virark4','Commercial'),(982,'ii0f0lzq2w',176,42,54,'M','Grow Arms','cujyyihuvv','5qo8d13l16','Commercial'),(983,'p1sedj7dx4',192,175,68,'M','Grow Legs','umekrnq4pz','lxafygjv3o','Commercial'),(984,'8po90evsbv',169,187,57,'M','Grow Legs','92mkvay7ro','wv9rlgfj6f','Home'),(985,'f6ophsey1y',164,178,26,'M','Lose Fat','q8a07m1h5b','axj81daol7','Home'),(986,'mmvcfvlbfy',178,174,41,'F','Grow Chest','ktnlbunhe2','u6bbab0gjo','Commercial'),(987,'5084dm210n',153,54,20,'F','Grow Back','8o09jq1nbw','hiqlib1ei1','Commercial'),(988,'7dpasqdbuu',179,161,67,'F','Grow Arms','atwqa9yn7j','qhk2ktr6cz','Home'),(989,'t2twxfmqop',160,95,36,'M','Grow Chest','23w2in0f9z','u1wlgtenn2','Commercial'),(990,'7y3r0typik',176,115,65,'F','Grow Legs','mu02ntuo71','acrcr7aogp','Commercial'),(991,'r313rv2epx',166,156,29,'F','Lose Fat','5mei7ic2mr','jion29y5qn','Commercial'),(992,'ousjatf72q',192,48,60,'M','Grow Legs','s9j05wutcr','d4qlfft12y','Home'),(993,'8i8ppdzala',166,69,47,'M','Lose Fat','nr7cninzvm','0vqxb3lskr','Commercial'),(994,'mivfonmnln',155,116,80,'M','Grow Arms','8vhq9qszop','gcuqfr9ks0','Commercial'),(995,'w3of3ufb1m',163,184,42,'M','Grow Legs','mbmo82db0r','lp8fmxfqqk','Commercial'),(996,'atnuauvkon',170,94,78,'F','Grow Legs','r9u7fiezh2','15yjvsd1iz','Commercial'),(997,'u8yy86o8kk',190,174,26,'F','Grow Chest','7dnczgjwgf','lehs97k9u6','Home'),(998,'djib0uci5j',158,41,24,'M','Grow Arms','fr1ti49dmb','lmyir42fsi','Home'),(999,'hkg4mn25s2',190,155,81,'M','Grow Back','gzzwyba3bo','gbygtmkxja','Commercial'),(1000,'Marko',177,62,19,'M','Grow Arms','you wish blv','big men','Commercial'),(1001,'Micheal Ruiz',177,65,20,'M','Grow Back','not gonna dox my boi ave','large men','Commercial'),(1002,'Ethan Gingrich',188,98,21,'M','gain weight','idk what to call this anymore','home Style','home'),(1003,'Harrold Harlington',170,50,27,'F','Grow Legs','idk this person is made up','grown gym','Commercial'),(1004,'Brock Bama',190,100,23,'male','Grow Arms','70 white ave. Narnia, NU','NarnSwole','Home'),(1005,'hameson',170,50,36,'M','gain weight','idk ave','Gym1','Home'),(1006,'cpribaz',172,64,20,'male','get stronger ','Toronto','GoodLife','commercial'),(1007,'bobby1234',185,72,35,'male','be active ','Chicago','BadLife','home'),(1008,'Steve Stevens ',206,92,11,'male','grow muscles ','London','LAFitness','commercial'),(1009,'LeBron James',250,102,15,'male','get legs stronger','Cleveland ','LeGym','home'),(1010,'mlampard',180,70,20,'male','get stronger','Toronto','BasementGym','home');
/*!40000 ALTER TABLE `user` ENABLE KEYS */;
UNLOCK TABLES;

--
-- Table structure for table `uses`
--

DROP TABLE IF EXISTS `uses`;
/*!40101 SET @saved_cs_client     = @@character_set_client */;
/*!50503 SET character_set_client = utf8mb4 */;
CREATE TABLE `uses` (
  `machine_name` varchar(255) NOT NULL,
  `user_id` int NOT NULL,
  PRIMARY KEY (`machine_name`,`user_id`),
  KEY `user_id` (`user_id`),
  CONSTRAINT `uses_ibfk_1` FOREIGN KEY (`user_id`) REFERENCES `user` (`user_id`),
  CONSTRAINT `uses_ibfk_2` FOREIGN KEY (`machine_name`) REFERENCES `machine` (`machine_name`)
) ENGINE=InnoDB DEFAULT CHARSET=utf8mb4 COLLATE=utf8mb4_0900_ai_ci;
/*!40101 SET character_set_client = @saved_cs_client */;

--
-- Dumping data for table `uses`
--

LOCK TABLES `uses` WRITE;
/*!40000 ALTER TABLE `uses` DISABLE KEYS */;
INSERT INTO `uses` VALUES ('u39ahuwg42',0),('38nkz3w6mi',1),('u39ahuwg42',2),('xyazst1qz8',2),('0j133x0w9x',3),('1p7084n4i1',4),('lkcr80ipuh',4),('z6w4y7h4tt',5),('pqxgp0o0aj',7),('8650fgrapm',8),('y2uye1azhj',9),('d3xg1exmq3',10),('moepv05jf1',10),('pqog060c4x',12),('ni4skjwm68',15),('93xwv4v8m5',16),('ni4skjwm68',16),('zcv2sfy6d9',17),('kx2miastvz',19),('3bwdhthldw',20),('38nkz3w6mi',23),('fnf0l0k20d',23),('s4wllk18h9',23),('d3xg1exmq3',24),('kx2miastvz',24),('2wtk7yekhp',25),('ccd2ps8kp5',26),('wbtbesh3o2',27),('0j133x0w9x',29),('ax0g2r2epm',31),('age3ogzlbe',32),('qt6oipr7h9',32),('mynn88kgwd',34),('gvl1c672ki',35),('ax0g2r2epm',36),('c1pdoindlf',37),('93xwv4v8m5',41),('qwfcsu593w',42),('u39ahuwg42',42),('22bkdo0tvd',43),('29pmdg7cww',44),('c52pwwjsme',45),('sdcu7ttct9',45),('3sfqggdodo',47),('e7ud37w0zs',47),('jr54u8c0s',48),('kkqz3ryooz',48),('8ta6rr5e4y',50),('jiede8cu8l',53),('w63986zhlq',53),('2kzpblu076',57),('0n30m99w8e',59),('mkzuo34cwh',61),('3bwdhthldw',62),('jiede8cu8l',63),('4jg0e46v2y',64),('wbtbesh3o2',64),('8650fgrapm',67),('38nkz3w6mi',70),('6shq85ekuh',73),('c5m0wvzc7z',75),('pqog060c4x',75),('siyn2ospjb',75),('jyrjacqdnw',77),('mkzuo34cwh',79),('8yqtugmpk3',80),('tzbv2sur5g',80),('7vvtt5kzqf',81),('6shq85ekuh',84),('kx2miastvz',84),('tp6o12feey',84),('5v2vk1hh9v',85),('678o0krjj0',85),('jr54u8c0s',88),('cjzxey0xwm',89),('y2uye1azhj',89),('cjzxey0xwm',92),('wbtbesh3o2',92),('zcv2sfy6d9',92),('kx2miastvz',95),('z6w4y7h4tt',95),('y2uye1azhj',98),('s4wllk18h9',100),('x5mdlmv74f',101),('38nkz3w6mi',103),('jyrjacqdnw',104),('38nkz3w6mi',107),('feu6ak9wg2',107),('sdcu7ttct9',107),('29pmdg7cww',108),('boexoh5oaf',108),('2obcfet7rh',109),('rofwihnwxp',109),('mynn88kgwd',110),('nldhdukza2',110),('qro2gp2h49',112),('8ta6rr5e4y',113),('9b9r5r9grk',114),('af4cs0m0pf',114),('kx2miastvz',114),('c52pwwjsme',117),('e7ud37w0zs',117),('mkzuo34cwh',117),('s4wllk18h9',117),('tp6o12feey',117),('xyazst1qz8',118),('age3ogzlbe',119),('h1manescm0',119),('n9efipkdkn',120),('w63986zhlq',120),('sdcu7ttct9',121),('93xwv4v8m5',122),('kx2miastvz',123),('9b9r5r9grk',124),('tzbv2sur5g',124),('n9efipkdkn',125),('nldhdukza2',125),('d3xg1exmq3',127),('c42dh0we4f',128),('l4b1loj0fk',130),('4jg0e46v2y',131),('qwfcsu593w',135),('8ta6rr5e4y',139),('pyf3hqsfoi',139),('kyxzh4bwaf',140),('tzbv2sur5g',140),('6dlnmx4mdo',141),('gvl1c672ki',141),('jyrjacqdnw',144),('c1pdoindlf',148),('ccd2ps8kp5',149),('tp6o12feey',149),('feu6ak9wg2',151),('ccd2ps8kp5',159),('y0qlvaecuv',161),('3bwdhthldw',162),('dvbffzpgsh',164),('8ta6rr5e4y',165),('hcntgesiy2',165),('jyfw0ru5ny',165),('03o2gk9vh4',166),('age3ogzlbe',166),('gvl1c672ki',166),('h1manescm0',166),('jr54u8c0s',167),('678o0krjj0',169),('mynn88kgwd',169),('qwfcsu593w',169),('kkqz3ryooz',170),('u39ahuwg42',171),('tp6o12feey',172),('2kzpblu076',173),('7s5gy9jyvr',173),('kkqz3ryooz',175),('1fxmlp6se3',177),('tp6o12feey',178),('2nmgmi13bp',179),('8ta6rr5e4y',179),('2wtk7yekhp',181),('0j133x0w9x',182),('678o0krjj0',182),('qro2gp2h49',182),('8650fgrapm',183),('tp6o12feey',184),('1fxmlp6se3',185),('qt6oipr7h9',186),('5v2vk1hh9v',187),('6dlnmx4mdo',187),('e7ud37w0zs',187),('boexoh5oaf',190),('kwniyu07hs',190),('0j133x0w9x',191),('hxc02qfkb6',191),('wb69xcfo7x',194),('s93n25x803',195),('2obcfet7rh',197),('moepv05jf1',197),('z6w4y7h4tt',197),('7s5gy9jyvr',199),('38nkz3w6mi',200),('2nmgmi13bp',201),('c52pwwjsme',201),('g65fw2a8yk',202),('tzbv2sur5g',202),('4x886tp3jy',205),('hcntgesiy2',206),('kwniyu07hs',209),('ni4skjwm68',209),('nldhdukza2',209),('ni4skjwm68',211),('l4b1loj0fk',214),('29pmdg7cww',215),('e7ud37w0zs',215),('qro2gp2h49',216),('0j133x0w9x',217),('moepv05jf1',220),('ni4skjwm68',220),('03o2gk9vh4',222),('3sfqggdodo',222),('4x886tp3jy',222),('8q5yhwqu1l',222),('tzbv2sur5g',222),('jiede8cu8l',227),('bpr6x0iegq',234),('zcv2sfy6d9',234),('d3xg1exmq3',236),('d9ns7z7lqy',236),('2nmgmi13bp',237),('l4b1loj0fk',237),('ni4skjwm68',239),('qt6oipr7h9',239),('w63986zhlq',240),('kwniyu07hs',242),('7vvtt5kzqf',243),('boexoh5oaf',244),('kyxzh4bwaf',244),('jyfw0ru5ny',245),('n9efipkdkn',245),('2wtk7yekhp',246),('c1pdoindlf',246),('mwhw3dfl8o',246),('2kzpblu076',247),('8q5yhwqu1l',247),('kwniyu07hs',247),('g65fw2a8yk',248),('qwfcsu593w',248),('38nkz3w6mi',253),('bpr6x0iegq',254),('jyfw0ru5ny',255),('rofwihnwxp',255),('kkqz3ryooz',256),('qt6oipr7h9',258),('s4wllk18h9',259),('tnhhog5crz',260),('qro2gp2h49',261),('wb69xcfo7x',261),('4jg0e46v2y',262),('7s5gy9jyvr',262),('jyrjacqdnw',262),('ax0g2r2epm',263),('9b9r5r9grk',266),('wbtbesh3o2',267),('1fxmlp6se3',268),('s93n25x803',269),('u39ahuwg42',269),('moepv05jf1',270),('n9efipkdkn',270),('tnhhog5crz',270),('g1fmjve428',271),('y2uye1azhj',271),('boexoh5oaf',272),('lkcr80ipuh',272),('3bwdhthldw',273),('kyxzh4bwaf',273),('pqog060c4x',273),('2wtk7yekhp',274),('jyfw0ru5ny',274),('moepv05jf1',274),('8rc9pxekme',275),('1lr1jv7vts',276),('g65fw2a8yk',276),('nldhdukza2',279),('siyn2ospjb',279),('kx2miastvz',280),('29pmdg7cww',281),('0j133x0w9x',283),('0n30m99w8e',283),('7vvtt5kzqf',283),('xyazst1qz8',283),('g65fw2a8yk',284),('2kzpblu076',285),('c42dh0we4f',285),('kx2miastvz',285),('1p7084n4i1',287),('5v2vk1hh9v',287),('1fxmlp6se3',288),('4jg0e46v2y',288),('pyf3hqsfoi',289),('qro2gp2h49',289),('rofwihnwxp',289),('tnhhog5crz',289),('e2w3m88fg9',291),('1lr1jv7vts',293),('678o0krjj0',293),('moepv05jf1',294),('tzbv2sur5g',294),('jyfw0ru5ny',295),('jyrjacqdnw',295),('mynn88kgwd',295),('tzbv2sur5g',295),('x5mdlmv74f',295),('y0qlvaecuv',295),('g1fmjve428',296),('u39ahuwg42',296),('tzbv2sur5g',297),('lkcr80ipuh',298),('fnf0l0k20d',299),('u39ahuwg42',299),('1fsfry42ds',300),('29pmdg7cww',300),('2nmgmi13bp',300),('l4b1loj0fk',300),('2wtk7yekhp',301),('38nkz3w6mi',301),('jyrjacqdnw',301),('age3ogzlbe',302),('af4cs0m0pf',303),('s93n25x803',303),('mwhw3dfl8o',304),('n9efipkdkn',306),('pyf3hqsfoi',307),('7vvtt5kzqf',309),('jyfw0ru5ny',311),('g65fw2a8yk',312),('wb69xcfo7x',312),('0j133x0w9x',313),('6shq85ekuh',313),('8650fgrapm',314),('qro2gp2h49',314),('sdcu7ttct9',316),('lkcr80ipuh',318),('u39ahuwg42',318),('qro2gp2h49',321),('kwniyu07hs',326),('u39ahuwg42',326),('jyrjacqdnw',330),('yzuuim45u2',331),('sdcu7ttct9',333),('feu6ak9wg2',334),('8650fgrapm',335),('1lr1jv7vts',336),('ni4skjwm68',337),('pqog060c4x',339),('0j133x0w9x',340),('gvl1c672ki',340),('u39ahuwg42',341),('ax0g2r2epm',342),('l4b1loj0fk',342),('2obcfet7rh',343),('6dlnmx4mdo',343),('6dlnmx4mdo',344),('feu6ak9wg2',345),('jyrjacqdnw',345),('1lr1jv7vts',346),('0n30m99w8e',347),('7vvtt5kzqf',347),('ax0g2r2epm',347),('bpr6x0iegq',347),('0j133x0w9x',350),('hcntgesiy2',350),('52flmavmeg',352),('7vvtt5kzqf',352),('moepv05jf1',352),('l4b1loj0fk',353),('dvbffzpgsh',354),('x5mdlmv74f',354),('8yqtugmpk3',355),('9b9r5r9grk',355),('boexoh5oaf',355),('qt6oipr7h9',357),('dvbffzpgsh',358),('d9ns7z7lqy',359),('pqog060c4x',359),('3bwdhthldw',361),('2wtk7yekhp',362),('52flmavmeg',363),('8yqtugmpk3',364),('zcv2sfy6d9',368),('3bwdhthldw',369),('9b9r5r9grk',369),('c52pwwjsme',370),('fnf0l0k20d',370),('pyf3hqsfoi',371),('1fxmlp6se3',375),('2nmgmi13bp',375),('e2w3m88fg9',376),('sdcu7ttct9',376),('678o0krjj0',377),('9b9r5r9grk',384),('boexoh5oaf',384),('u39ahuwg42',384),('7vvtt5kzqf',386),('d3xg1exmq3',387),('8yqtugmpk3',388),('c52pwwjsme',388),('93xwv4v8m5',390),('c5m0wvzc7z',390),('1fsfry42ds',391),('29pmdg7cww',393),('kwniyu07hs',393),('s93n25x803',394),('xyazst1qz8',396),('w63986zhlq',397),('af4cs0m0pf',400),('kkqz3ryooz',400),('xyazst1qz8',400),('4jg0e46v2y',401),('c52pwwjsme',402),('s4wllk18h9',402),('mynn88kgwd',403),('y2uye1azhj',403),('52flmavmeg',404),('zcv2sfy6d9',404),('qro2gp2h49',407),('1lr1jv7vts',409),('2nmgmi13bp',410),('93xwv4v8m5',410),('kwniyu07hs',411),('siyn2ospjb',417),('s93n25x803',418),('1p7084n4i1',419),('2obcfet7rh',419),('678o0krjj0',419),('6dlnmx4mdo',422),('d3xg1exmq3',422),('rofwihnwxp',422),('52flmavmeg',424),('1lr1jv7vts',427),('pqog060c4x',428),('mwhw3dfl8o',429),('yzuuim45u2',430),('1p7084n4i1',432),('e9959lbt32',432),('ni4skjwm68',442),('ni4skjwm68',443),('52flmavmeg',444),('2nmgmi13bp',445),('g1fmjve428',445),('sdcu7ttct9',445),('5v2vk1hh9v',447),('s93n25x803',448),('1fxmlp6se3',449),('feu6ak9wg2',449),('siyn2ospjb',449),('mkzuo34cwh',450),('zcv2sfy6d9',451),('0n30m99w8e',455),('8q5yhwqu1l',455),('l4b1loj0fk',455),('u39ahuwg42',458),('z6w4y7h4tt',459),('5v2vk1hh9v',460),('8yqtugmpk3',462),('gvl1c672ki',462),('fnf0l0k20d',463),('ax0g2r2epm',465),('moepv05jf1',466),('z6w4y7h4tt',467),('moepv05jf1',468),('29pmdg7cww',470),('qro2gp2h49',470),('e7ud37w0zs',471),('bpr6x0iegq',474),('lkcr80ipuh',476),('1p7084n4i1',477),('1p7084n4i1',480),('678o0krjj0',480),('qt6oipr7h9',480),('678o0krjj0',481),('d9ns7z7lqy',481),('8q5yhwqu1l',483),('h1manescm0',483),('hxc02qfkb6',483),('1lr1jv7vts',484),('h1manescm0',484),('lkcr80ipuh',485),('tp6o12feey',485),('z6w4y7h4tt',485),('g65fw2a8yk',486),('2kzpblu076',487),('sdcu7ttct9',489),('siyn2ospjb',489),('7vvtt5kzqf',490),('h1manescm0',490),('w63986zhlq',490),('wb69xcfo7x',491),('2nmgmi13bp',492),('8rc9pxekme',493),('cjzxey0xwm',495),('93xwv4v8m5',496),('d3xg1exmq3',496),('0n30m99w8e',498),('1p7084n4i1',498),('mwhw3dfl8o',498),('gvl1c672ki',499),('cjzxey0xwm',500),('lkcr80ipuh',501),('wb69xcfo7x',501),('wb69xcfo7x',502),('xyazst1qz8',502),('03o2gk9vh4',503),('3bwdhthldw',504),('ccd2ps8kp5',505),('e9959lbt32',505),('rofwihnwxp',506),('z6w4y7h4tt',506),('0j133x0w9x',507),('1p7084n4i1',507),('d9ns7z7lqy',508),('dvbffzpgsh',508),('s93n25x803',508),('d9ns7z7lqy',509),('pqog060c4x',509),('l4b1loj0fk',511),('d9ns7z7lqy',512),('3bwdhthldw',513),('ax0g2r2epm',514),('fnf0l0k20d',514),('qro2gp2h49',514),('y0qlvaecuv',514),('e7ud37w0zs',516),('feu6ak9wg2',516),('qt6oipr7h9',516),('g65fw2a8yk',519),('mwhw3dfl8o',520),('1fsfry42ds',521),('29pmdg7cww',522),('l4b1loj0fk',522),('1p7084n4i1',523),('2nmgmi13bp',523),('hcntgesiy2',524),('1fxmlp6se3',525),('29pmdg7cww',525),('jyfw0ru5ny',525),('qwfcsu593w',526),('pqxgp0o0aj',527),('0n30m99w8e',528),('kx2miastvz',529),('zcv2sfy6d9',530),('8q5yhwqu1l',532),('ccd2ps8kp5',532),('kx2miastvz',532),('38nkz3w6mi',533),('d9ns7z7lqy',533),('qwfcsu593w',533),('22bkdo0tvd',534),('8yqtugmpk3',536),('29pmdg7cww',537),('d3xg1exmq3',538),('nldhdukza2',538),('8650fgrapm',540),('2wtk7yekhp',541),('u39ahuwg42',542),('c1pdoindlf',543),('c42dh0we4f',543),('5v2vk1hh9v',544),('e2w3m88fg9',544),('jyfw0ru5ny',544),('e2w3m88fg9',546),('y2uye1azhj',547),('2wtk7yekhp',549),('e7ud37w0zs',549),('4jg0e46v2y',550),('7s5gy9jyvr',550),('8650fgrapm',551),('93xwv4v8m5',551),('u39ahuwg42',553),('dvbffzpgsh',555),('fnf0l0k20d',555),('g65fw2a8yk',557),('kyxzh4bwaf',557),('pqxgp0o0aj',559),('7vvtt5kzqf',560),('kwniyu07hs',560),('9b9r5r9grk',561),('moepv05jf1',565),('g1fmjve428',566),('678o0krjj0',572),('ccd2ps8kp5',573),('qro2gp2h49',573),('s93n25x803',573),('yzuuim45u2',574),('1lr1jv7vts',575),('4x886tp3jy',576),('2nmgmi13bp',577),('qt6oipr7h9',577),('d3xg1exmq3',578),('nldhdukza2',578),('22bkdo0tvd',579),('2nmgmi13bp',579),('y0qlvaecuv',581),('03o2gk9vh4',582),('678o0krjj0',582),('1lr1jv7vts',583),('hcntgesiy2',583),('u39ahuwg42',584),('8q5yhwqu1l',585),('af4cs0m0pf',586),('8650fgrapm',587),('ni4skjwm68',587),('qwfcsu593w',587),('xyazst1qz8',588),('yzuuim45u2',588),('ni4skjwm68',589),('fnf0l0k20d',591),('2kzpblu076',593),('5v2vk1hh9v',596),('c1pdoindlf',598),('ccd2ps8kp5',599),('pqog060c4x',599),('2nmgmi13bp',601),('x5mdlmv74f',602),('mkzuo34cwh',603),('u39ahuwg42',603),('4jg0e46v2y',604),('52flmavmeg',604),('8q5yhwqu1l',605),('d3xg1exmq3',605),('gvl1c672ki',606),('pqxgp0o0aj',606),('s93n25x803',606),('22bkdo0tvd',607),('29pmdg7cww',609),('h1manescm0',609),('feu6ak9wg2',610),('y0qlvaecuv',610),('2nmgmi13bp',612),('8rc9pxekme',612),('e7ud37w0zs',612),('xyazst1qz8',612),('nldhdukza2',613),('tzbv2sur5g',615),('jyrjacqdnw',616),('03o2gk9vh4',619),('d9ns7z7lqy',619),('mynn88kgwd',619),('moepv05jf1',620),('x5mdlmv74f',621),('ccd2ps8kp5',622),('4x886tp3jy',623),('tzbv2sur5g',625),('x5mdlmv74f',625),('c1pdoindlf',626),('d3xg1exmq3',626),('qt6oipr7h9',629),('wb69xcfo7x',629),('1p7084n4i1',633),('2wtk7yekhp',633),('03o2gk9vh4',634),('cjzxey0xwm',634),('g65fw2a8yk',635),('hxc02qfkb6',640),('lkcr80ipuh',640),('dvbffzpgsh',641),('tnhhog5crz',641),('93xwv4v8m5',645),('age3ogzlbe',646),('mynn88kgwd',647),('kyxzh4bwaf',648),('bpr6x0iegq',649),('g65fw2a8yk',654),('jiede8cu8l',656),('n9efipkdkn',656),('jiede8cu8l',658),('wbtbesh3o2',658),('jyrjacqdnw',660),('jiede8cu8l',661),('kwniyu07hs',662),('kx2miastvz',662),('kyxzh4bwaf',662),('cjzxey0xwm',663),('d3xg1exmq3',663),('dvbffzpgsh',663),('1p7084n4i1',664),('gvl1c672ki',665),('x5mdlmv74f',666),('rofwihnwxp',667),('8650fgrapm',668),('gvl1c672ki',671),('y2uye1azhj',671),('8yqtugmpk3',674),('kkqz3ryooz',674),('mwhw3dfl8o',674),('6dlnmx4mdo',676),('tzbv2sur5g',677),('22bkdo0tvd',678),('ni4skjwm68',683),('93xwv4v8m5',686),('0n30m99w8e',687),('c1pdoindlf',688),('gvl1c672ki',688),('yzuuim45u2',689),('4x886tp3jy',691),('s93n25x803',692),('3bwdhthldw',694),('1p7084n4i1',695),('xyazst1qz8',696),('22bkdo0tvd',697),('6shq85ekuh',697),('e9959lbt32',697),('1fsfry42ds',700),('kyxzh4bwaf',700),('mkzuo34cwh',700),('pyf3hqsfoi',700),('mynn88kgwd',701),('kwniyu07hs',702),('ax0g2r2epm',703),('e9959lbt32',703),('jyrjacqdnw',705),('moepv05jf1',705),('1p7084n4i1',711),('fnf0l0k20d',712),('bpr6x0iegq',713),('l4b1loj0fk',713),('boexoh5oaf',715),('tp6o12feey',719),('z6w4y7h4tt',719),('678o0krjj0',722),('lkcr80ipuh',722),('2wtk7yekhp',723),('fnf0l0k20d',724),('c5m0wvzc7z',728),('n9efipkdkn',728),('pqxgp0o0aj',728),('s93n25x803',728),('1fxmlp6se3',729),('af4cs0m0pf',731),('e9959lbt32',731),('z6w4y7h4tt',731),('lkcr80ipuh',733),('wb69xcfo7x',733),('8yqtugmpk3',734),('e7ud37w0zs',734),('kkqz3ryooz',734),('3sfqggdodo',735),('x5mdlmv74f',735),('jiede8cu8l',737),('ax0g2r2epm',740),('c52pwwjsme',740),('x5mdlmv74f',741),('7s5gy9jyvr',742),('d9ns7z7lqy',746),('l4b1loj0fk',747),('8ta6rr5e4y',749),('bpr6x0iegq',749),('1lr1jv7vts',750),('nldhdukza2',750),('4jg0e46v2y',751),('8yqtugmpk3',752),('mwhw3dfl8o',752),('sdcu7ttct9',752),('4jg0e46v2y',756),('dvbffzpgsh',756),('hxc02qfkb6',756),('6dlnmx4mdo',757),('af4cs0m0pf',757),('29pmdg7cww',758),('52flmavmeg',758),('sdcu7ttct9',759),('1fsfry42ds',760),('38nkz3w6mi',760),('6shq85ekuh',760),('kwniyu07hs',760),('cjzxey0xwm',761),('2wtk7yekhp',763),('52flmavmeg',763),('9b9r5r9grk',763),('nldhdukza2',763),('2obcfet7rh',765),('ccd2ps8kp5',765),('h1manescm0',767),('7s5gy9jyvr',771),('x5mdlmv74f',771),('2obcfet7rh',772),('678o0krjj0',772),('mwhw3dfl8o',772),('jyrjacqdnw',775),('x5mdlmv74f',775),('7vvtt5kzqf',776),('1lr1jv7vts',777),('jyfw0ru5ny',780),('8ta6rr5e4y',781),('w63986zhlq',782),('dvbffzpgsh',784),('5v2vk1hh9v',787),('8yqtugmpk3',787),('zcv2sfy6d9',787),('2obcfet7rh',790),('mkzuo34cwh',790),('8650fgrapm',791),('8650fgrapm',794),('bpr6x0iegq',794),('22bkdo0tvd',795),('1fsfry42ds',797),('kkqz3ryooz',798),('yzuuim45u2',798),('d3xg1exmq3',799),('3bwdhthldw',800),('7s5gy9jyvr',800),('jiede8cu8l',802),('8yqtugmpk3',803),('moepv05jf1',803),('1fxmlp6se3',804),('2kzpblu076',804),('38nkz3w6mi',804),('7s5gy9jyvr',804),('c5m0wvzc7z',804),('ax0g2r2epm',805),('s4wllk18h9',805),('2wtk7yekhp',808),('d3xg1exmq3',809),('moepv05jf1',809),('29pmdg7cww',810),('e7ud37w0zs',810),('g1fmjve428',810),('mynn88kgwd',810),('g65fw2a8yk',811),('yzuuim45u2',811),('4x886tp3jy',812),('jr54u8c0s',814),('yzuuim45u2',815),('z6w4y7h4tt',815),('kkqz3ryooz',816),('y0qlvaecuv',816),('2nmgmi13bp',817),('8rc9pxekme',817),('s4wllk18h9',817),('pqxgp0o0aj',819),('mwhw3dfl8o',820),('rofwihnwxp',820),('l4b1loj0fk',821),('xyazst1qz8',821),('u39ahuwg42',823),('22bkdo0tvd',824),('ax0g2r2epm',824),('qro2gp2h49',826),('3bwdhthldw',827),('pyf3hqsfoi',828),('lkcr80ipuh',831),('moepv05jf1',831),('y2uye1azhj',832),('1fxmlp6se3',833),('g1fmjve428',833),('kkqz3ryooz',835),('pyf3hqsfoi',835),('2kzpblu076',836),('e2w3m88fg9',836),('g65fw2a8yk',837),('nldhdukza2',840),('1lr1jv7vts',841),('s93n25x803',843),('6shq85ekuh',844),('4jg0e46v2y',845),('c52pwwjsme',845),('dvbffzpgsh',845),('7s5gy9jyvr',847),('n9efipkdkn',847),('8ta6rr5e4y',848),('93xwv4v8m5',850),('d9ns7z7lqy',850),('1lr1jv7vts',852),('y2uye1azhj',852),('zcv2sfy6d9',852),('lkcr80ipuh',854),('x5mdlmv74f',854),('4x886tp3jy',855),('kx2miastvz',855),('3sfqggdodo',856),('w63986zhlq',856),('qwfcsu593w',858),('z6w4y7h4tt',859),('0j133x0w9x',863),('pqog060c4x',863),('e7ud37w0zs',864),('c52pwwjsme',865),('pyf3hqsfoi',866),('kwniyu07hs',868),('2wtk7yekhp',869),('c5m0wvzc7z',869),('e9959lbt32',869),('y2uye1azhj',870),('6shq85ekuh',871),('dvbffzpgsh',871),('lkcr80ipuh',872),('moepv05jf1',872),('yzuuim45u2',872),('c52pwwjsme',873),('mynn88kgwd',873),('6shq85ekuh',875),('g1fmjve428',876),('4jg0e46v2y',878),('8ta6rr5e4y',878),('s4wllk18h9',878),('93xwv4v8m5',880),('22bkdo0tvd',881),('c42dh0we4f',881),('1p7084n4i1',882),('u39ahuwg42',882),('tnhhog5crz',884),('7s5gy9jyvr',886),('g65fw2a8yk',890),('1lr1jv7vts',891),('wbtbesh3o2',892),('7vvtt5kzqf',894),('ccd2ps8kp5',895),('pqxgp0o0aj',898),('1fxmlp6se3',899),('h1manescm0',900),('kx2miastvz',900),('mkzuo34cwh',901),('8650fgrapm',902),('3bwdhthldw',903),('5v2vk1hh9v',903),('u39ahuwg42',904),('jyfw0ru5ny',905),('kx2miastvz',908),('c5m0wvzc7z',910),('lkcr80ipuh',910),('678o0krjj0',912),('kkqz3ryooz',912),('rofwihnwxp',912),('s4wllk18h9',914),('hxc02qfkb6',915),('8q5yhwqu1l',919),('cjzxey0xwm',919),('e9959lbt32',919),('pqog060c4x',921),('mynn88kgwd',924),('yzuuim45u2',924),('e7ud37w0zs',927),('fnf0l0k20d',927),('mynn88kgwd',927),('qt6oipr7h9',927),('siyn2ospjb',927),('c52pwwjsme',928),('4x886tp3jy',929),('fnf0l0k20d',929),('z6w4y7h4tt',929),('0j133x0w9x',933),('9b9r5r9grk',935),('8ta6rr5e4y',936),('pqxgp0o0aj',936),('jyrjacqdnw',937),('mynn88kgwd',937),('1p7084n4i1',938),('52flmavmeg',941),('e9959lbt32',941),('x5mdlmv74f',942),('ccd2ps8kp5',947),('wbtbesh3o2',948),('yzuuim45u2',948),('rofwihnwxp',949),('yzuuim45u2',950),('4jg0e46v2y',953),('8rc9pxekme',953),('e2w3m88fg9',953),('l4b1loj0fk',953),('8650fgrapm',954),('y2uye1azhj',955),('7vvtt5kzqf',956),('e9959lbt32',956),('kkqz3ryooz',956),('8q5yhwqu1l',957),('1fxmlp6se3',958),('6shq85ekuh',960),('7s5gy9jyvr',961),('1lr1jv7vts',963),('hxc02qfkb6',963),('6shq85ekuh',964),('22bkdo0tvd',965),('2wtk7yekhp',965),('8650fgrapm',965),('x5mdlmv74f',965),('pyf3hqsfoi',966),('yzuuim45u2',966),('z6w4y7h4tt',966),('38nkz3w6mi',968),('mwhw3dfl8o',968),('2nmgmi13bp',969),('lkcr80ipuh',969),('nldhdukza2',969),('age3ogzlbe',971),('af4cs0m0pf',973),('s4wllk18h9',976),('feu6ak9wg2',978),('6shq85ekuh',979),('c1pdoindlf',979),('s93n25x803',979),('n9efipkdkn',980),('boexoh5oaf',981),('n9efipkdkn',982),('s4wllk18h9',982),('c1pdoindlf',983),('wbtbesh3o2',983),('g1fmjve428',987),('rofwihnwxp',987),('tnhhog5crz',987),('93xwv4v8m5',988),('8yqtugmpk3',989),('6dlnmx4mdo',990),('qwfcsu593w',990),('bpr6x0iegq',991),('8rc9pxekme',993),('e9959lbt32',993),('xyazst1qz8',993),('e7ud37w0zs',995),('moepv05jf1',995),('af4cs0m0pf',996),('2nmgmi13bp',997),('pqog060c4x',999),('barbell',1002),('bench',1002),('dumbell',1002),('barbell',1003),('dumbell',1003);
/*!40000 ALTER TABLE `uses` ENABLE KEYS */;
UNLOCK TABLES;

--
-- Table structure for table `workout`
--

DROP TABLE IF EXISTS `workout`;
/*!40101 SET @saved_cs_client     = @@character_set_client */;
/*!50503 SET character_set_client = utf8mb4 */;
CREATE TABLE `workout` (
  `workout_id` int NOT NULL,
  `workout_name` varchar(255) DEFAULT NULL,
  `duration` int DEFAULT NULL,
  `calories` double DEFAULT NULL,
  `target_muscle` varchar(255) DEFAULT NULL,
  PRIMARY KEY (`workout_id`),
  UNIQUE KEY `workout_id` (`workout_id`)
) ENGINE=InnoDB DEFAULT CHARSET=utf8mb4 COLLATE=utf8mb4_0900_ai_ci;
/*!40101 SET character_set_client = @saved_cs_client */;

--
-- Dumping data for table `workout`
--

LOCK TABLES `workout` WRITE;
/*!40000 ALTER TABLE `workout` DISABLE KEYS */;
INSERT INTO `workout` VALUES (0,'z9444lchdu',70,699.512,'Chest'),(1,'sdb9voxwbo',63,1143.06,'Arm'),(2,'a3cma1o956',96,279.943,'Hand'),(3,'svgvds5qtp',85,511.878,'Hand'),(4,'elcaasrsdv',87,1062.39,'Arm'),(5,'h99986373u',96,882.222,'Chest'),(6,'rr3km9z20r',59,622.392,'Leg'),(7,'i3uart3kun',89,420.007,'Leg'),(8,'957wrejbt5',66,1217.7,'Arm'),(9,'rzei0oyn6w',69,997.595,'Arm'),(10,'4n85fsd36c',72,1283.76,'Arm'),(11,'qoywfvqox6',51,858.649,'Chest'),(12,'5nzo07jrwd',44,1102.74,'Arm'),(13,'wu90zlhgzd',49,200.657,'Hand'),(14,'nvpcngxffz',45,854.337,'Hand'),(15,'ljjof84r4p',60,1436.73,'Leg'),(16,'gcxtgfe20l',42,1147.01,'Foot'),(17,'jjqnbks25s',60,1343.33,'Leg'),(18,'03d9w0xtu1',57,1480.43,'Leg'),(19,'pbkoc8cnj6',74,449.554,'Hand'),(20,'ix31o64pau',111,775.949,'Hand'),(21,'qgbpfe8ef6',55,1573.63,'Foot'),(22,'ed1sf4rxhq',38,1631,'Foot'),(23,'vdxunoqafh',83,329.246,'Hand'),(24,'tptpr9ldum',87,1149.14,'Arm'),(25,'ss6b7vxxjm',98,1457.33,'Hand'),(26,'bxjack3z5a',56,218.742,'Arm'),(27,'t4617uogb2',38,916.717,'Chest'),(28,'5w3f9vbd8k',110,397.194,'Arm'),(29,'y2syxoss2j',58,474.984,'Arm'),(30,'ajyt4klkpy',54,1453.99,'Chest'),(31,'kwdnk3icn3',51,276.366,'Hand'),(32,'8mrwcq0uxb',64,1286.12,'Hand'),(33,'0j9jqkpvsr',87,1429.9,'Chest'),(34,'w0hpnekbfk',85,919.522,'Leg'),(35,'882r02rl5h',49,369.964,'Foot'),(36,'61ucjy5hku',59,866.889,'Leg'),(37,'ofwcqf9u0c',40,585.817,'Hand'),(38,'xt1yod4ywc',32,1334.59,'Leg'),(39,'h04a5f7c37',71,1052.46,'Arm'),(40,'z1nllgk997',80,942.792,'Arm'),(41,'f5jpf4ivqx',106,1294.14,'Chest'),(42,'gaq3m5r4b3',36,1303.33,'Foot'),(43,'5uo00amqy6',72,1500.66,'Arm'),(44,'2lecijf6ev',87,1602.73,'Arm'),(45,'65t8fninjx',118,896.275,'Arm'),(46,'rz181wtfjt',55,1215.49,'Foot'),(47,'014nr15adq',114,1165.94,'Hand'),(48,'wsi7r5e8p1',103,1644.3,'Hand'),(49,'yiqtqvxjtv',65,1038.84,'Chest'),(50,'wfbkurvb9h',50,1144.73,'Hand'),(51,'w2qyhgzmtj',119,606.801,'Hand'),(52,'66o8yzmjuv',90,1221.86,'Hand'),(53,'2wnwp6t4i3',68,635.548,'Chest'),(54,'hki8du66yf',95,380.227,'Leg'),(55,'tfblgu4iu',88,285.088,'Chest'),(56,'45nvq3abs2',37,307.812,'Chest'),(57,'ub2wok34tz',79,514.693,'Leg'),(58,'u89ypp2vsm',78,1450.18,'Hand'),(59,'ex8eq946up',35,1341.01,'Foot'),(60,'rnbamqwbg8',60,808.334,'Leg'),(61,'4c7gf1wc84',58,968.404,'Foot'),(62,'2v0ftdjr73',36,252.774,'Chest'),(63,'ieotwip4c1',107,407.179,'Chest'),(64,'1im3drxo3a',53,379.056,'Chest'),(65,'x8u7xbbx52',98,898.855,'Leg'),(66,'ko80isodhy',56,1418.65,'Chest'),(67,'p0npxjz7mq',90,569.685,'Foot'),(68,'fl5u1ja3th',52,1525.77,'Leg'),(69,'bo5s82prz1',34,556.12,'Chest'),(70,'kbb4512qb1',63,181.8,'Leg'),(71,'eu8dh8f64z',89,1251,'Leg'),(72,'lpoo5lwq8q',71,1097.28,'Arm'),(73,'vzaro4tueo',33,1368.8,'Arm'),(74,'4fdp7wz3wo',52,1460.98,'Arm'),(75,'756evj76nw',108,896.768,'Hand'),(76,'r4y4ymfmyy',105,1055.66,'Foot'),(77,'s9v9eaydu5',80,414.87,'Arm'),(78,'mhflfu1h6x',74,904.078,'Hand'),(79,'9x59c43qxw',51,384.299,'Foot'),(80,'zd5agzk3hn',41,684.082,'Hand'),(81,'iznifv3lzu',80,1560.35,'Leg'),(82,'3toaxiy9p3',96,446.462,'Arm'),(83,'ms0k8ld3iv',84,702.055,'Leg'),(84,'ybtd21jjsq',109,223.12,'Leg'),(85,'jgh8mtk54f',43,1631.6,'Arm'),(86,'e8e7poqs68',106,186.191,'Chest'),(87,'eqj0icibjn',95,1292.14,'Foot'),(88,'chk58vx33s',78,544.629,'Chest'),(89,'cm3gm05yjd',32,831.989,'Arm'),(90,'ddtwp3t4db',71,681.135,'Hand'),(91,'obfhakevs6',93,1517.13,'Leg'),(92,'y7mp9nugmm',68,780.091,'Chest'),(93,'tazs2jxb09',94,924.565,'Chest'),(94,'5ewan7fcn5',35,1089.18,'Hand'),(95,'8mjx56o482',78,642.417,'Chest'),(96,'g3m40xd0ta',90,1372.52,'Arm'),(97,'qnyzeat5hq',80,183.257,'Chest'),(98,'abup09ewrd',72,822.86,'Arm'),(99,'e1vzig1qxn',103,266.481,'Hand'),(100,'g6ss1hq1yt',109,1521.48,'Chest'),(101,'pncz682atk',36,701.148,'Hand'),(102,'bmu05i9fiv',93,1359.05,'Chest'),(103,'lxo8xskmj',39,617.243,'Chest'),(104,'nivwruikt6',30,293.675,'Foot'),(105,'sarlpu71uy',78,1591.45,'Foot'),(106,'ek41qknd2g',60,326.094,'Arm'),(107,'8x81eyv1t2',44,685.904,'Foot'),(108,'fplazktq78',41,275.764,'Hand'),(109,'seekviyk31',73,1241.75,'Leg'),(110,'seygbs88zt',116,1157.58,'Foot'),(111,'arltehzxx6',69,1318.01,'Leg'),(112,'0es4sfbvo7',42,154.575,'Leg'),(113,'re9stxcaks',50,244.605,'Leg'),(114,'1oxgy28ujf',43,295.581,'Leg'),(115,'g7s4yqdzas',36,1135.1,'Hand'),(116,'as8pj7hk5b',53,971.672,'Foot'),(117,'3ihneh4oy8',119,888.86,'Leg'),(118,'y1gce5hepa',40,1452.77,'Foot'),(119,'yq398h0r2y',51,890.435,'Hand'),(120,'mvs76orzul',53,1495.46,'Arm'),(121,'46b4jg1vs2',107,358.35,'Arm'),(122,'ngtjhrwqs9',44,164.915,'Foot'),(123,'os4edmlgr4',93,1100.83,'Chest'),(124,'ijqx7ya2ql',86,170.684,'Chest'),(125,'scsmqdw456',59,1301.92,'Chest'),(126,'iejmqwtt9d',44,864.019,'Foot'),(127,'xq8pk9memu',35,297.662,'Foot'),(128,'hjrk87artk',100,906.3,'Leg'),(129,'8qa581afnb',61,1200.68,'Hand'),(130,'eb31f2calx',117,352.821,'Chest'),(131,'xgksd5f8th',52,1597.41,'Chest'),(132,'al6bzhseo9',108,1233.39,'Leg'),(133,'kutabbdf7t',94,684.207,'Arm'),(134,'ua3zmwetop',78,885.329,'Arm'),(135,'ue4tigznog',81,1290.24,'Leg'),(136,'0wcyvy9azd',90,461.446,'Foot'),(137,'gch4yd7lf5',68,1067.66,'Hand'),(138,'7gyr7fh07g',77,709.909,'Hand'),(139,'xyrq26hi8l',94,1496.65,'Leg'),(140,'26nswra1x8',101,1117.56,'Foot'),(141,'xjadzgp4kt',82,278.83,'Leg'),(142,'mjbr2hx5zn',32,368.349,'Arm'),(143,'1nkfk8v7we',109,259.03,'Foot'),(144,'24264wvn2r',77,583.271,'Arm'),(145,'rqku4rpe5i',65,558.298,'Hand'),(146,'omaajpb45q',77,1115.45,'Leg'),(147,'w4gtjtzom6',44,942.442,'Chest'),(148,'sbuxwd9uze',99,838.636,'Hand'),(149,'qn5cai10sj',62,528.966,'Arm'),(150,'xsh90ywpbt',89,651.77,'Arm'),(151,'b9utxbkx6a',93,1602.27,'Leg'),(152,'rrdw32aj4w',32,627.037,'Hand'),(153,'awqlxbbm4s',40,779.051,'Foot'),(154,'atzfbpkg01',89,1385.97,'Foot'),(155,'svq9yfw8ln',85,1028.58,'Arm'),(156,'wsb9rrdurn',82,1369.96,'Arm'),(157,'6ra1s6rvf3',93,1488.65,'Chest'),(158,'6f0fm46hwo',46,283.161,'Hand'),(159,'1naq069fg6',43,1076.87,'Foot'),(160,'c9fwlt4vux',71,428.471,'Leg'),(161,'gnmfysphi1',64,1266.46,'Foot'),(162,'ws61mlger3',119,612.655,'Hand'),(163,'iw59v2i9dr',55,1051.65,'Arm'),(164,'gm6ljjqtjs',76,1554.51,'Arm'),(165,'hz1attqei3',57,204.539,'Foot'),(166,'czeetkm5to',55,1175.57,'Leg'),(167,'8erf6ytm9n',81,1440.8,'Leg'),(168,'oxiv5vqb2s',97,318.189,'Arm'),(169,'0ug6xbedxi',73,1493.43,'Hand'),(170,'4pfl7vctv7',33,214.829,'Leg'),(171,'3ssxqceo8c',47,1375.25,'Arm'),(172,'s3x63hg85c',48,194.856,'Leg'),(173,'dc1068nh0v',56,649.678,'Foot'),(174,'pvyr7ff6ch',88,873.343,'Arm'),(175,'88azxcddsg',115,1362.33,'Leg'),(176,'yerjnf6khj',40,1118.37,'Leg'),(177,'nlvwpkjz6p',72,1354.61,'Foot'),(178,'g77yyn40q3',96,187.308,'Arm'),(179,'r4aui18rrn',58,1632.3,'Chest'),(180,'anqhxeir5w',73,1030.85,'Leg'),(181,'chs5dkn248',43,332.037,'Leg'),(182,'69e5e6xp77',102,276.128,'Hand'),(183,'mgybrigli8',60,1514.73,'Hand'),(184,'81te603ipk',96,574.949,'Hand'),(185,'w0yfw5fbf2',78,1075.22,'Chest'),(186,'6aom9r8y6y',109,1061.02,'Chest'),(187,'r0r3w8tnrs',103,317.468,'Leg'),(188,'rntn6jk2uc',48,588.472,'Foot'),(189,'tr7kkxbx8f',76,1053.39,'Foot'),(190,'t0rxa97fj5',81,827.043,'Leg'),(191,'ln4ri2w2ib',36,805.272,'Hand'),(192,'wcrks1k6mb',95,1597.58,'Hand'),(193,'1qi8p1kmsd',76,546.165,'Arm'),(194,'jj7ct8ea7x',111,726.414,'Leg'),(195,'pkjmri3but',46,771.502,'Chest'),(196,'gaoyrdxzw2',101,199.916,'Chest'),(197,'pyvbbtlpju',73,1019.47,'Hand'),(198,'fdsfmxnky2',44,1640.44,'Arm'),(199,'e66h49s150',119,1300.17,'Leg'),(200,'i0boyxd0r7',44,787.403,'Arm'),(201,'nm0q24074x',95,1250.62,'Hand'),(202,'5mkucaqrfn',64,1037.42,'Chest'),(203,'rkfieqc1kr',40,344.668,'Chest'),(204,'x2zqd0r7ih',31,1584.6,'Foot'),(205,'g3srp9o108',116,310.764,'Arm'),(206,'b8lx2ce0fk',83,838.088,'Foot'),(207,'ugievrlw2m',51,508.332,'Leg'),(208,'c3hg3u4ami',51,1167.62,'Foot'),(209,'9fwsaqemkt',74,899.791,'Foot'),(210,'tw74sbi157',92,1094.82,'Leg'),(211,'2inzk1knzi',53,751.886,'Foot'),(212,'n963h5pczp',108,729.437,'Leg'),(213,'7kl8rqhpqu',53,1613.83,'Foot'),(214,'bbnbq501e8',70,620.585,'Arm'),(215,'k3glbzmifg',44,252.071,'Chest'),(216,'vjwskwngq2',87,1243.17,'Chest'),(217,'ejpe0zpcbz',117,1335.03,'Arm'),(218,'eh6je3srb4',92,869.79,'Arm'),(219,'75yzsa5bjh',113,395.878,'Foot'),(220,'jpz5vr9yse',38,890.18,'Chest'),(221,'rmhrqfydsq',55,894.865,'Chest'),(222,'yny41evdx0',63,1402.59,'Foot'),(223,'59z5wulqis',69,1183.08,'Hand'),(224,'xnvdjrk27j',39,1417.72,'Foot'),(225,'qo8n5v4tnp',56,641.171,'Leg'),(226,'7trsduxepm',41,898.081,'Arm'),(227,'h3u6kb89pp',115,1537.88,'Arm'),(228,'jduqhzzqk0',90,412.858,'Arm'),(229,'nrsmo2kr1y',118,151.771,'Leg'),(230,'c091w7hbuc',61,925.519,'Chest'),(231,'vg1ujh4i9o',61,161.093,'Chest'),(232,'a7vs5yb30s',85,278.772,'Foot'),(233,'8ez1lekh9f',81,720.072,'Leg'),(234,'qjfaw93433',40,1329.2,'Hand'),(235,'3a5pcenhgp',89,1249.65,'Chest'),(236,'wfqsjnc3xt',87,368.7,'Foot'),(237,'2vva5gs69g',62,1197.99,'Chest'),(238,'6yin8hizgf',91,490.958,'Foot'),(239,'84qat73z2m',74,392.495,'Hand'),(240,'habfmpkxt5',38,949.065,'Chest'),(241,'ahd6i33fku',84,1216.67,'Arm'),(242,'4gcd77x7vy',85,870.544,'Leg'),(243,'ufeahax9wd',56,485.892,'Leg'),(244,'4qaeqrvqid',64,1118.64,'Chest'),(245,'137pdipmdy',94,1164.14,'Hand'),(246,'tvau4biapx',30,1480.4,'Hand'),(247,'5ggu737ty9',119,254.003,'Hand'),(248,'lwrv55llod',56,556.896,'Leg'),(249,'h0wzcavkbj',110,580.223,'Foot'),(250,'dyq9yuhcdx',110,1004.08,'Chest'),(251,'orip4lpsxc',54,996.685,'Foot'),(252,'gfirywrwfp',63,1091.02,'Leg'),(253,'dm8r86m5iu',40,398.573,'Chest'),(254,'x4666882de',113,1419.22,'Arm'),(255,'ql01yz5imt',38,1171.54,'Arm'),(256,'keqonqzsat',87,1318.77,'Arm'),(257,'hbo7fgi9o6',104,317.021,'Arm'),(258,'rthl5w232n',79,659.291,'Foot'),(259,'jckhxln3jq',34,255.93,'Arm'),(260,'p3o382371k',50,1207.84,'Foot'),(261,'f0y7jwognl',53,369.054,'Arm'),(262,'rxdjojff6q',101,1093.46,'Leg'),(263,'tp0c2aeyze',73,1053.99,'Foot'),(264,'08v7p4bend',103,808.266,'Arm'),(265,'pfmau58pe2',33,1175.17,'Chest'),(266,'zs6fwe733u',89,818.508,'Hand'),(267,'ra72teu7bc',81,1396.4,'Arm'),(268,'3nra6mavi5',59,1168.17,'Hand'),(269,'xvvb9pmbyq',45,1102.4,'Leg'),(270,'yr2eqkymza',93,1471.86,'Hand'),(271,'tf2fa2gfb',93,622.447,'Foot'),(272,'m60ev8sfc8',35,1556.88,'Foot'),(273,'jp11skocpe',58,224.463,'Chest'),(274,'e2nezx8xzr',83,1248.51,'Leg'),(275,'7y9nnq6z8g',79,1063.99,'Foot'),(276,'wvcdpyk0wb',99,816.991,'Foot'),(277,'czqwbsuhmu',98,176.809,'Foot'),(278,'mhbv9dguav',46,1089.7,'Hand'),(279,'h3r9m7k5uu',69,978.743,'Leg'),(280,'sx2nd60uo4',77,430.871,'Arm'),(281,'o8ywal6raj',39,1580.63,'Hand'),(282,'7e76zmzul7',86,1037.53,'Arm'),(283,'cvdq4594nt',59,1360.19,'Chest'),(284,'35czzyfihl',33,1049.36,'Chest'),(285,'gwkiad5yrj',40,1285.17,'Leg'),(286,'mcj7edh0o',94,1601.6,'Leg'),(287,'oi7xjabzhm',31,1560.66,'Chest'),(288,'qlmi9rgpjk',51,259.578,'Hand'),(289,'zg32vycimh',102,1243.88,'Chest'),(290,'kz9ynjep8u',83,833.374,'Chest'),(291,'a96wxpx993',52,1351.46,'Hand'),(292,'15jage3ic6',117,568.282,'Arm'),(293,'bysaqkq7vc',30,1570.74,'Arm'),(294,'yuqdqyn8ts',111,1162.71,'Chest'),(295,'qnhrsulyam',53,925.321,'Chest'),(296,'3q7ggz0eok',116,732.89,'Chest'),(297,'q6xcoywrtr',105,200.407,'Arm'),(298,'pismm2k6hr',77,497.594,'Hand'),(299,'74meaevxzc',70,1276.41,'Arm'),(300,'a6abyfznf5',89,227.139,'Leg'),(301,'a6e86euiy9',35,1319.45,'Arm'),(302,'mm8just0xm',56,1111.59,'Chest'),(303,'u7zydy2t3u',111,1423.21,'Foot'),(304,'8z9nuc4elw',68,857.54,'Hand'),(305,'mob0a4bjx3',38,799.586,'Hand'),(306,'ob53vmk08l',87,1094.87,'Arm'),(307,'eoafztyfib',71,745.888,'Hand'),(308,'sn0gfztbzv',89,1271.58,'Chest'),(309,'4nrt8pwgaw',52,667.769,'Chest'),(310,'i0qb8ve9x6',31,800.292,'Leg'),(311,'itcbolr2j8',58,1442.41,'Hand'),(312,'4cwf4v96ei',64,866.33,'Arm'),(313,'5zxoo9kqyl',117,535.736,'Foot'),(314,'whbc0yc47x',38,190.26,'Leg'),(315,'3bglbs23ns',114,1157.4,'Foot'),(316,'ydueqhoriw',107,1064.3,'Arm'),(317,'i2jh025gve',101,521.366,'Hand'),(318,'4rer8xrc7g',96,1351.53,'Chest'),(319,'6zec6byzco',67,639.963,'Hand'),(320,'p7p08txsph',70,774.059,'Foot'),(321,'2rciuk0xuz',54,803.571,'Hand'),(322,'xfe83fd2lo',77,1595.98,'Leg'),(323,'67jce1wz58',106,1191.63,'Leg'),(324,'tbomly81ma',119,309.844,'Chest'),(325,'hqfcywpoij',73,341.978,'Hand'),(326,'9jqvmeola3',76,961.015,'Hand'),(327,'rqpg8h57p7',73,730.407,'Arm'),(328,'6g6rwta55k',105,1204.29,'Arm'),(329,'y178ook956',98,476.416,'Arm'),(330,'ys03ex2ofb',117,752.367,'Arm'),(331,'mtkds4l16y',109,1185.46,'Chest'),(332,'a4m2oqyvo5',31,440.054,'Chest'),(333,'z4zv9eendb',64,693.732,'Hand'),(334,'569zbmoduq',61,1410.12,'Leg'),(335,'pake76pssq',79,361.703,'Chest'),(336,'ow4jrfpom2',97,271.972,'Leg'),(337,'q91a29jsrt',33,952.689,'Leg'),(338,'qu3xka8shq',92,1050.66,'Arm'),(339,'vsyvvxbpml',105,788.396,'Leg'),(340,'0b3reulmij',107,462.395,'Chest'),(341,'qvpopx9q7i',54,199.594,'Leg'),(342,'vdgjup2gg7',37,1115.43,'Hand'),(343,'9e48cswzcc',112,1021.11,'Hand'),(344,'6lenqrhcfh',99,678.574,'Arm'),(345,'o6qytrlvh1',119,532.186,'Chest'),(346,'p2oeferrct',61,1148.86,'Leg'),(347,'k4vjlx92z9',59,1018.35,'Foot'),(348,'b87q5nv9g1',31,341.487,'Foot'),(349,'uayyykytdk',33,1100.39,'Leg'),(350,'cpk3rqytd8',72,1072.43,'Chest'),(351,'llebjxkkf2',62,1508.52,'Foot'),(352,'gfnns2y9jx',107,539.99,'Arm'),(353,'45ia326zos',76,949.254,'Foot'),(354,'v9b3zbwxnk',69,822.314,'Hand'),(355,'jvkb5jt0sv',86,1005.64,'Arm'),(356,'0kry1zpkpl',96,1472.58,'Chest'),(357,'hy2651hslo',55,766.423,'Hand'),(358,'025ugox1bb',34,1554.35,'Hand'),(359,'vffo48a49x',113,673.445,'Arm'),(360,'mpfq7bn2ck',68,1117.17,'Chest'),(361,'7kd8jnafk6',116,1119.05,'Leg'),(362,'0br46mipyv',98,698.137,'Hand'),(363,'7uuy4nfqxw',107,828.476,'Arm'),(364,'lwimjowahn',39,823.152,'Arm'),(365,'qlg1jitnv2',112,1345.68,'Arm'),(366,'iiooqg2n0j',94,698.053,'Leg'),(367,'d4ud2eje4j',114,538.533,'Chest'),(368,'hl5uxxpy07',110,572.009,'Arm'),(369,'cu5gl0nciz',75,484.973,'Foot'),(370,'xe5amw47q5',117,1408.35,'Chest'),(371,'yld6nzpe0v',98,750.469,'Chest'),(372,'8uy66x9ux4',68,1083.04,'Arm'),(373,'mqs1by6306',109,1284.4,'Hand'),(374,'vhn3prt4ey',47,790.039,'Chest'),(375,'62llxfmii5',119,701.495,'Leg'),(376,'ql9o212d2i',41,955.446,'Arm'),(377,'gvefvoys56',47,732.166,'Hand'),(378,'fap0geauos',97,1230.06,'Arm'),(379,'lj41of91tl',113,1080.83,'Hand'),(380,'m5qvvokgxn',35,1292.83,'Arm'),(381,'980ntal3ko',69,744.336,'Arm'),(382,'kj2aw3zucy',115,1169.68,'Foot'),(383,'smlhdjzb92',66,392.734,'Arm'),(384,'y9c6pecjfi',97,233.714,'Hand'),(385,'brwsuio555',117,375.138,'Leg'),(386,'o9sj4nporm',94,1226.71,'Arm'),(387,'rfmfyd7in3',51,802.422,'Hand'),(388,'fzkd3e4323',50,1178.63,'Chest'),(389,'7k1lzrp4bk',118,796.33,'Arm'),(390,'sfg0h3w8uj',119,644.601,'Arm'),(391,'lgbdr2od4v',81,606.503,'Chest'),(392,'rvj253w1rh',54,646.995,'Arm'),(393,'ztjsos4r0e',45,913.255,'Hand'),(394,'ghr7bkhhm7',38,1083.69,'Foot'),(395,'dttj1z7dbu',48,503.124,'Arm'),(396,'n9lmu45qj8',75,461.339,'Arm'),(397,'4dwt82d2tl',114,806.559,'Hand'),(398,'xcc92juoc8',36,1239.39,'Foot'),(399,'vy7srm369k',70,1570.57,'Arm'),(400,'nqktb2vm7g',52,363.439,'Leg'),(401,'npw2rt0srv',46,580.874,'Arm'),(402,'3rfke88jcb',118,737.637,'Hand'),(403,'43zr16xg56',51,1407.07,'Foot'),(404,'74cghazf2a',52,828.775,'Foot'),(405,'rl11fla4go',72,1141.81,'Arm'),(406,'92tb6wektn',96,1057.98,'Leg'),(407,'6cwdmihqvm',55,1088.12,'Foot'),(408,'hbk1rmn15d',109,694.333,'Arm'),(409,'x0pt60g13s',116,1166.58,'Arm'),(410,'cj4v61nyrl',72,907.024,'Hand'),(411,'xstjygqhp1',97,1292.37,'Arm'),(412,'1yp3rfx7fw',77,408.989,'Hand'),(413,'76zck6fz1o',63,1372.04,'Leg'),(414,'xybus35u8z',80,1179.26,'Hand'),(415,'s00k3do3vx',71,1502.4,'Foot'),(416,'84lpky0o31',46,1187.53,'Chest'),(417,'t87ldto4gd',75,327.48,'Leg'),(418,'2x8e23tjkx',45,285.919,'Chest'),(419,'vpjmrlgaa9',41,1372.7,'Arm'),(420,'9o83i9sfu8',94,168.055,'Hand'),(421,'834z756qo1',108,477.306,'Chest'),(422,'8yjy5eadap',80,520.914,'Chest'),(423,'3hggquinok',99,899.692,'Leg'),(424,'vb1v8e3qq',56,1439.13,'Chest'),(425,'cwul4rllcl',111,379.092,'Hand'),(426,'tjnab8wths',74,1622.29,'Leg'),(427,'yck0zzefn7',67,853.418,'Chest'),(428,'s6e0kcyx8l',56,721.243,'Chest'),(429,'1eb3fhy9ci',35,501.417,'Foot'),(430,'ebsin6kngz',45,675.682,'Foot'),(431,'19c8v2126l',89,711.627,'Foot'),(432,'sm1jv7swu9',34,1162.52,'Arm'),(433,'34vi6poq5f',81,1471.56,'Leg'),(434,'3c2syto1ig',40,374.159,'Hand'),(435,'uj3fr0vbvr',43,1116.83,'Arm'),(436,'ttcwo2as4i',58,181.195,'Hand'),(437,'wcj9uytm3f',56,690.405,'Chest'),(438,'p7ixbmo87y',55,1631.69,'Leg'),(439,'1vrfd03fbc',92,1630.89,'Hand'),(440,'yofz216tw7',64,1500.54,'Foot'),(441,'dinekt2jo9',65,263.495,'Leg'),(442,'fj6ynwi2m5',60,816.326,'Arm'),(443,'27kcokxlpl',53,627.21,'Hand'),(444,'ylp0umjq92',53,236.203,'Foot'),(445,'7lalbs8dxx',94,1630.67,'Arm'),(446,'x2a5yyisif',33,1380.43,'Chest'),(447,'vhs69jykdx',106,256.82,'Leg'),(448,'lkj3gzlnfu',87,1266.75,'Chest'),(449,'fgmq2obmhj',91,614.47,'Chest'),(450,'iwxwe5hnd8',82,1429.54,'Foot'),(451,'81w2rq6209',87,165.74,'Arm'),(452,'wic32g474d',31,513.495,'Foot'),(453,'vyu4egz5ut',72,1546.1,'Chest'),(454,'bpgda3hw1b',110,222.318,'Arm'),(455,'8qwguug27a',83,390.128,'Foot'),(456,'60qyg7gwxo',104,1444.1,'Chest'),(457,'rzuca5nqed',61,323.924,'Leg'),(458,'ujumqfouqf',42,905.68,'Foot'),(459,'5oigeepw37',60,460.297,'Foot'),(460,'qwveqcefxn',100,587.643,'Foot'),(461,'gyd147vgup',91,1318.79,'Chest'),(462,'e028izda9n',119,929.637,'Leg'),(463,'hsnqi96te7',92,1215.29,'Foot'),(464,'8tcmxyx4m6',31,1037.47,'Arm'),(465,'8w07yboyt1',81,1081.37,'Leg'),(466,'2xu8t93dr4',64,1495.67,'Foot'),(467,'w14etuakcz',35,890.57,'Arm'),(468,'wu2ngzvjzk',60,356.325,'Chest'),(469,'l70w0sfsnp',96,654.392,'Chest'),(470,'w8mu00keb5',84,1258.25,'Chest'),(471,'lgot5phvfk',78,1513.39,'Leg'),(472,'bu20qq1n0h',34,1556.54,'Foot'),(473,'jbkpbcv53x',110,1092.35,'Leg'),(474,'4yl6mj8hjb',63,387.571,'Chest'),(475,'nso1c40byb',99,1028.42,'Leg'),(476,'qto7d79uhl',82,1495.31,'Foot'),(477,'d9incfq3io',37,330.978,'Leg'),(478,'6q7ukmat82',109,1049.05,'Foot'),(479,'pjnsk0afwb',76,196.501,'Leg'),(480,'fneggmo7rr',92,1487.66,'Chest'),(481,'8esfz0qm1z',32,609.559,'Leg'),(482,'0nhqsomcis',105,1550.86,'Arm'),(483,'zmse01ye1r',91,1204.78,'Arm'),(484,'xjfj5utbbd',104,191.573,'Leg'),(485,'dlvd7avwyn',48,479.934,'Hand'),(486,'lb4sv8ea92',115,1134.93,'Foot'),(487,'a3qz8a0aw0',113,1571.99,'Arm'),(488,'vaz7eer5vg',51,1304.94,'Leg'),(489,'pa8k3nqpvi',79,1125.14,'Hand'),(490,'43fp9i1gzt',31,443.287,'Foot'),(491,'tml5j1q7zx',70,1516.2,'Leg'),(492,'h5s2qpqyjr',109,519.276,'Leg'),(493,'nhz0g58g1j',82,407.152,'Arm'),(494,'980xcdtuqs',55,1014.18,'Hand'),(495,'xvgz1gxcnv',105,594.824,'Arm'),(496,'l64e5lgxb9',92,312.567,'Foot'),(497,'r3pxecyech',74,1505.18,'Chest'),(498,'480b8mde8g',33,1410.41,'Chest'),(499,'xta8485a8p',89,841.98,'Chest'),(500,'wjec0m3vd2',115,1606.28,'Leg'),(501,'dtk4hy5pw9',36,1504.64,'Leg'),(502,'kjblvxudlw',83,1362.49,'Foot'),(503,'c3x6h9guy7',39,321.483,'Foot'),(504,'bspisuyfi',73,666.828,'Leg'),(505,'cx5jbahxrk',56,1461.02,'Hand'),(506,'9g04zgqnh0',56,979.01,'Hand'),(507,'a0eryfrycv',102,1497.12,'Foot'),(508,'ruyluz6quo',55,901.217,'Foot'),(509,'m02abdvc1q',69,798.93,'Arm'),(510,'014mvdm0bs',65,956.277,'Foot'),(511,'mplgrhmw8g',49,631.819,'Hand'),(512,'lo64iuw99j',71,514.328,'Chest'),(513,'h43gsmnl15',38,1486.41,'Hand'),(514,'rb6dn8d5e8',49,1267.62,'Foot'),(515,'8pvnb82ptt',118,501.835,'Hand'),(516,'hnexu6mdxi',104,1163.13,'Arm'),(517,'nipfxjtdqv',66,1195.42,'Hand'),(518,'xq1fmhth8v',57,1476.91,'Hand'),(519,'83gtyav07p',113,727.464,'Hand'),(520,'9hosybu1lk',37,663.883,'Arm'),(521,'z3vcpfhyw4',103,1020.51,'Hand'),(522,'9yennmx5qr',57,1217.99,'Hand'),(523,'f8lr2y0q86',49,1111.71,'Chest'),(524,'959pnuat5z',61,1535.48,'Arm'),(525,'alze05ctsr',115,769.202,'Chest'),(526,'psubcxx9zw',112,720.038,'Chest'),(527,'ps41symmoi',75,865.59,'Hand'),(528,'f9rfq51dk8',74,1080.04,'Chest'),(529,'ppeyqo336q',88,337.517,'Foot'),(530,'g3rob69p89',86,689.439,'Chest'),(531,'n7yax9apcw',32,1261.65,'Arm'),(532,'jokqnz2fng',90,1127.96,'Foot'),(533,'06eifbz21g',68,794.581,'Hand'),(534,'oyjccpbzek',55,1342.87,'Arm'),(535,'gc3wfy7lsl',79,1545.04,'Chest'),(536,'13l3uxsz9m',115,1327.43,'Leg'),(537,'1pde5fionr',69,1398.33,'Leg'),(538,'2uf8jipbv3',32,1046.34,'Leg'),(539,'5lttcg0x2k',58,1393.98,'Foot'),(540,'zw3ar9sfvd',91,1570.05,'Arm'),(541,'dwjpchqjvz',71,1634.31,'Hand'),(542,'y5ckiy5ds3',94,308.076,'Foot'),(543,'53b70ji3ol',74,691.903,'Chest'),(544,'4zkamt1p50',117,1256.09,'Arm'),(545,'96cmmlfy8s',75,906.455,'Leg'),(546,'129scr04vu',83,391.542,'Arm'),(547,'fpgf74keyv',73,391.981,'Chest'),(548,'kr6kr577h8',85,1137.83,'Leg'),(549,'x2acyu5bt7',112,848.275,'Hand'),(550,'ap16f9v6s2',70,1221.01,'Arm'),(551,'h4qiw6xjkh',112,1459.24,'Arm'),(552,'xms8p58yk7',75,1375.63,'Chest'),(553,'v58lmu3cjx',53,945.86,'Chest'),(554,'f06gvota94',90,1442.78,'Arm'),(555,'08k02lzxkc',105,1647.49,'Hand'),(556,'y2n9ze4993',47,1315.91,'Arm'),(557,'7dh3dsz8er',99,1455.85,'Hand'),(558,'2i7badm28o',117,495.936,'Chest'),(559,'dwvnualoeu',103,682.374,'Arm'),(560,'tlnbc1xcoj',65,175.378,'Hand'),(561,'ej9d868bjm',46,1038.14,'Chest'),(562,'fjf8lra9t2',85,1177.45,'Foot'),(563,'1u1ke4hpa0',88,1454.15,'Hand'),(564,'oqn8dfs3mb',31,1468.51,'Hand'),(565,'xsj0inpgxc',75,920.723,'Leg'),(566,'y4jcqh9brw',36,1293.43,'Hand'),(567,'4ykkl4w73u',56,524.098,'Arm'),(568,'zmkagpl1et',43,1326.14,'Leg'),(569,'0bco3uhpwu',115,1004.71,'Chest'),(570,'ham7oazf53',35,1275.35,'Hand'),(571,'2016l9j5il',34,754.343,'Arm'),(572,'eedoeqenih',114,942.521,'Foot'),(573,'9wj782p7b3',49,276.256,'Hand'),(574,'7j7ooe6mxw',99,579.057,'Chest'),(575,'05eamftn80',101,1405.72,'Hand'),(576,'vnagboj0ys',50,1488.6,'Foot'),(577,'0wpnka7im9',33,1414.65,'Chest'),(578,'yt9tkt2bhg',38,438.41,'Foot'),(579,'183dc4lz83',34,633.138,'Leg'),(580,'1jam4q4rwg',53,1433.44,'Foot'),(581,'0chwdc0hvp',54,1448.81,'Hand'),(582,'x4dg2flcgo',105,154.743,'Hand'),(583,'w9cimqkti2',111,1259.06,'Arm'),(584,'cwg1w18m85',119,1335.89,'Leg'),(585,'qm8plpmh56',105,1590.17,'Chest'),(586,'y5iqi1evh6',58,879.09,'Chest'),(587,'vtbxebdksn',91,508.064,'Hand'),(588,'sfuay6sv23',61,197.356,'Arm'),(589,'f6fvxesfc8',67,857.297,'Chest'),(590,'eegaxo72tv',52,1638.28,'Hand'),(591,'ya9rbwqkql',97,191.857,'Foot'),(592,'cwnejgngtp',75,1419.58,'Hand'),(593,'c2gwz7c2z3',56,1509.49,'Foot'),(594,'7mfqamsogc',32,1398.94,'Chest'),(595,'ku3yilh0wf',66,159.826,'Leg'),(596,'g5bnrpyh4r',62,1647.42,'Leg'),(597,'58ijc8lcom',88,1117.74,'Chest'),(598,'xijptteo9v',109,1589.51,'Leg'),(599,'3w5zhthma1',103,159.889,'Hand'),(600,'wr77vzpv8f',69,1160.26,'Arm'),(601,'pi6kdqe0m5',75,1634.53,'Foot'),(602,'irfnyka0cs',75,747.694,'Leg'),(603,'r6zhxw99m3',56,1300.18,'Arm'),(604,'01oyyul6ur',65,974.404,'Arm'),(605,'z8sh3k78tr',114,838.985,'Arm'),(606,'drg4j0ujem',94,1534.53,'Leg'),(607,'efihfpirda',94,511.659,'Arm'),(608,'nt2agl8bz2',94,1310.4,'Chest'),(609,'of5enjslo3',103,660.466,'Arm'),(610,'1fum1tq99i',78,1393.18,'Chest'),(611,'ool579yi97',34,1556.25,'Arm'),(612,'opeexceuqn',41,1180.06,'Hand'),(613,'smf14m2qbs',106,749.269,'Hand'),(614,'heelm0055z',43,257.032,'Foot'),(615,'zua9yml529',55,955.384,'Leg'),(616,'bavkezes5s',53,1219.34,'Leg'),(617,'0j1sgsbfcp',33,161.241,'Foot'),(618,'1x6fh49yp4',34,1075.64,'Arm'),(619,'iv9x0x366f',58,643.394,'Leg'),(620,'bvb23q7lb3',118,239.235,'Foot'),(621,'m1upjjm0ad',112,190.445,'Hand'),(622,'3n73y5dzmo',69,1064.79,'Foot'),(623,'vgm4yk0o41',75,1291.02,'Hand'),(624,'94lz97a8iv',108,647.701,'Foot'),(625,'e297luo7gr',67,1277.11,'Chest'),(626,'k4fdt1fdqo',109,1364.51,'Chest'),(627,'kfj6pyadp5',95,1527.36,'Foot'),(628,'kths4n1s1l',75,1330.58,'Arm'),(629,'qaql6kk7ih',54,813.702,'Arm'),(630,'gaclrzd6yz',40,1599.86,'Leg'),(631,'foc6v9t5vp',78,499.453,'Hand'),(632,'3s5kp4mt36',54,1045.35,'Arm'),(633,'r55xby69tc',74,152.418,'Hand'),(634,'p34en3uiit',93,495.8,'Arm'),(635,'4x25dld61c',114,1055.47,'Hand'),(636,'s5tp1juud1',44,341.831,'Hand'),(637,'pxcaa61ymp',66,1353.11,'Leg'),(638,'upajhsbxm3',94,1391.53,'Foot'),(639,'yl1qjvk1jt',51,869.964,'Arm'),(640,'1i6elpvapo',54,1385.96,'Hand'),(641,'gjpy9o3ark',102,1483.54,'Leg'),(642,'4hbvt4wsyp',44,909.161,'Chest'),(643,'0zcjg0o7li',92,622.614,'Arm'),(644,'m29ekgleuc',54,1237.61,'Foot'),(645,'3dhr9semk1',51,1185.41,'Leg'),(646,'syx2yj45j2',78,1158.24,'Chest'),(647,'o0z3n21bgn',36,848.655,'Chest'),(648,'fbbgaqgjm0',112,1092.36,'Leg'),(649,'ya1pjjkm6s',118,726.6,'Foot'),(650,'yygrccw78o',97,1198.71,'Leg'),(651,'8pdi7ucf1y',95,1187.25,'Arm'),(652,'cs4do5yoky',51,1183.56,'Leg'),(653,'w0rxlioh7w',115,320.408,'Arm'),(654,'f0fz4rzdvf',57,1131.21,'Arm'),(655,'316diu4j9u',81,1408.55,'Leg'),(656,'pwk5p2fdsj',70,784.575,'Leg'),(657,'h10ceuwddo',60,177.498,'Arm'),(658,'9vvvf7zwc0',79,543.762,'Foot'),(659,'lno19w6one',110,259.835,'Foot'),(660,'xq9006v1ib',77,378.784,'Arm'),(661,'bmi4nm7boh',96,611.738,'Foot'),(662,'yobbelkqch',68,1441.88,'Leg'),(663,'gho8ffw8w9',62,1589.19,'Arm'),(664,'67t4l6lwgz',73,939.356,'Foot'),(665,'rx73u7g5s3',99,489.271,'Hand'),(666,'846a8gfj4c',47,277.915,'Arm'),(667,'yx1zvw2bbj',95,222.669,'Leg'),(668,'tdpppi8nkq',56,901.09,'Leg'),(669,'6a9twmgfy7',110,340.86,'Hand'),(670,'svnkkqlrbr',47,240.009,'Chest'),(671,'an1c6h87t6',93,1023.28,'Leg'),(672,'lu746caxrb',75,545.773,'Chest'),(673,'zj3q1um0m6',60,736.044,'Arm'),(674,'196gr5daon',81,1529.67,'Foot'),(675,'06dwzvvayb',60,1348.1,'Arm'),(676,'nl4v5zcv8t',95,1574.38,'Chest'),(677,'z8kctp88sv',73,1560.31,'Arm'),(678,'s5osu7ej4q',34,1580.51,'Chest'),(679,'s0fjntyeq2',66,1527.36,'Chest'),(680,'d5muw5e35o',84,1527.65,'Hand'),(681,'eu2jt5q4n5',87,1377.2,'Hand'),(682,'82yi63e3yd',45,302.227,'Hand'),(683,'e30ftvtf41',117,671.369,'Hand'),(684,'jmki0bkx10',100,984.159,'Chest'),(685,'ngcszuvsw7',99,434.944,'Arm'),(686,'0kd5qrzwxk',91,735.723,'Chest'),(687,'zjmoqmwivj',53,989.679,'Foot'),(688,'zkhsrnin24',57,905.164,'Chest'),(689,'scp9aouwir',93,468.532,'Leg'),(690,'uoiib7fyae',89,430.326,'Leg'),(691,'7bf5j69kxj',76,450.312,'Arm'),(692,'a7dh2zf78x',77,621.109,'Hand'),(693,'cud1jndfhg',31,1640.06,'Arm'),(694,'0cbvee43yz',111,450.783,'Leg'),(695,'6wwnup05i3',115,1200.46,'Hand'),(696,'oz761t7mxt',111,674.966,'Leg'),(697,'en3ydvdi5m',114,1620.51,'Leg'),(698,'nmk2ttdniv',105,536.025,'Hand'),(699,'om5pibdfex',101,1496.07,'Leg'),(700,'r3x2wpem9v',36,1562.93,'Leg'),(701,'lrkz9x8b9u',38,439.944,'Chest'),(702,'88fuagp3l6',62,773.617,'Hand'),(703,'k8vhvdilh1',89,1419.5,'Leg'),(704,'02u0eqpuxv',38,589.695,'Chest'),(705,'ngqpwhosw4',113,1215.42,'Foot'),(706,'mmg39jfh10',78,785.238,'Chest'),(707,'qu3puke0bx',73,770.066,'Leg'),(708,'d7549143lz',55,451.337,'Leg'),(709,'15j00kzu5d',68,848.356,'Arm'),(710,'hrg9pc5xvj',71,626.817,'Chest'),(711,'vniz3foyyn',113,487.968,'Arm'),(712,'w75rlxk04e',47,390.269,'Arm'),(713,'dinc0h4pbu',95,237.095,'Chest'),(714,'jgv13mqatb',117,850.733,'Foot'),(715,'qhi8npzc1n',99,479.944,'Chest'),(716,'osdvpmcb38',87,1596.49,'Leg'),(717,'wh8ue1d71k',84,1527.19,'Foot'),(718,'3jou4xtxqz',34,1106.06,'Hand'),(719,'kmih4jchqb',81,371.273,'Arm'),(720,'uaomazipki',58,213.868,'Leg'),(721,'ox87v0ftl0',36,1520.53,'Leg'),(722,'i9pppw8r2l',108,463.108,'Arm'),(723,'pe4ltaqf8y',97,1617.84,'Foot'),(724,'78lzbrlk5s',96,539.687,'Hand'),(725,'g59kehfhnk',78,1308.55,'Chest'),(726,'93vht2sxp2',111,1633.21,'Hand'),(727,'uzy23uiixc',109,1380.5,'Chest'),(728,'fc9btlrtj2',80,212.069,'Arm'),(729,'fv9m4tozll',104,168.675,'Hand'),(730,'pjihe7j158',61,702.808,'Leg'),(731,'hyj55c2418',63,164.86,'Arm'),(732,'jao9nc0bcn',86,1346.92,'Foot'),(733,'oyfl0to4iz',44,1054.14,'Foot'),(734,'khhk2vbehs',50,321.782,'Chest'),(735,'98548tmsvg',53,1194.38,'Foot'),(736,'lojjmyyx8v',69,807.961,'Foot'),(737,'4u7u3n2my0',42,1423.36,'Foot'),(738,'x0qoa1u2g9',82,625.662,'Leg'),(739,'6hc47qoez1',90,1254.99,'Chest'),(740,'pmkb998bp7',57,610.088,'Chest'),(741,'m7fvf265u8',69,946.286,'Foot'),(742,'ur3zjisked',75,1332.88,'Leg'),(743,'29zfxq17ql',101,910.384,'Leg'),(744,'0h743zxjp4',115,907.356,'Foot'),(745,'j5k70famsy',106,629.519,'Foot'),(746,'w3r6h9l3g2',63,1545.08,'Chest'),(747,'dy07ypymko',105,621.426,'Chest'),(748,'w6p0759rrk',88,1452.58,'Leg'),(749,'xh2r5zy4ww',67,434.389,'Arm'),(750,'bp1vps6xjl',42,945.491,'Hand'),(751,'uozgwd96rv',60,1270.41,'Foot'),(752,'fr4bph8ahn',72,1419.49,'Chest'),(753,'6ccc8glb9b',114,642.927,'Foot'),(754,'xuoxfam9p7',87,794.544,'Leg'),(755,'etowcxr2in',36,301.091,'Chest'),(756,'9ngzr25nsr',37,1480.82,'Foot'),(757,'u963y2krit',52,724.216,'Chest'),(758,'1i94sctdoe',92,1637.25,'Arm'),(759,'1nstun1k0s',72,513.138,'Foot'),(760,'2d4qrhj3x9',106,1355.46,'Arm'),(761,'3co5krwjjr',100,231.639,'Chest'),(762,'ttimkvef45',84,464.202,'Arm'),(763,'olgm5ym17o',84,514.596,'Leg'),(764,'12lz1xnc63',119,179.954,'Leg'),(765,'wpjiqzcq8i',33,419.986,'Foot'),(766,'rvrhodmae8',66,659.443,'Foot'),(767,'6lrkfidwai',100,619.151,'Arm'),(768,'yp2uh5g34l',104,1566.66,'Foot'),(769,'yjycpomf15',65,745.765,'Hand'),(770,'i3wtjytlqp',83,1156.77,'Arm'),(771,'do223f4ae5',96,607.51,'Foot'),(772,'zsdqx53nax',86,428.421,'Hand'),(773,'6gtmcnii4h',45,658.907,'Chest'),(774,'z8ieztk5jm',92,507.008,'Leg'),(775,'bbkqmyb2q5',68,1377.54,'Chest'),(776,'pyi59f320t',62,703.775,'Hand'),(777,'izc61r0110',32,908.318,'Hand'),(778,'9oa1qttksx',91,679.661,'Chest'),(779,'kcleeqos3c',87,450.905,'Foot'),(780,'pwahf1jlf4',105,1048.82,'Chest'),(781,'wsohn9nnwn',40,1639.59,'Hand'),(782,'ay1fszvmiz',90,854.604,'Hand'),(783,'25vm20o93o',41,1638.53,'Arm'),(784,'pz6a46xa0g',53,632.511,'Chest'),(785,'5leimoue2q',33,1038.7,'Chest'),(786,'cfax4o6i5v',32,293.668,'Leg'),(787,'nztazns7ke',82,412.983,'Leg'),(788,'qy9uxvj38o',109,1581.75,'Hand'),(789,'ayedevdk62',81,1346.19,'Foot'),(790,'xsi8arf0cm',81,1594.33,'Arm'),(791,'rh6w5wgrf8',97,1418.95,'Chest'),(792,'g29rwf3kw5',52,1517.36,'Hand'),(793,'ar42n4am70',108,453.245,'Arm'),(794,'0wg63w2g30',96,466.165,'Hand'),(795,'43yv61o4y4',69,929.942,'Arm'),(796,'7gv3fep04r',116,538.748,'Leg'),(797,'abmegme20o',36,344.465,'Leg'),(798,'jnmkia0dsk',109,1071.71,'Foot'),(799,'wuu9u3p1da',83,999.687,'Hand'),(800,'gblxact0m6',73,1181.92,'Chest'),(801,'pysspxjdrj',74,463.888,'Leg'),(802,'tbinoq40xe',76,197.528,'Foot'),(803,'0b0y4v2inf',111,1285.19,'Hand'),(804,'ahw0yhcapb',85,492.605,'Chest'),(805,'d823z1mu92',110,1011.42,'Hand'),(806,'b0ebln9yel',85,917.713,'Foot'),(807,'j7c93y3b3a',83,761.192,'Hand'),(808,'sa7wy8ftio',94,1174.02,'Arm'),(809,'t196u7kyjx',80,1578.11,'Chest'),(810,'pcc0epods3',48,659.65,'Arm'),(811,'wnngrmdd9g',77,515.822,'Chest'),(812,'6r3c9zvcno',75,1326.98,'Arm'),(813,'c4eeo5wc4q',36,771.26,'Leg'),(814,'jd4ditx2k5',64,1153.94,'Arm'),(815,'ca2js15yx3',95,1556.98,'Leg'),(816,'4mymk1uhfc',102,808.938,'Chest'),(817,'i7yyv8oxgn',78,664.811,'Leg'),(818,'0m5unmetmd',115,833.832,'Leg'),(819,'dcxzcoygrs',110,1004.52,'Foot'),(820,'sxnv8cxa53',65,942.314,'Hand'),(821,'dir3ephggk',61,1073.09,'Arm'),(822,'ozbcq2ef6c',107,1363.82,'Chest'),(823,'lnjbamlmil',86,335.67,'Hand'),(824,'rim9xxp3h6',86,1567.23,'Hand'),(825,'r2m67wg8ys',116,586.199,'Foot'),(826,'8hleqsr1q6',34,1343.3,'Foot'),(827,'4bn4e96z5a',94,702.558,'Chest'),(828,'xzgw2vtjmw',76,728.851,'Chest'),(829,'r1seldz08v',35,1230.76,'Chest'),(830,'8uujubtbwx',95,1216.05,'Hand'),(831,'mki564x71c',87,167.576,'Foot'),(832,'p5uftkfn0n',56,339.812,'Foot'),(833,'a1m0tkwb64',75,1461.78,'Foot'),(834,'epua30iurm',42,1403.36,'Arm'),(835,'rws0yhnrii',77,685.559,'Foot'),(836,'pfzlwjfs4m',43,645.667,'Arm'),(837,'a54xgcdh4f',108,397.159,'Chest'),(838,'p5kpm3owlh',64,1175.44,'Foot'),(839,'x9atm9pnsw',60,1174.83,'Leg'),(840,'a2b29nuicg',92,574.478,'Chest'),(841,'zi7505lyq1',106,411.381,'Hand'),(842,'wld2va4z58',113,1643.06,'Arm'),(843,'nthfjgxif',30,1062.19,'Leg'),(844,'jo168novzd',73,1172.37,'Leg'),(845,'8f4jy32tpa',104,1635.61,'Arm'),(846,'zzlsq3jqdu',76,657.793,'Leg'),(847,'oixeec8kge',87,196.347,'Foot'),(848,'xl4l80hxgy',33,983.446,'Leg'),(849,'9qgufrb6fy',70,939.126,'Leg'),(850,'6s14fulf9o',91,592.48,'Arm'),(851,'846fxnvcrm',59,303.348,'Leg'),(852,'b6cihfpwv1',40,906.047,'Arm'),(853,'em4s5169lj',47,593.528,'Foot'),(854,'h7b3dhqst9',74,251.998,'Foot'),(855,'424mu8pgaj',80,1411.68,'Foot'),(856,'jrnkbesh7h',34,766.961,'Leg'),(857,'tkkk0t1gt5',106,272.206,'Hand'),(858,'uak2iaahvr',107,709.368,'Arm'),(859,'aw4iiyfcgm',100,463.339,'Leg'),(860,'vadhxm4ie7',50,876.72,'Hand'),(861,'g2hmmvp3mn',46,216.393,'Foot'),(862,'nel0d14hln',109,367.4,'Foot'),(863,'b1gvgon7lf',67,1356.68,'Chest'),(864,'d4cilh14zk',111,1578.21,'Chest'),(865,'rswmp80ogb',119,1468.52,'Chest'),(866,'552i4lnv7y',76,1029.07,'Chest'),(867,'i9uols8dm1',57,1555.54,'Hand'),(868,'fcjvqk2iui',51,762.454,'Chest'),(869,'46ympswls2',110,263.837,'Leg'),(870,'6yrlx781yk',103,1410.52,'Hand'),(871,'cjg8z1j5yf',117,1291.78,'Foot'),(872,'844e5vlvx1',92,1500.93,'Arm'),(873,'o3ygagfs77',38,1119.51,'Foot'),(874,'2v8q5q4ewl',67,1356.87,'Hand'),(875,'yaoo959jej',98,1488.13,'Chest'),(876,'ksniltlxnk',37,509.388,'Leg'),(877,'hh6f19qbx9',108,946.826,'Chest'),(878,'6owezqignt',112,1142.94,'Foot'),(879,'e0czztqe1g',106,1619.17,'Hand'),(880,'nmzl11narf',114,343.224,'Chest'),(881,'2cl9b9ivi6',85,1472.44,'Foot'),(882,'8i90uk16zk',62,366.813,'Hand'),(883,'zg28euv5h6',78,269.154,'Arm'),(884,'8ik2ard62d',42,1106.09,'Foot'),(885,'sglez5v07n',98,346.956,'Foot'),(886,'hgiu2ijhe7',54,941.971,'Chest'),(887,'lkyr50ymz5',40,794.867,'Foot'),(888,'nbm73y7ghb',95,547.508,'Chest'),(889,'o0s851rjli',85,1194.07,'Hand'),(890,'mt4tlbs1n7',91,190.946,'Chest'),(891,'lst97uo5a8',44,1032.87,'Chest'),(892,'s7y04myyy5',55,1215.52,'Hand'),(893,'bz3jf333fj',69,835.854,'Leg'),(894,'pb2houg5uo',59,1021.77,'Chest'),(895,'z070erk6k9',76,562.91,'Hand'),(896,'x2nuk3w6g6',56,488.651,'Hand'),(897,'tbbnz0xbiz',96,524.553,'Hand'),(898,'q5j3qapptm',109,1484.3,'Hand'),(899,'3cogqkd0le',97,1481.97,'Leg'),(900,'ep0lx6r3x7',119,1600.59,'Chest'),(901,'vhlytfnjit',73,1279.44,'Leg'),(902,'sgdhm1wfgx',93,1109,'Leg'),(903,'a14manq58l',90,195.679,'Arm'),(904,'cj824emn7h',76,1168.81,'Hand'),(905,'vk6faonnq7',119,537.482,'Foot'),(906,'a1uu3nap9k',89,1436.97,'Leg'),(907,'9eefnch6wa',64,574.676,'Foot'),(908,'pcxhtd4kb8',43,1195.85,'Leg'),(909,'i26usgi3jq',113,672.593,'Leg'),(910,'ejeefkql8p',75,1323.96,'Chest'),(911,'hzsbgiyi46',50,663.656,'Foot'),(912,'vuhoj29omg',92,189.582,'Foot'),(913,'wzh6lepq4e',63,243.312,'Arm'),(914,'458g6qxm06',57,1648.61,'Arm'),(915,'qsdczpjzyn',68,891.878,'Leg'),(916,'2t5co68upd',87,398.295,'Hand'),(917,'zapd4g1ev3',91,528.2,'Foot'),(918,'j2spw7io84',98,1645.88,'Chest'),(919,'menescn0sb',48,877.574,'Chest'),(920,'u0mdl9e2e5',115,440.654,'Arm'),(921,'8w8v7tm80j',99,1210.34,'Hand'),(922,'ounjn5xjfd',67,158.998,'Leg'),(923,'cdp2te205e',115,1591.74,'Foot'),(924,'e3q5i6pv7u',66,888.156,'Arm'),(925,'8cgvu53lrk',34,741.702,'Hand'),(926,'ts93snaomo',52,1055.17,'Arm'),(927,'qkwgakkxyw',42,1369.61,'Chest'),(928,'u668l98vha',91,663.344,'Foot'),(929,'xmw7rshvez',99,1318.97,'Chest'),(930,'vt25j7ob67',65,150.174,'Leg'),(931,'f8zg16scnf',42,870.254,'Chest'),(932,'dg1iand7o3',78,565.269,'Leg'),(933,'539r5fd9fl',33,690.28,'Hand'),(934,'bwdz0acpml',61,1153.18,'Leg'),(935,'n5nda4nub5',46,1285.96,'Chest'),(936,'q8ekvd4gxb',102,312.413,'Foot'),(937,'6lqlytd85t',40,1346.51,'Chest'),(938,'hyzo0kr9ga',46,1375.02,'Foot'),(939,'iguwx6dqlc',119,619.031,'Leg'),(940,'2fot3ig81a',33,353.837,'Foot'),(941,'47lf3jgfio',71,909.084,'Leg'),(942,'n6az3nuwbv',111,316.703,'Hand'),(943,'fhfcmn0m7b',68,991.955,'Foot'),(944,'tq2axsa7ui',53,286.28,'Hand'),(945,'p9bc165hwl',104,900.816,'Foot'),(946,'syanatiwyc',54,483.471,'Hand'),(947,'dw14zm8d71',39,529.53,'Leg'),(948,'bx50gbwhks',54,838.584,'Hand'),(949,'v1tpo8wm30',75,282.767,'Chest'),(950,'ep8s8pr1a8',71,634.945,'Arm'),(951,'1xlsg44adg',42,1515.57,'Arm'),(952,'plvnw1qavs',57,852.401,'Arm'),(953,'en44hgijdv',109,744.386,'Chest'),(954,'6rrafssfzu',54,345.779,'Arm'),(955,'c1lnqc3uhk',47,1372.64,'Foot'),(956,'0nrfbhzoyo',91,543.944,'Arm'),(957,'kti3lso5rs',57,689.3,'Chest'),(958,'o1zhrqkgth',44,1630.12,'Chest'),(959,'gzvllshewo',75,1250.75,'Chest'),(960,'4u7fi1pjm0',44,1378.71,'Arm'),(961,'akg01vlc2s',69,187.211,'Foot'),(962,'8euspo1yq0',117,905.241,'Foot'),(963,'6afbl3xib6',42,1618.42,'Arm'),(964,'h37t4xlca8',106,1316.92,'Chest'),(965,'zrdoiw5tcw',42,637.454,'Hand'),(966,'p17hmm4vtw',48,972.252,'Chest'),(967,'m7z06xaatv',99,1074.88,'Leg'),(968,'pr93o1vha2',103,1531.74,'Chest'),(969,'qhnme4e558',110,1371.47,'Hand'),(970,'0x3dif7ehm',46,593.019,'Chest'),(971,'4keeui7pw5',90,1131.21,'Leg'),(972,'8y6j734sjk',76,716.324,'Foot'),(973,'pxkh0zsp3n',114,438.461,'Leg'),(974,'i3s65dw16m',116,370.549,'Leg'),(975,'zqqkhmdbnn',47,186.755,'Foot'),(976,'th0z9wdsn4',113,1226.93,'Foot'),(977,'8k7fq3x5z1',86,357.691,'Hand'),(978,'hkgygkijhy',38,547.16,'Foot'),(979,'33azwmyrwk',110,403.348,'Leg'),(980,'1skfb6i8ob',118,1159.22,'Chest'),(981,'a1xvjvwg38',93,592.607,'Foot'),(982,'jiq6rib8za',74,1121.69,'Hand'),(983,'67jwq6cvpf',34,1314.76,'Chest'),(984,'vtxcmmaxpw',50,264.606,'Chest'),(985,'i2zwndzp8i',65,991.327,'Foot'),(986,'7pjyez0vqs',104,1479.15,'Chest'),(987,'sa5962fkmp',102,1362.21,'Hand'),(988,'1bj0cayyfw',101,1562.45,'Chest'),(989,'cvmdfe6dul',54,220.382,'Leg'),(990,'uas3s6tmuy',75,701.086,'Leg'),(991,'k7yxyvm03m',32,699.073,'Leg'),(992,'a1qncwnb1c',103,1507.58,'Chest'),(993,'13ymtbzmx7',84,1428.77,'Chest'),(994,'8rdyahw3uz',39,942.964,'Chest'),(995,'kpom9mh7zf',44,854.411,'Foot'),(996,'8yngh0muvm',79,186.242,'Hand'),(997,'1s8ul936vd',96,853.277,'Leg'),(998,'7788lf2rxq',95,1135.85,'Leg'),(999,'zq4wb2pbta',34,845.301,'Arm'),(1000,'swolly mamoth',60,332.4,'back'),(1001,'leg day',90,400,'Leg'),(1002,'cardio',45,500,'Leg'),(1003,'arm destruction',75,200,'Arm'),(1004,'eight hour arm workout',480,900,'Arm'),(1005,'x5dnvzwq3t workout',30,100,'x5dnvzwq3t'),(1006,'x5dnvzwq3t workout',30,100,'x5dnvzwq3t'),(1007,'x5dnvzwq3t workout',30,100,'x5dnvzwq3t'),(1008,'x5dnvzwq3t workout',30,100,'x5dnvzwq3t'),(1009,'x5dnvzwq3t workout',30,100,'x5dnvzwq3t');
/*!40000 ALTER TABLE `workout` ENABLE KEYS */;
UNLOCK TABLES;

--
-- Table structure for table `works`
--

DROP TABLE IF EXISTS `works`;
/*!40101 SET @saved_cs_client     = @@character_set_client */;
/*!50503 SET character_set_client = utf8mb4 */;
CREATE TABLE `works` (
  `user_id` int NOT NULL,
  `workout_id` int NOT NULL,
  PRIMARY KEY (`user_id`,`workout_id`),
  KEY `workout_id` (`workout_id`),
  CONSTRAINT `works_ibfk_1` FOREIGN KEY (`user_id`) REFERENCES `user` (`user_id`),
  CONSTRAINT `works_ibfk_2` FOREIGN KEY (`workout_id`) REFERENCES `workout` (`workout_id`)
) ENGINE=InnoDB DEFAULT CHARSET=utf8mb4 COLLATE=utf8mb4_0900_ai_ci;
/*!40101 SET character_set_client = @saved_cs_client */;

--
-- Dumping data for table `works`
--

LOCK TABLES `works` WRITE;
/*!40000 ALTER TABLE `works` DISABLE KEYS */;
INSERT INTO `works` VALUES (317,0),(478,3),(33,6),(140,6),(355,8),(229,9),(327,9),(294,11),(804,12),(605,13),(695,14),(44,15),(311,15),(991,15),(794,17),(190,19),(879,20),(435,22),(994,22),(895,24),(299,25),(529,25),(30,26),(687,26),(186,29),(969,30),(708,31),(406,32),(429,33),(244,36),(837,36),(206,37),(615,40),(716,40),(949,40),(482,41),(823,42),(402,43),(533,43),(784,43),(624,44),(235,46),(812,46),(37,47),(662,47),(550,48),(840,48),(102,49),(479,49),(687,51),(499,52),(302,53),(558,53),(983,53),(9,54),(678,58),(648,60),(657,60),(973,61),(245,63),(741,63),(449,64),(720,64),(30,68),(598,68),(631,68),(658,69),(345,70),(684,70),(77,72),(91,72),(391,72),(206,73),(993,76),(164,81),(260,82),(151,83),(21,84),(37,84),(128,84),(45,85),(123,86),(499,86),(442,87),(652,87),(769,87),(896,88),(656,89),(813,89),(656,91),(330,93),(669,94),(649,95),(595,97),(870,97),(24,98),(563,98),(77,99),(974,100),(502,102),(277,103),(364,106),(819,106),(340,107),(742,107),(80,108),(346,108),(690,110),(803,112),(379,113),(412,113),(453,114),(868,114),(31,115),(448,116),(735,116),(989,117),(394,120),(940,120),(210,122),(755,122),(28,125),(209,128),(397,128),(931,129),(100,132),(742,134),(382,136),(720,136),(844,138),(377,139),(355,140),(773,140),(179,141),(134,142),(739,142),(867,142),(508,143),(740,143),(895,144),(961,145),(138,148),(832,148),(905,148),(514,150),(625,151),(22,152),(213,154),(899,154),(556,156),(706,156),(375,157),(295,158),(577,158),(593,158),(687,158),(961,158),(82,159),(279,161),(338,162),(526,163),(470,164),(943,164),(483,165),(611,167),(612,167),(991,168),(30,169),(181,170),(437,170),(758,170),(166,171),(339,171),(652,171),(876,172),(21,173),(637,174),(264,176),(13,178),(601,178),(972,179),(973,180),(763,181),(441,182),(887,182),(345,183),(686,184),(712,187),(521,189),(197,191),(51,192),(283,193),(329,195),(181,196),(59,197),(233,197),(422,198),(648,199),(895,201),(475,203),(610,203),(436,204),(555,205),(12,206),(813,207),(305,208),(332,209),(507,210),(715,210),(126,212),(549,212),(575,213),(930,213),(180,215),(370,215),(236,217),(524,218),(914,218),(455,219),(296,220),(177,221),(753,221),(377,223),(382,223),(108,224),(607,224),(784,226),(69,227),(945,227),(803,229),(19,231),(406,231),(575,231),(644,233),(677,234),(811,234),(391,235),(935,235),(675,237),(866,239),(456,240),(920,240),(567,241),(824,243),(418,245),(869,245),(879,245),(618,246),(963,246),(648,250),(233,251),(639,252),(645,252),(92,254),(781,255),(128,258),(200,259),(659,259),(974,260),(113,261),(567,261),(697,261),(908,261),(1,263),(71,263),(520,263),(114,264),(507,266),(346,270),(536,271),(659,272),(835,273),(78,274),(360,274),(81,279),(963,279),(998,280),(625,281),(897,282),(421,283),(929,283),(114,286),(673,287),(747,287),(853,287),(938,290),(162,291),(315,291),(866,292),(492,293),(177,294),(680,294),(793,294),(921,294),(583,296),(546,297),(322,300),(904,303),(603,306),(333,308),(470,309),(473,309),(766,312),(100,313),(64,314),(900,315),(387,316),(999,319),(123,320),(443,322),(931,323),(78,324),(342,325),(110,326),(836,327),(167,328),(216,328),(969,328),(489,330),(112,331),(587,331),(601,331),(918,332),(18,334),(881,334),(819,335),(393,337),(583,337),(374,338),(126,340),(907,340),(859,341),(874,341),(842,342),(384,343),(400,344),(539,344),(288,345),(195,346),(708,346),(295,347),(455,347),(144,349),(198,350),(657,350),(942,350),(243,351),(876,351),(362,352),(513,352),(218,353),(227,358),(914,359),(19,360),(763,360),(91,363),(285,363),(32,364),(735,364),(329,365),(742,365),(603,370),(779,370),(45,374),(282,374),(541,374),(881,375),(723,376),(15,377),(730,379),(460,380),(665,380),(879,381),(540,382),(10,384),(595,384),(107,385),(327,385),(129,387),(551,388),(980,388),(69,390),(111,390),(140,390),(647,391),(117,392),(76,393),(330,395),(230,396),(995,399),(729,401),(99,402),(716,402),(579,403),(500,405),(616,405),(146,406),(391,406),(934,407),(523,408),(827,409),(620,410),(865,410),(899,410),(290,412),(731,412),(834,413),(853,414),(22,415),(195,415),(251,416),(161,417),(352,420),(387,420),(422,421),(835,421),(885,421),(899,421),(88,424),(315,424),(979,424),(93,425),(689,425),(3,426),(852,427),(801,429),(796,431),(382,432),(678,433),(697,433),(804,437),(346,438),(642,438),(266,439),(918,442),(115,444),(474,446),(371,447),(446,450),(610,450),(231,451),(913,452),(136,453),(756,454),(858,454),(819,460),(511,462),(362,464),(244,465),(123,469),(246,469),(215,470),(49,471),(689,472),(343,473),(507,473),(531,473),(75,474),(260,474),(654,476),(286,478),(307,478),(327,479),(99,481),(427,482),(605,483),(904,483),(644,487),(712,487),(982,487),(105,489),(924,491),(734,492),(873,492),(337,494),(931,495),(589,499),(27,500),(708,500),(808,501),(310,502),(30,506),(431,507),(465,507),(935,508),(509,509),(548,511),(743,511),(961,511),(394,512),(406,513),(864,514),(490,516),(40,517),(63,519),(297,520),(619,520),(593,522),(258,523),(402,526),(735,526),(261,528),(896,528),(70,529),(249,529),(828,531),(884,533),(455,536),(159,537),(408,537),(839,539),(850,539),(708,540),(33,541),(699,542),(28,543),(153,544),(350,546),(965,548),(318,549),(559,549),(964,549),(978,549),(753,550),(506,551),(147,552),(250,552),(969,553),(810,554),(435,556),(753,556),(265,557),(294,557),(172,558),(107,559),(661,559),(87,561),(98,562),(521,562),(701,563),(47,564),(215,564),(316,564),(476,564),(552,565),(347,566),(741,567),(264,568),(228,569),(827,569),(653,570),(960,570),(744,572),(843,572),(713,574),(189,575),(995,576),(35,578),(62,579),(871,579),(599,580),(523,581),(898,581),(142,583),(645,583),(692,583),(427,584),(708,584),(909,584),(278,585),(822,586),(666,587),(840,588),(202,590),(751,590),(279,592),(320,592),(594,594),(692,594),(396,595),(195,596),(239,596),(233,598),(429,598),(117,599),(307,601),(888,601),(115,604),(394,604),(553,606),(783,606),(768,607),(601,611),(861,611),(956,611),(155,613),(611,613),(369,614),(977,614),(693,615),(882,615),(557,616),(671,616),(639,617),(698,617),(366,620),(988,620),(787,622),(351,623),(729,624),(965,624),(501,626),(681,628),(405,629),(39,631),(912,633),(110,634),(358,638),(407,638),(20,639),(928,640),(148,641),(228,641),(210,642),(442,642),(328,645),(619,645),(384,647),(578,649),(280,651),(383,651),(466,651),(345,652),(40,653),(283,654),(220,658),(882,659),(324,661),(405,663),(495,663),(734,664),(948,667),(163,668),(943,668),(264,670),(522,670),(297,671),(93,672),(272,674),(693,676),(172,677),(179,677),(857,677),(888,679),(511,680),(660,682),(830,682),(200,683),(926,683),(978,683),(116,684),(513,684),(352,685),(30,686),(716,689),(823,689),(922,689),(633,690),(738,690),(867,690),(1,691),(286,691),(745,693),(953,693),(319,696),(33,698),(459,701),(770,701),(127,702),(537,702),(840,702),(12,705),(292,705),(840,705),(887,705),(76,706),(212,706),(412,707),(416,707),(824,707),(623,710),(957,710),(180,711),(0,713),(609,713),(627,713),(53,714),(500,714),(943,714),(910,715),(882,716),(141,717),(370,717),(987,717),(497,719),(762,719),(216,720),(564,721),(865,722),(987,722),(813,724),(886,724),(619,726),(634,727),(943,727),(501,728),(389,729),(643,729),(176,730),(932,730),(177,731),(597,731),(927,731),(239,732),(308,734),(132,736),(519,738),(916,738),(242,739),(341,739),(651,740),(1,741),(6,741),(230,742),(445,743),(818,743),(238,744),(282,745),(662,745),(482,746),(407,747),(436,747),(211,748),(805,748),(83,749),(487,749),(705,754),(310,755),(714,757),(477,758),(919,759),(421,761),(852,766),(778,767),(913,768),(319,769),(502,769),(568,769),(628,770),(768,772),(836,772),(616,773),(409,775),(763,778),(302,781),(604,782),(456,783),(35,784),(226,785),(238,785),(240,785),(286,785),(733,786),(941,787),(46,788),(50,789),(929,789),(88,790),(447,790),(779,791),(126,792),(248,792),(565,794),(621,795),(354,796),(148,797),(42,799),(853,799),(785,800),(102,801),(207,801),(634,801),(323,802),(654,802),(549,803),(272,804),(464,804),(118,805),(822,806),(915,806),(81,807),(146,811),(587,811),(632,811),(710,811),(34,812),(827,813),(15,815),(336,815),(407,816),(419,816),(470,816),(762,816),(247,817),(94,818),(40,819),(237,822),(159,823),(856,824),(519,825),(813,825),(177,827),(233,827),(712,828),(55,830),(38,831),(141,831),(944,832),(79,834),(393,835),(589,835),(688,835),(756,835),(765,836),(848,837),(657,838),(788,838),(963,838),(426,839),(907,839),(382,840),(144,841),(438,844),(604,844),(294,845),(439,847),(442,847),(18,848),(544,848),(846,849),(616,851),(863,853),(657,854),(92,855),(275,856),(587,857),(766,857),(307,859),(853,859),(109,860),(129,860),(751,863),(454,868),(246,869),(407,869),(705,869),(219,870),(819,872),(504,874),(616,874),(901,875),(638,877),(967,877),(907,878),(89,879),(229,879),(833,879),(913,879),(689,880),(380,881),(536,881),(596,881),(690,881),(585,884),(307,886),(829,887),(920,887),(700,889),(4,890),(803,890),(796,891),(962,891),(587,892),(991,895),(238,897),(152,898),(344,898),(971,899),(732,900),(419,903),(478,904),(620,904),(271,905),(366,905),(257,906),(499,906),(651,913),(824,915),(917,916),(821,917),(233,918),(658,918),(820,918),(926,918),(935,918),(269,920),(310,921),(548,922),(277,923),(700,924),(585,925),(950,925),(278,926),(774,926),(245,927),(437,927),(598,929),(316,930),(465,930),(310,931),(771,931),(963,931),(297,932),(82,933),(955,934),(731,936),(615,937),(677,937),(238,940),(316,941),(516,941),(603,941),(882,941),(121,942),(298,942),(301,943),(467,943),(311,944),(846,945),(970,945),(458,946),(757,947),(489,948),(4,950),(38,950),(419,950),(371,951),(363,952),(884,952),(959,952),(567,954),(611,956),(886,956),(680,957),(856,957),(968,957),(129,958),(44,962),(627,962),(866,964),(545,965),(377,966),(603,966),(78,967),(409,968),(433,968),(315,969),(266,970),(321,971),(937,971),(163,973),(449,973),(527,973),(529,974),(783,981),(871,981),(987,981),(39,982),(713,986),(506,988),(656,988),(322,989),(814,989),(669,992),(923,993),(49,994),(915,994),(86,996),(555,997),(410,999),(1000,1000),(1004,1000),(1002,1001),(1001,1003),(1002,1004),(1004,1004),(1002,1005),(1001,1006),(8,1007),(8,1008),(45,1009);
/*!40000 ALTER TABLE `works` ENABLE KEYS */;
UNLOCK TABLES;

--
-- Dumping events for database 'swole'
--

--
-- Dumping routines for database 'swole'
--
/*!40103 SET TIME_ZONE=@OLD_TIME_ZONE */;

/*!40101 SET SQL_MODE=@OLD_SQL_MODE */;
/*!40014 SET FOREIGN_KEY_CHECKS=@OLD_FOREIGN_KEY_CHECKS */;
/*!40014 SET UNIQUE_CHECKS=@OLD_UNIQUE_CHECKS */;
/*!40101 SET CHARACTER_SET_CLIENT=@OLD_CHARACTER_SET_CLIENT */;
/*!40101 SET CHARACTER_SET_RESULTS=@OLD_CHARACTER_SET_RESULTS */;
/*!40101 SET COLLATION_CONNECTION=@OLD_COLLATION_CONNECTION */;
/*!40111 SET SQL_NOTES=@OLD_SQL_NOTES */;

-- Dump completed on 2022-12-05 18:38:47
